fns_record_id,store_name,store_type,street_address,city,borough,zip_code,county,state,latitude,longitude
961466,Steinway Deli Mart Inc.,Convenience Store,2079 Steinway St,Astoria,Queens,11105,QUEENS,NY,40.7747,-73.90358
1534952,Astoria Town Deli Grocery Corp,Convenience Store,24-20 Ditmars Blvd,Astoria,Queens,11105,QUEENS,NY,40.77877,-73.91468
1649683,Optom Uz Halal Inc,Convenience Store,6710 Bay Pkwy,Brooklyn,Brooklyn,11204,KINGS,NY,40.612598,-73.982994
1205975,Sea & Salt Seafood Corp,Other,15 E 170th St,Bronx,Bronx,10452,BRONX,NY,40.840118,-73.917038
1351782,7-Eleven 35050J,Convenience Store,2229 31st St,Astoria,Queens,11105,QUEENS,NY,40.775375,-73.911362
1649041,Mena Grocery Inc,Convenience Store,8820 95th Ave,Ozone Park,Queens,11416,QUEENS,NY,40.685551,-73.852615
1623862,Alz Campus Deli Corp,Grocery Store,1622 Amsterdam Ave,New York,Manhattan,10031,NEW YORK,NY,40.822037,-73.95018
1632604,Lai Lai Mini Market & Discount Inc,Grocery Store,4520 Broadway,New York,Manhattan,10040,NEW YORK,NY,40.858467,-73.931503
1656807,Stop Deli And Grocery 1 Corp,Convenience Store,3929 Baychester Ave,Bronx,Bronx,10466,BRONX,NY,40.889297,-73.842484
1648875,Start Fresh Deli Corp,Convenience Store,4188 Barnes Ave,Bronx,Bronx,10466,BRONX,NY,40.892178,-73.854485
1627097,Hyatt Bagel Cafe,Convenience Store,9 Hyatt St,Staten Island,Staten Island,10301,RICHMOND,NY,40.64222,-74.076805
1652583,Jerome's Belly Deli Inc.,Grocery Store,1177 Jerome Ave,Bronx,Bronx,10452,BRONX,NY,40.835751,-73.923233
940883,Leena of NY Inc. d/b/a New Mart,Grocery Store,22112 Horace Harding Expy,Oakland Gardens,Queens,11364,QUEENS,NY,40.749046,-73.755783
1658209,Fordham Fruits & Vegetables Inc,Grocery Store,2450 Creston Ave,Bronx,Bronx,10468,BRONX,NY,40.86187,-73.898483
1274461,1086 Luna Deli Grocery Corp,Convenience Store,1086 Boston Rd,Bronx,Bronx,10456,BRONX,NY,40.826992,-73.905029
943381,635 Gourmet Express Deli Inc,Convenience Store,635 E 169th St,Bronx,Bronx,10456,BRONX,NY,40.831478,-73.901283
1625543,Luz Vegetable Fruit & Grocery LLC,Grocery Store,350A E 204th St,Bronx,Bronx,10467,BRONX,NY,40.871948,-73.877792
1621717,Mace Deli & Grill Inc,Convenience Store,2500 White Plains Rd,Bronx,Bronx,10467,BRONX,NY,40.863407,-73.867218
1627582,7 Eleven Store #32653c,Convenience Store,1252 Forest Ave,Staten Island,Staten Island,10302,RICHMOND,NY,40.625889,-74.131821
1626931,East Tremont New York Grill House Corp.,Convenience Store,1057 E Tremont Ave,Bronx,Bronx,10460,BRONX,NY,40.840412,-73.879417
1626393,Brwnsvile Gourmet Deli Inc.,Convenience Store,469 East 98th St,Brooklyn,Brooklyn,11212,KINGS,NY,40.65723,-73.914047
1616244,Modega Inc.,Convenience Store,101 Albemarle Rd,Brooklyn,Brooklyn,11218,KINGS,NY,40.645264,-73.979698
1630480,Mi Pueblito,Other,3916 104th St,Corona,Queens,11368,QUEENS,NY,40.75042,-73.862114
1631672,WZ Real Life,Grocery Store,133-51 41st Rd,Flushing,Queens,11355,QUEENS,NY,40.757362,-73.829834
1624828,Jiajia Grocery Inc,Grocery Store,5522 7th Ave,Brooklyn,Brooklyn,11220,KINGS,NY,40.639297,-74.009407
1627648,W.E.A.M Fruit & Vegetables,Grocery Store,3822 E Tremont Ave,Bronx,Bronx,10465,BRONX,NY,40.824623,-73.820557
1622800,City Line Fruits And Vegetables,Grocery Store,4710 White Plains Rd,Bronx,Bronx,10470,BRONX,NY,40.903816,-73.849808
1617839,Asha Grocery & Halal Meat Inc.,Grocery Store,3110 Bainbridge Ave,Bronx,Bronx,10467,BRONX,NY,40.87397,-73.87915
1630350,America's Natural Food,Other,46 Trinity Pl,New York,Manhattan,10006,NEW YORK,NY,40.707623,-74.013252
1633468,California Grill And Deli Corp,Convenience Store,1348B Amsterdam Ave,New York,Manhattan,10027,NEW YORK,NY,40.814056,-73.955994
1619594,Munchies Deli I,Convenience Store,500 Baychester Ave,Bronx,Bronx,10475,BRONX,NY,40.869228,-73.831543
1627029,Metro North Market Deli Inc,Grocery Store,1944 1st Ave,New York,Manhattan,10029,NEW YORK,NY,40.786095,-73.942421
1623069,151 Deli & Grocery Corp,Convenience Store,615 Melrose Ave,Bronx,Bronx,10455,BRONX,NY,40.817669,-73.917229
1633701,Amani Halal Meat Market Corp,Grocery Store,705 Rhinelander Ave,Bronx,Bronx,10462,BRONX,NY,40.84771,-73.86657
1623184,Green Apple,Convenience Store,2197 White Plains Rd,Bronx,Bronx,10462,BRONX,NY,40.857548,-73.867714
1625129,Tex Mex Deli & Grocery 1 Corp,Grocery Store,2311 Westchester Avenue,Bronx,Bronx,10462,BRONX,NY,40.835999,-73.847916
1633529,Dan's Quick Stop,Convenience Store,80 E 116th St,New York,Manhattan,10029,NEW YORK,NY,40.799328,-73.943665
1633408,Agramonte Grocery Store Corp.,Convenience Store,1208 Stratford Ave,Bronx,Bronx,10472,BRONX,NY,40.829697,-73.875488
1633702,Metro Cafe & Grill Corp,Convenience Store,1965 1st Ave,New York,Manhattan,10029,NEW YORK,NY,40.786598,-73.94236
1622120,Las 3's R Deli Grocery Corp.,Other,1001 East 167th Street,Bronx,Bronx,10459,BRONX,NY,40.826912,-73.889587
1631762,90-47 Deli Grocery Corp,Convenience Store,9047 149th St,Jamaica,Queens,11435,QUEENS,NY,40.702187,-73.805519
1630239,Bay Best Deli Inc.,Convenience Store,680 Bay St,Staten Island,Staten Island,10304,RICHMOND,NY,40.625477,-74.075111
1654353,Coastline Fish I'm Blue,Specialty Store,270 Marcus Garvey Blvd,Brooklyn,Brooklyn,11221,KINGS,NY,40.687614,-73.939812
1623860,Briella Deli & Grocery Corp,Convenience Store,1420 Grand Concourse,Bronx,Bronx,10456,BRONX,NY,40.839405,-73.912979
1626806,Parsons Halal Meat & Mini Supermarket,Grocery Store,83-39 Parsons Blvd,Jamaica,Queens,11432,QUEENS,NY,40.714638,-73.807182
1624790,Ez Double Discounter Corp.,Convenience Store,1207 White Plains Rd,Bronx,Bronx,10472,BRONX,NY,40.830715,-73.861923
1625232,5B Deli & Grocery Corp,Convenience Store,100 Thayer St,New York,Manhattan,10040,NEW YORK,NY,40.864594,-73.927925
1627935,Covert Food Corp,Convenience Store,830 Knickerbocker Ave,Brooklyn,Brooklyn,11207,KINGS,NY,40.691967,-73.90657
1646609,719 Brothers Famous Deli Corp,Convenience Store,719 9th Avenue,New York,Manhattan,10019,NEW YORK,NY,40.76284,-73.989639
1122671,I & C Meat Market Inc,Grocery Store,541 E 183rd St,Bronx,Bronx,10458,BRONX,NY,40.854511,-73.891571
1360467,1605 Grocery And Deli Market Corp.,Grocery Store,1605 Inwood Ave,Bronx,Bronx,10452,BRONX,NY,40.845749,-73.915222
1633918,Ferrera Deli Grocery Corp,Grocery Store,2381 Valentine Ave,Bronx,Bronx,10458,BRONX,NY,40.859043,-73.897423
418605,Don Juan Deli & Grocery,Convenience Store,110 Forsyth St,New York,Manhattan,10002,NEW YORK,NY,40.71899,-73.992409
1628454,Guy R Deli & Grill Corp.,Convenience Store,10902 Guy r Brewer Blvd,Jamaica,Queens,11433,QUEENS,NY,40.694809,-73.790123
1637876,174th Grand Foodmart Corp,Convenience Store,1645 Grand Ave,Bronx,Bronx,10453,BRONX,NY,40.847061,-73.91526
1635344,Fruit Bin Corp,Grocery Store,3488 Jerome Ave,Bronx,Bronx,10467,BRONX,NY,40.882313,-73.881439
1630643,Emdad Supermarket Grocery Inc/DBA:Emdad Sprmkt,Grocery Store,1206 Liberty Ave,Brooklyn,Brooklyn,11208,KINGS,NY,40.678902,-73.864639
1625136,Bergen Deli Market Corp.,Convenience Store,125 Kingston Ave,Brooklyn,Brooklyn,11213,KINGS,NY,40.675522,-73.941483
1631068,All Natural Market & Deli,Convenience Store,564 Bainbridge St,Brooklyn,Brooklyn,11233,KINGS,NY,40.6828,-73.914284
1632065,Ace Organic Deli Inc,Convenience Store,194 Hoyt St,Brooklyn,Brooklyn,11217,KINGS,NY,40.684429,-73.989388
1631498,Barakah Bazar Llc,Grocery Store,731 Burke Ave,Bronx,Bronx,10467,BRONX,NY,40.871574,-73.865547
1628664,Nostrand Mini Market Inc.,Convenience Store,818A Nostrand Ave,Brooklyn,Brooklyn,11216,KINGS,NY,40.670616,-73.950569
1638251,Island Deli Grill 2 Inc.,Convenience Store,860 Southern Blvd,Bronx,Bronx,10459,BRONX,NY,40.817856,-73.894386
1628902,Queen Deli Kitchen Inc,Convenience Store,3023 Church Ave,Brooklyn,Brooklyn,11226,KINGS,NY,40.650986,-73.948738
1640385,Best Farm Brooklyn Inc,Grocery Store,818 Flatbush Ave,Brooklyn,Brooklyn,11226,KINGS,NY,40.652683,-73.95945
1640377,Rincon Deli Grocery Corp,Convenience Store,2101 Cortelyou Rd,Brooklyn,Brooklyn,11226,KINGS,NY,40.643974,-73.958649
1384153,Soho #4 Way Deli Grocery Corp,Convenience Store,251 6th Ave,New York,Manhattan,10014,NEW YORK,NY,40.728748,-74.002708
1626911,Adam Deli Grocery Ii Corp.,Convenience Store,863 Flatbush Ave,Brooklyn,Brooklyn,11226,KINGS,NY,40.651108,-73.958725
1630356,125 Healthy Harvest And Organic Market Corp.,Convenience Store,205 W 125th St,New York,Manhattan,10027,NEW YORK,NY,40.809132,-73.94854
1640510,Clayton Deli Corp,Grocery Store,2175 Adam Clayton Powell Jr Blvd,New York,Manhattan,10027,NEW YORK,NY,40.811329,-73.946289
1632446,2526 Empire Food Discount Incorporated,Other,2526 Linden Blvd,Brooklyn,Brooklyn,11208,KINGS,NY,40.667114,-73.870461
1629033,El Molino Carniceria,Convenience Store,4204 Greenpoint Ave,Sunnyside,Queens,11104,QUEENS,NY,40.740444,-73.922768
1631795,Bob Marley Grocery Corp,Grocery Store,4063 Boston Rd,Bronx,Bronx,10466,BRONX,NY,40.885628,-73.829185
1632103,1975 In & Out Deli Corp,Convenience Store,19 W Tremont Ave,Bronx,Bronx,10453,BRONX,NY,40.852112,-73.910324
1636275,Abdo Grocery Corp,Other,16B E Gun Hill Rd,Bronx,Bronx,10467,BRONX,NY,40.882236,-73.880775
1421642,Taco Deli Spot Corp,Convenience Store,3411 36th Ave,Astoria,Queens,11106,QUEENS,NY,40.755363,-73.926521
1631078,601 E Fordham Petro Llc 601,Convenience Store,601 E Fordham Rd,Bronx,Bronx,10458,BRONX,NY,40.858658,-73.884689
1640908,C Jay Grocery Inc.,Convenience Store,2371 2nd Ave,New York,Manhattan,10035,NEW YORK,NY,40.800694,-73.935303
1628312,Organic Mini Market 1 Corp.,Convenience Store,203 E 121st St,New York,Manhattan,10035,NEW YORK,NY,40.801163,-73.937454
1625970,99› More or Less / Deals & Discounts,Grocery Store,115 Nagle Ave,New York,Manhattan,10040,NEW YORK,NY,40.860596,-73.92704
1625624,America Deli Mini Market Corp,Grocery Store,1663 Park Ave,New York,Manhattan,10035,NEW YORK,NY,40.80006,-73.94239
1634030,Easy Stop Shop,Convenience Store,1134 Castle Hill Ave,Bronx,Bronx,10462,BRONX,NY,40.83073,-73.850555
1630291,Nature Food Market Corp,Convenience Store,100 Cooper St,Brooklyn,Brooklyn,11207,KINGS,NY,40.686268,-73.908684
1393077,Aaa Plus Deli & Grill Inc,Convenience Store,10202 34th Ave,Corona,Queens,11368,QUEENS,NY,40.755573,-73.866081
1638057,Fresh And Fancy Corp,Other,285 Utica Ave,Brooklyn,Brooklyn,11213,KINGS,NY,40.668282,-73.931023
1627022,Tino's Deli Corp,Convenience Store,7120 Bay Pkwy,Brooklyn,Brooklyn,11204,KINGS,NY,40.610165,-73.985527
1625030,Zoe Deli Grocery Corp.,Convenience Store,481 Wales Ave,Bronx,Bronx,10455,BRONX,NY,40.81131,-73.907944
1633919,Intermex Produce Inc,Convenience Store,9818 37th Ave,Corona,Queens,11368,QUEENS,NY,40.752121,-73.868347
1630355,Organic Gourmet Deli And Grill Corporation 1,Convenience Store,3302 Church Ave,Brooklyn,Brooklyn,11203,KINGS,NY,40.650845,-73.946487
356116,RAGGUETTE & CHARLES INC,Grocery Store,5222 Church Ave,Brooklyn,Brooklyn,11203,KINGS,NY,40.65226,-73.92778
1388016,Olmeca Deli Grocery,Grocery Store,3229 Fulton St,Brooklyn,Brooklyn,11208,KINGS,NY,40.682594,-73.875946
1625339,Ely Mouna Inc,Convenience Store,3925 White Plains Rd,Bronx,Bronx,10466,BRONX,NY,40.886559,-73.861389
1626312,Eat Good Group Inc,Grocery Store,5816 7th Ave,Brooklyn,Brooklyn,11220,KINGS,NY,40.637707,-74.011063
1632510,Lianjiang Inc.,Grocery Store,5005 8th Ave,Brooklyn,Brooklyn,11220,KINGS,NY,40.640873,-74.003761
1631240,Quick Stop Convenience And Deli Inc,Convenience Store,1452 Myrtle Ave,Brooklyn,Brooklyn,11237,KINGS,NY,40.698875,-73.916725
1640361,Salcedo Supermarket Corp,Grocery Store,1318 Lafayette Ave,Bronx,Bronx,10474,BRONX,NY,40.816769,-73.886253
737275,HUNG KEE FOOD MARKET INC,Specialty Store,214 Canal St,New York,Manhattan,10013,NEW YORK,NY,40.71714,-73.999123
1626907,174 Day & Night Deli Grocery Corp,Convenience Store,985 E 174th St,Bronx,Bronx,10460,BRONX,NY,40.836514,-73.884796
1626496,Hoy Yao Mini Store Inc.,Convenience Store,323 Avenue X,Brooklyn,Brooklyn,11223,KINGS,NY,40.590595,-73.970963
1635789,Golden Citrus Market Inc,Grocery Store,752 Flatbush Ave,Brooklyn,Brooklyn,11226,KINGS,NY,40.654522,-73.959808
1264521,Baku Bakery,Convenience Store,1903 Avenue U,Brooklyn,Brooklyn,11229,KINGS,NY,40.599407,-73.9524
1625211,Mila Deli & Grocery Corp 1,Convenience Store,684 E 189th St,Bronx,Bronx,10458,BRONX,NY,40.856159,-73.883766
1630335,Taft Deli Corp,Other,1679 Madison Ave,New York,Manhattan,10029,NEW YORK,NY,40.796944,-73.946892
1627543,Preferred Pharmacy,Convenience Store,3 E 115th St,New York,Manhattan,10029,NEW YORK,NY,40.799862,-73.946373
325581,B & A PORK STORE INC,Grocery Store,7818 13th Ave,Brooklyn,Brooklyn,11228,KINGS,NY,40.618282,-74.00975
1630650,2022 Gourmet Deli I Inc,Convenience Store,1142 Stanley Ave,Brooklyn,Brooklyn,11208,KINGS,NY,40.66539,-73.867302
1630955,1092 Liberty Deli Inc,Convenience Store,1092 Liberty Ave,Brooklyn,Brooklyn,11208,KINGS,NY,40.678364,-73.869026
1670328,Sjb Deli Grocery Corp.,Convenience Store,1291 Clay Ave,Bronx,Bronx,10456,BRONX,NY,40.834339,-73.909637
1669403,Infante Grocery,Grocery Store,342 Jefferson St,Brooklyn,Brooklyn,11237,KINGS,NY,40.705051,-73.925385
1640938,Bbc Deli Grocery Corp,Convenience Store,51 E Tremont Ave,Bronx,Bronx,10453,BRONX,NY,40.851376,-73.908218
1303492,Saal Deli & Grocery,Convenience Store,303 Gordon St,Staten Island,Staten Island,10304,RICHMOND,NY,40.61961,-74.083458
1640488,Golden Produce Llc,Grocery Store,364 E 204th St,Bronx,Bronx,10467,BRONX,NY,40.871624,-73.877487
1627758,Barnes Avenue Deli Grocery Inc,Convenience Store,3868 Barnes Ave,Bronx,Bronx,10467,BRONX,NY,40.884583,-73.858757
1630114,BX 23 Deli Food,Convenience Store,1584 University Ave,Bronx,Bronx,10453,BRONX,NY,40.846676,-73.920479
1627427,El Poblanito Meat Market Corp.,Grocery Store,657A Allerton Ave,Bronx,Bronx,10467,BRONX,NY,40.865559,-73.868881
1396797,Philippine Famous Food Mart,Grocery Store,170-14 Hillside Ave,Jamaica,Queens,11432,QUEENS,NY,40.711121,-73.791451
1626620,King Merrick Deli,Convenience Store,119-02 Merrick Blvd,Jamaica,Queens,11434,QUEENS,NY,40.685642,-73.773201
1631998,Ave J Juice Bar Deli Corp,Other,1348 Coney Island Ave,Brooklyn,Brooklyn,11230,KINGS,NY,40.624573,-73.96534
1633230,L & N Minimarket Inc.,Convenience Store,15502 107th Ave,Jamaica,Queens,11433,QUEENS,NY,40.695629,-73.798119
1640358,Buckler Pharmacy Inc,Other,1039 Broadway,Brooklyn,Brooklyn,11221,KINGS,NY,40.695354,-73.932083
251588,CROSS BRONX&ACROSS NY LIVE POULTR,Specialty Store,1663 Jerome Ave,Bronx,Bronx,10453,BRONX,NY,40.845772,-73.913788
1402942,7-Eleven Inc. 32117K,Convenience Store,8813 4th Ave,Brooklyn,Brooklyn,11209,KINGS,NY,40.620636,-74.028877
253238,ZINGONE BROS,Grocery Store,471 Columbus Ave,New York,Manhattan,10024,NEW YORK,NY,40.784229,-73.973602
253608,L & O Grocery Corp,Grocery Store,1618 Madison Ave,New York,Manhattan,10029,NEW YORK,NY,40.79501,-73.948524
1660925,Los Hijos de Chorro Deli Grocery Corp.,Grocery Store,701 Faile St,Bronx,Bronx,10474,BRONX,NY,40.814747,-73.886681
1661482,CT Grocery NY Corp,Convenience Store,869 Bryant Ave,Bronx,Bronx,10474,BRONX,NY,40.818787,-73.88678
1631004,Heavenly Market 10th Avenue Corp.,Convenience Store,440 10th Ave,New York,Manhattan,10001,NEW YORK,NY,40.75491,-73.998695
1631112,Matson's Delicatesen,Convenience Store,6466 Dry Harbor Rd,Middle Village,Queens,11379,QUEENS,NY,40.718246,-73.872658
1500239,M & N Deli Food Corp,Convenience Store,1093 Linden Blvd,Brooklyn,Brooklyn,11212,KINGS,NY,40.654564,-73.917747
1626591,Sunshine Gourmet Deli 2 Inc,Convenience Store,18511 Jamaica Ave,Hollis,Queens,11423,QUEENS,NY,40.709946,-73.773659
1625913,Valentine 181 Mini Mart Corp 1,Convenience Store,2130 Valentine Ave,Bronx,Bronx,10457,BRONX,NY,40.853931,-73.899208
254363,WALGREENS 05051,Other,21914 Merrick Blvd,Laurelton,Queens,11413,QUEENS,NY,40.6791,-73.749847
1556583,Chris & Deebo Mini Mart Inc.,Convenience Store,199 Howard Ave,Brooklyn,Brooklyn,11233,KINGS,NY,40.681675,-73.919609
255800,WORLD SPICE DISCOUNT CENTER,Grocery Store,2164 Westchester Ave,Bronx,Bronx,10462,BRONX,NY,40.834003,-73.852219
1567750,Candy & Newsstand Convenience Inc,Convenience Store,2835 86th St,Brooklyn,Brooklyn,11223,KINGS,NY,40.592587,-73.978035
250325,HOME DELI & CATERING,Convenience Store,7135 73rd Pl,Glendale,Queens,11385,QUEENS,NY,40.70451,-73.876282
243251,Top Choice Meat Market Corp,Grocery Store,3600 White Plains Rd,Bronx,Bronx,10467,BRONX,NY,40.879276,-73.865059
1641071,1642 Lex Flavor Taste Corp,Convenience Store,1642 Lexington Ave,New York,Manhattan,10029,NEW YORK,NY,40.790874,-73.947464
1647305,Speedway 7817,Convenience Store,3902 Queens Blvd,Long Island City,Queens,11104,QUEENS,NY,40.743725,-73.925949
245921,RITE AID 10577,Other,8222 18th Ave,Brooklyn,Brooklyn,11214,KINGS,NY,40.60902,-74.000694
246069,CVS PHARMACY  2436,Other,1346 Pennsylvania Ave,Brooklyn,Brooklyn,11239,KINGS,NY,40.647125,-73.882881
1654827,Taste Trail Gourmet Deli Corp,Convenience Store,411 Beach 30th St,Far Rockaway,Queens,11691,QUEENS,NY,40.597614,-73.763405
1654983,Fordham Deli And Grill Corp,Other,128 W Fordham Rd,Bronx,Bronx,10468,BRONX,NY,40.862747,-73.906792
266622,CVS PHARMACY  2041,Other,8302 Atlantic Ave,Ozone Park,Queens,11416,QUEENS,NY,40.685509,-73.857735
1650138,Bara Deli Corp,Convenience Store,3607 Bronxwood Ave,Bronx,Bronx,10469,BRONX,NY,40.878082,-73.859299
267134,PODKARPACIE POLISH DELI,Grocery Store,5020 12th Ave,Brooklyn,Brooklyn,11219,KINGS,NY,40.635448,-73.995491
267317,CVS PHARMADY  6055,Other,5830 Amboy Rd,Staten Island,Staten Island,10309,RICHMOND,NY,40.525631,-74.201614
268523,CVS PHARMACY 2434,Other,338 E 23rd St,New York,Manhattan,10010,NEW YORK,NY,40.737247,-73.979401
247673,White Mountain Farm Inc,Convenience Store,8406 20th Ave,Brooklyn,Brooklyn,11214,KINGS,NY,40.605614,-73.997231
1587222,Canarsie Food Supermarket Corporation,Grocery Store,10421 Glenwood Rd,Brooklyn,Brooklyn,11236,KINGS,NY,40.649029,-73.896614
1589577,Chelsea Corner Grocery & Deli Corp.,Convenience Store,245 9th Ave,New York,Manhattan,10001,NEW YORK,NY,40.747761,-74.000633
1588616,Fushimi Market LLC,Grocery Store,838 6th Ave,New York,Manhattan,10001,NEW YORK,NY,40.746746,-73.989929
1607767,Space Deli Convenience Corp,Convenience Store,11302 Jamaica Ave,Richmond Hill,Queens,11418,QUEENS,NY,40.697788,-73.835464
272184,CVS PHARMACY  2716,Other,129 Fulton St,New York,Manhattan,10038,NEW YORK,NY,40.71022,-74.007507
234967,RITE AID  4856,Other,12202 Liberty Ave,S Richmond Hl,Queens,11419,QUEENS,NY,40.68721,-73.821457
272223,Ft. Hamilton Market Corp,Grocery Store,5110 Fort Hamilton Pkwy,Brooklyn,Brooklyn,11219,KINGS,NY,40.637184,-73.999466
236011,GOOD HARVEST COOPERATIVE INC,Other,58 E 4th St,New York,Manhattan,10003,NEW YORK,NY,40.726715,-73.990746
269334,2214 National Bakery Inc,Other,2214 Westchester Ave,Bronx,Bronx,10462,BRONX,NY,40.834255,-73.851112
271265,MOSHES FRT & GRO CTR INC,Specialty Store,4807 16th Ave,Brooklyn,Brooklyn,11204,KINGS,NY,40.631409,-73.985077
269871,Rite Aid 3844,Other,950 Southern Blvd,Bronx,Bronx,10459,BRONX,NY,40.822014,-73.891502
239383,APPEL'S SUPERETTE INC,Grocery Store,4507 14th Ave,Brooklyn,Brooklyn,11219,KINGS,NY,40.635769,-73.987732
238004,DVJ Inc/Tonys Health Food,Grocery Store,2923 Glenwood Rd,Brooklyn,Brooklyn,11210,KINGS,NY,40.634121,-73.947975
286535,LA GRANJ LIVE POULTRY NO.2 INC,Specialty Store,1355 Amsterdam Ave,New York,Manhattan,10027,NEW YORK,NY,40.813972,-73.955795
238237,4 Star Vegetable & Food Corp.,Grocery Store,8778 Sutphin Blvd,Jamaica,Queens,11435,QUEENS,NY,40.705151,-73.809563
286652,YEMSANALI GROCERY INC,Convenience Store,881 10TH AVE,NEW YORK,Manhattan,10019,NEW YORK,NY,40.769459,-73.988541
1645600,Best Court Side Deli Corp,Grocery Store,909 Sheridan Ave,Bronx,Bronx,10451,BRONX,NY,40.827461,-73.9207
284550,NOSTRAND MEAT CORP,Grocery Store,1889 Nostrand Ave,Brooklyn,Brooklyn,11226,KINGS,NY,40.63958,-73.948303
237360,NEW EASTERN II FRUIT & VEG INC,Grocery Store,231 Neptune Ave,Brooklyn,Brooklyn,11235,KINGS,NY,40.581753,-73.96225
238518,Bochners Grocery LLC,Grocery Store,5001 16th Ave,Brooklyn,Brooklyn,11204,KINGS,NY,40.63036,-73.986168
284808,1514 Catering Corp,Grocery Store,1514 Crosby Ave,Bronx,Bronx,10461,BRONX,NY,40.842709,-73.830139
286106,Harlem Health Food Gourmet Deli Inc.,Convenience Store,2339 1st Ave,New York,Manhattan,10035,NEW YORK,NY,40.798409,-73.933693
310374,Schreibers Homestyle Bakery Inc,Other,3008 Avenue M,Brooklyn,Brooklyn,11210,KINGS,NY,40.619526,-73.945152
231312,CVS  2445,Other,540 Amsterdam Ave,New York,Manhattan,10024,NEW YORK,NY,40.78812,-73.974915
231549,BIG G DELI INC.,Grocery Store,3386 Jerome Ave,Bronx,Bronx,10467,BRONX,NY,40.880413,-73.883636
231747,Carniceria La Flor,Grocery Store,1623 Saint Nicholas Ave,New York,Manhattan,10040,NEW YORK,NY,40.85577,-73.929253
261127,TREMONT FISH CORP,Specialty Store,725 E Tremont Ave,Bronx,Bronx,10457,BRONX,NY,40.845104,-73.890213
1646933,Africore Enterprises,Convenience Store,1462 Southern Blvd,Bronx,Bronx,10460,BRONX,NY,40.832527,-73.890427
1643071,Bodega Lidio Corp.,Grocery Store,559 W 158th St,New York,Manhattan,10032,NEW YORK,NY,40.834545,-73.943817
228585,Arn Deli Supermarket Inc,Grocery Store,8701 111th St,Richmond Hill,Queens,11418,QUEENS,NY,40.696804,-73.837067
229738,Schreiber's Homestyle Bakery Inc,Specialty Store,424 Avenue M,Brooklyn,Brooklyn,11230,KINGS,NY,40.61673,-73.970604
261768,Rite Aid 1805,Other,3301 30th Ave,Astoria,Queens,11103,QUEENS,NY,40.766037,-73.919487
1654813,Apple Valley Supermarket Inc,Grocery Store,2654 Valentine Ave,Bronx,Bronx,10458,BRONX,NY,40.865391,-73.892975
261967,CVS  2411,Other,1569 1st Ave,New York,Manhattan,10028,NEW YORK,NY,40.774078,-73.951462
262059,ABE'S FRUITS INC.,Grocery Store,4315 15th Ave,Brooklyn,Brooklyn,11219,KINGS,NY,40.635387,-73.98452
1648747,M Supermarket 01,Other,767 E Tremont Ave,Bronx,Bronx,10460,BRONX,NY,40.844315,-73.888763
259532,Walgreens 10608,Other,9602 Rockaway Blvd,Ozone Park,Queens,11417,QUEENS,NY,40.680294,-73.84256
259652,1170 WEBSTER MEAT INC,Grocery Store,1170 Webster Ave,Bronx,Bronx,10456,BRONX,NY,40.830795,-73.91024
259707,A. A. RUBASHKIN & SONS INC,Specialty Store,4310 14th Ave,Brooklyn,Brooklyn,11219,KINGS,NY,40.636814,-73.986755
228912,TYULPAN INC.,Grocery Store,8323 20th Ave,Brooklyn,Brooklyn,11214,KINGS,NY,40.605846,-73.996895
1631720,1998 Market Place Corp,Convenience Store,1998 2nd Ave,New York,Manhattan,10029,NEW YORK,NY,40.788216,-73.94397
310487,BUY BEST GROCERY INC,Grocery Store,4516 8th Ave,Brooklyn,Brooklyn,11220,KINGS,NY,40.643543,-74.001213
1589134,Bronx Mini Mart Corp,Convenience Store,3324 3rd Ave,Bronx,Bronx,10456,BRONX,NY,40.826122,-73.907707
310781,MEDITERRANEAN FOODS INC,Grocery Store,3012 34th St,Astoria,Queens,11103,QUEENS,NY,40.76545,-73.919342
1660252,Fyz Ny Inc.,Convenience Store,8624 Roosevelt Ave,Jackson Heights,Queens,11372,QUEENS,NY,40.747738,-73.87973
308487,Halal Live Poultry Corp,Other,1227 Rockaway Ave,Brooklyn,Brooklyn,11236,KINGS,NY,40.649551,-73.905548
249874,Grace Food Town,Grocery Store,2326 Bath Ave,Brooklyn,Brooklyn,11214,KINGS,NY,40.596443,-73.994522
280049,B & B Minimarket Inc,Convenience Store,311 Neptune Ave,Brooklyn,Brooklyn,11235,KINGS,NY,40.581085,-73.964722
1586840,Centroamericana Deli Corp,Grocery Store,1729 86th St,Brooklyn,Brooklyn,11214,KINGS,NY,40.608067,-74.003654
279166,12TH AVE FISH MARKET INC,Specialty Store,5112 12th Ave,Brooklyn,Brooklyn,11219,KINGS,NY,40.635029,-73.995918
277257,Felu Grocery Corp,Grocery Store,1275 Burke Ave,Bronx,Bronx,10469,BRONX,NY,40.871494,-73.849686
276046,J & C Market Inc,Grocery Store,6928 3rd Ave,Brooklyn,Brooklyn,11209,KINGS,NY,40.635117,-74.026466
1661076,Mainline Deli 1 Corp.,Convenience Store,3053 Villa Ave,Bronx,Bronx,10468,BRONX,NY,40.873379,-73.888451
1657236,11-03 Deli & Grocery Corp,Convenience Store,1103 40th Ave,Long Island City,Queens,11101,QUEENS,NY,40.756348,-73.94323
311484,527 FRANCO BAKERY CORP,Specialty Store,527 E 138th St,Bronx,Bronx,10454,BRONX,NY,40.807224,-73.918373
233510,NG MINI MARKET CORP,Grocery Store,3106 81st St,East Elmhurst,Queens,11370,QUEENS,NY,40.758995,-73.88707
292446,Arecibo Cash And Carry,Grocery Store,5020 3rd Ave,Brooklyn,Brooklyn,11220,KINGS,NY,40.647343,-74.015198
313905,New Golden Gate Deli Grocery,Convenience Store,2210 5th Ave,New York,Manhattan,10037,NEW YORK,NY,40.812634,-73.93795
312529,NEW PUNJAB GROCERY CORP,Grocery Store,1071 Coney Island Ave,Brooklyn,Brooklyn,11230,KINGS,NY,40.63139,-73.966476
380050,B. F. NATIONAL BAKERY INC.,Specialty Store,3492 Jerome Ave,Bronx,Bronx,10467,BRONX,NY,40.88237,-73.881371
293596,ORIENTAL PASTRY & GROCERY,Convenience Store,170 Atlantic Ave,Brooklyn,Brooklyn,11201,KINGS,NY,40.689957,-73.993889
380104,Hamilton Corner Meat Market Inc,Grocery Store,1 Hamilton Pl,New York,Manhattan,10031,NEW YORK,NY,40.820759,-73.954231
293064,EL CHAI CORP/NAGILAH MARKET,Other,6369 108th St,Forest Hills,Queens,11375,QUEENS,NY,40.733341,-73.849739
380285,LN KIEV INC,Grocery Store,212 Kings Hwy,Brooklyn,Brooklyn,11223,KINGS,NY,40.605434,-73.982864
296658,Walgreens 01616,Other,8277 Broadway,Elmhurst,Queens,11373,QUEENS,NY,40.741585,-73.880539
274033,Walgreens 18219,Other,1720 Kings Hwy,Brooklyn,Brooklyn,11229,KINGS,NY,40.609795,-73.955849
273447,HAPPY FRUITS & VEG OF NY INC,Other,4439 Kissena Blvd,Flushing,Queens,11355,QUEENS,NY,40.753139,-73.821793
273692,ANGELA FISH MARKET,Specialty Store,886 Utica Ave,Brooklyn,Brooklyn,11203,KINGS,NY,40.65147,-73.930435
274164,2500 Victory Blvd Meat Corp,Grocery Store,2500B Victory Blvd,Staten Island,Staten Island,10314,RICHMOND,NY,40.609867,-74.146439
274649,GREAT VEGETABLE FARM INC,Grocery Store,1823 Church Ave,Brooklyn,Brooklyn,11226,KINGS,NY,40.649746,-73.96241
331519,COHN'S FISH MARKET INC.,Specialty Store,55A Division Ave,Brooklyn,Brooklyn,11249,KINGS,NY,40.707153,-73.966782
380656,Salmo Corp,Grocery Store,12321 Liberty Ave,S Richmond Hl,Queens,11419,QUEENS,NY,40.687702,-73.82045
381089,2034 Best Gourmet Deli Inc,Convenience Store,2034 3rd Ave,New York,Manhattan,10029,NEW YORK,NY,40.795368,-73.942131
382306,Riverside Gourmet Market Inc,Grocery Store,3779 Broadway,New York,Manhattan,10032,NEW YORK,NY,40.83403,-73.945496
333756,FREUNDS FISH MARKET,Specialty Store,4301 15th Ave,Brooklyn,Brooklyn,11219,KINGS,NY,40.635658,-73.984253
381648,C & C NATURE NUTRITION CENTER INC,Convenience Store,561 W 179th St,New York,Manhattan,10033,NEW YORK,NY,40.847878,-73.934341
296276,DAIRY MAID RAVIOLI MFG CORP,Grocery Store,216 Avenue U,Brooklyn,Brooklyn,11223,KINGS,NY,40.596542,-73.976059
350737,Rite Aid 17681,Other,4502 43rd Ave,Sunnyside,Queens,11104,QUEENS,NY,40.744942,-73.918976
347979,ALL FRESH SUPERMARKET INC,Grocery Store,46 Harrison Ave,Brooklyn,Brooklyn,11211,KINGS,NY,40.705639,-73.9533
1663413,H & S Convenience Corp.,Convenience Store,288 E 174th St,Bronx,Bronx,10457,BRONX,NY,40.844524,-73.905075
356316,Vanessa Foods Corp,Grocery Store,5218 108th St,Corona,Queens,11368,QUEENS,NY,40.743114,-73.854897
1656756,3third Ave Grocery & Deli Corp,Convenience Store,414 E 149th St,Bronx,Bronx,10455,BRONX,NY,40.815689,-73.91713
297847,Johan Food Corp,Convenience Store,179 Graham Ave,Brooklyn,Brooklyn,11206,KINGS,NY,40.708172,-73.943504
1654589,TT Mini Market LLC,Grocery Store,1465 Amsterdam Ave,New York,Manhattan,10027,NEW YORK,NY,40.817062,-73.953354
289699,BROADWAY MINI MARKET DELI CORP,Grocery Store,403 Broadway,Brooklyn,Brooklyn,11211,KINGS,NY,40.70715,-73.953842
297987,Yamasa Deli & Grocery III Llc,Grocery Store,99 McClellan St,Bronx,Bronx,10452,BRONX,NY,40.833656,-73.920616
357002,JC CHANG CORPORATION,Convenience Store,251 Nassau Ave,Brooklyn,Brooklyn,11222,KINGS,NY,40.72596,-73.941948
298421,WALGREENS 04565,Other,12704 Guy r Brewer Blvd,Jamaica,Queens,11434,QUEENS,NY,40.678249,-73.779457
384095,CVS PHARMACY  6049,Other,1361 Hylan Blvd,Staten Island,Staten Island,10305,RICHMOND,NY,40.595242,-74.08638
384096,ITAL CORP INC,Grocery Store,947 Castle Hill Ave,Bronx,Bronx,10473,BRONX,NY,40.82666,-73.849854
351991,CVS PHARMACY  2906,Other,10204 Flatlands Ave,Brooklyn,Brooklyn,11236,KINGS,NY,40.646187,-73.896477
352540,ALIPERTI PORK STORE,Specialty Store,426 Graham Ave,Brooklyn,Brooklyn,11211,KINGS,NY,40.717625,-73.944855
436988,STOP 1 LEXINGTON DELI,Convenience Store,1801 Lexington Ave,New York,Manhattan,10029,NEW YORK,NY,40.795963,-73.94352
1645605,Mr Nyc Green Inc.,Convenience Store,4562 48th St,Woodside,Queens,11377,QUEENS,NY,40.741177,-73.917358
281440,POLMOST FOOD CORP/ASSOCIATED,Other,802 Manhattan Ave,Brooklyn,Brooklyn,11222,KINGS,NY,40.727905,-73.953125
281796,Mojali Deli & Grocery Inc.,Convenience Store,664 E 187th St,Bronx,Bronx,10458,BRONX,NY,40.854477,-73.885666
354216,HONG'S FISH MARKET,Specialty Store,324 Utica Ave,Brooklyn,Brooklyn,11213,KINGS,NY,40.666779,-73.931458
436199,LA RULETA MEAT MARKET II,Grocery Store,122 Nagle Ave,New York,Manhattan,10040,NEW YORK,NY,40.861031,-73.926765
436280,CVS PHARMACY  2433,Other,2112 White Plains Rd,Bronx,Bronx,10462,BRONX,NY,40.853809,-73.867683
436764,A & Z INTERNATIONAL INC.,Grocery Store,506 Foster Ave,Brooklyn,Brooklyn,11230,KINGS,NY,40.629395,-73.97258
354866,PETER SERVEDIO'S MEAT MARKET,Specialty Store,2344B Arthur Ave,Bronx,Bronx,10458,BRONX,NY,40.854309,-73.888466
386787,ANGEE DELI INC,Grocery Store,7918 5th Ave,Brooklyn,Brooklyn,11209,KINGS,NY,40.626148,-74.024178
1607147,Castle Of The Kingdom Organic Market Corp.,Convenience Store,736 Flatbush Ave,Brooklyn,Brooklyn,11226,KINGS,NY,40.655037,-73.959892
282745,P & M LIVE POULTRY INC,Specialty Store,13162 Avery Ave,Flushing,Queens,11355,QUEENS,NY,40.752213,-73.832924
282779,EL RANCHITO TWO,Specialty Store,456 E 138th St,Bronx,Bronx,10454,BRONX,NY,40.808334,-73.921104
340872,MANUELS GROCERY STORE,Grocery Store,3675 Broadway,New York,Manhattan,10031,NEW YORK,NY,40.831051,-73.94722
1645800,A.k Hempstead Convenience Corp.,Convenience Store,21901 Hempstead Ave,Queens Village,Queens,11429,QUEENS,NY,40.713177,-73.734764
257376,AFRICAN HOMELAND STORE,Grocery Store,70 Victory Blvd,Staten Island,Staten Island,10301,RICHMOND,NY,40.638088,-74.078964
317313,Artie Food Center Corp,Convenience Store,10101 35th Ave,Corona,Queens,11368,QUEENS,NY,40.754478,-73.866798
317706,CVS PHARMACY  2672,Other,150 Court St,Brooklyn,Brooklyn,11201,KINGS,NY,40.688782,-73.992973
343651,CVS PHARMACY  2441,Other,2151 8TH ST,BROOKLYN,Brooklyn,11214,KINGS,NY,40.595135,-73.979141
340138,Gross Bake Shop Inc,Other,5406 16th Ave,Brooklyn,Brooklyn,11204,KINGS,NY,40.628151,-73.988541
258210,D G GROCERY CORP,Convenience Store,528B Morris Ave,Bronx,Bronx,10451,BRONX,NY,40.816944,-73.92289
1643204,Los Ni¤os Ricos 1,Other,582B W 207th St,New York,Manhattan,10034,NEW YORK,NY,40.866863,-73.920876
340600,FTI PHIL AM FOODS INC,Grocery Store,527 Tompkins Ave,Staten Island,Staten Island,10305,RICHMOND,NY,40.612911,-74.071411
343046,GOOD N NATURAL INC,Grocery Store,2173 White Plains Rd,Bronx,Bronx,10462,BRONX,NY,40.855721,-73.867867
302149,J & C FISH MARKET INC.,Specialty Store,131-27 ROCKAWAY BLVD,S OZONE PARK,Queens,11420,QUEENS,NY,40.674801,-73.806381
319385,DAE KIL FAMILY FARM CORP,Grocery Store,8029 Flatlands Ave,Brooklyn,Brooklyn,11236,KINGS,NY,40.635818,-73.913025
302170,JJC FISH MARKET INC,Specialty Store,2354 Arthur Ave,Bronx,Bronx,10458,BRONX,NY,40.854591,-73.888351
242220,Longwood One Fish Corp,Specialty Store,838 Westchester Ave,Bronx,Bronx,10455,BRONX,NY,40.819275,-73.902039
241173,TULCINGO DELI GROCERY,Grocery Store,115 WYCKOFF AVE,BROOKLYN,Brooklyn,11237,KINGS,NY,40.704456,-73.919403
242092,MANHATTAN AVE FOOD MARKET,Convenience Store,507 Manhattan Ave,New York,Manhattan,10027,NEW YORK,NY,40.808392,-73.954575
242192,Broadway Fish Market Inc,Specialty Store,4828 Broadway,Astoria,Queens,11103,QUEENS,NY,40.75576,-73.91227
335642,805 FRANKLIN AVE /FISHER SUPER,Grocery Store,805 Franklin Ave,Brooklyn,Brooklyn,11238,KINGS,NY,40.671326,-73.957596
339505,CVS PHARMACY  2364,Other,4065 Amboy Rd,Staten Island,Staten Island,10308,RICHMOND,NY,40.549522,-74.152481
240482,Gun Hill Road Deli & Grocery Inc,Convenience Store,362 E Gun Hill Rd,Bronx,Bronx,10467,BRONX,NY,40.878586,-73.872421
300020,18TH Ave SmokeShop Discount Ltd,Grocery Store,8120 18th Ave,Brooklyn,Brooklyn,11214,KINGS,NY,40.609524,-73.999954
336740,GIRALDA BAKERY CORP,Specialty Store,1035 E 163rd St,Bronx,Bronx,10459,BRONX,NY,40.821312,-73.891434
336798,Greenfeld's LLC,Specialty Store,128 Lee Ave,Brooklyn,Brooklyn,11211,KINGS,NY,40.703869,-73.958054
1598924,Mi Lupita Grocery Corp.,Grocery Store,132 Nagle Ave,New York,Manhattan,10040,NEW YORK,NY,40.861233,-73.926224
326240,J.L. Meat Market Corp,Grocery Store,26 E 167th St,Bronx,Bronx,10452,BRONX,NY,40.835712,-73.921608
325016,Boro Park Health Food Center Inc,Grocery Store,5201 13th Ave,Brooklyn,Brooklyn,11219,KINGS,NY,40.633183,-73.993828
323865,DC Meat Market Inc.,Specialty Store,36 E Broadway,New York,Manhattan,10002,NEW YORK,NY,40.713577,-73.996292
325122,95TH AVE GROCERY CORP,Grocery Store,9625 95th Ave,Ozone Park,Queens,11416,QUEENS,NY,40.68766,-73.845566
323969,THE RED APPLE FRUIT & VEG,Specialty Store,455 Albany Ave,Brooklyn,Brooklyn,11213,KINGS,NY,40.664391,-73.939743
1670844,111 Farmers Deli Grocery Inc.,Convenience Store,11104 Farmers Blvd,Saint Albans,Queens,11412,QUEENS,NY,40.701744,-73.765663
1663458,Azteca Deli,Grocery Store,3094 Coney Island Ave,Brooklyn,Brooklyn,11235,KINGS,NY,40.580631,-73.960068
1660397,S & L Grocery Inc,Grocery Store,5118 8th Ave,Brooklyn,Brooklyn,11220,KINGS,NY,40.640255,-74.004829
1657206,La Milagrosa Fruit Market Corp,Grocery Store,4605 5th Ave,Brooklyn,Brooklyn,11220,KINGS,NY,40.647121,-74.008018
1670332,Bani Deli Grocery Corp,Convenience Store,1965 Webster Ave,Bronx,Bronx,10457,BRONX,NY,40.849373,-73.900208
264512,Armando Grocery & Bakery Inc,Convenience Store,272 WYCKOFF AVE,BROOKLYN,Brooklyn,11237,KINGS,NY,40.700127,-73.912209
324231,CVS PHARMACY 491,Other,7209 Northern Blvd,Jackson Heights,Queens,11372,QUEENS,NY,40.75465,-73.894218
1624935,Moe Grocery Convenient Corp.,Convenience Store,180 E 174th St,Bronx,Bronx,10457,BRONX,NY,40.844707,-73.908661
397528,MEHADRIN MEATS CORP,Specialty Store,4809 18th Ave,Brooklyn,Brooklyn,11204,KINGS,NY,40.628544,-73.980576
1660685,Jp & M Deli Grocery Ny Corp,Convenience Store,10401 Glenwood Rd,Brooklyn,Brooklyn,11236,KINGS,NY,40.648716,-73.897095
397704,100-17 BEACH CHANNEL DR CORP,Convenience Store,10017 Beach Channel Dr,Rockaway Park,Queens,11694,QUEENS,NY,40.585915,-73.822639
325859,BRISKA GROCERY,Grocery Store,2333 Arthur Ave,Bronx,Bronx,10458,BRONX,NY,40.854122,-73.888847
499886,EL JAROCHITO MEXICAN DELI GROCERY CORP.,Grocery Store,195 Neptune Ave,Brooklyn,Brooklyn,11235,KINGS,NY,40.581818,-73.96067
500234,Dinoras Halal Meat Market,Grocery Store,198 Canal St,Staten Island,Staten Island,10304,RICHMOND,NY,40.624989,-74.079353
319807,Luis Meat Market,Specialty Store,88 Essex St,New York,Manhattan,10002,NEW YORK,NY,40.71772,-73.988449
359449,1484 WESTCHESTER AVE NACIONAL BAK,Other,1484 Westchester Ave,Bronx,Bronx,10472,BRONX,NY,40.828308,-73.880753
359673,KIKIRIKI LIVE POULTRY INC,Specialty Store,334 Linden St,Brooklyn,Brooklyn,11237,KINGS,NY,40.699169,-73.913696
322709,RITE AID 1225,Other,534 Hudson St,New York,Manhattan,10014,NEW YORK,NY,40.73431,-74.006027
373220,CVS PHARMACY  6047,Other,640 Arthur Kill Rd,Staten Island,Staten Island,10308,RICHMOND,NY,40.559612,-74.16301
373471,CVS PHARMACY  560,Other,242 NORTHERN BLVD,DOUGLASTON,Queens,11363,QUEENS,NY,40.762386,-73.756355
458346,F & D LIVE POULTRY CORP,Specialty Store,9402 Liverpool St,Jamaica,Queens,11435,QUEENS,NY,40.698231,-73.808464
458537,A & M Grocery Store,Convenience Store,4624 Avenue D,Brooklyn,Brooklyn,11203,KINGS,NY,40.641834,-73.932426
458577,2676 MORRIS FOOD CORP,Convenience Store,2676 Morris Ave,Bronx,Bronx,10468,BRONX,NY,40.867252,-73.896095
322345,Rite Aid 4294,Other,4159 White Plains Rd,Bronx,Bronx,10466,BRONX,NY,40.892323,-73.8582
361975,CHARMAR SUPERETTE INC,Convenience Store,85 Stuyvesant Pl,Staten Island,Staten Island,10301,RICHMOND,NY,40.643837,-74.077469
438652,WILLETS POINT FISH MARKET INC,Specialty Store,2724 E Tremont Ave,Bronx,Bronx,10461,BRONX,NY,40.842285,-73.84481
438906,Deli Brothers Grocery Inc,Convenience Store,905 Broadway,Brooklyn,Brooklyn,11206,KINGS,NY,40.697849,-73.936546
439049,ELINER SEAFOOD,Specialty Store,1433 Central Ave,Far Rockaway,Queens,11691,QUEENS,NY,40.605858,-73.750984
412602,RIMA MEAT CORP,Grocery Store,910 Utica Ave,Brooklyn,Brooklyn,11203,KINGS,NY,40.650818,-73.930336
437824,BOR KEE FOOD MARKET INC,Specialty Store,241 Grand St,New York,Manhattan,10002,NEW YORK,NY,40.718246,-73.994522
438081,1296 Rivera Grocery Inc,Convenience Store,1296 Walton Ave,Bronx,Bronx,10452,BRONX,NY,40.837387,-73.917526
413584,Giordano Big G Inc,Grocery Store,1554 Paulding Ave,Bronx,Bronx,10462,BRONX,NY,40.844261,-73.852173
1649009,Anyeli Deli Grocery Corp.,Convenience Store,25 E Gun Hill Rd,Bronx,Bronx,10467,BRONX,NY,40.882442,-73.880486
439792,Felomar Grocery Store,Convenience Store,154 E 175th St,Bronx,Bronx,10457,BRONX,NY,40.846737,-73.908035
361033,F. J. P. MEAT MARKET INC,Grocery Store,2823 Mermaid Ave,Brooklyn,Brooklyn,11224,KINGS,NY,40.575539,-73.995087
415635,Rite Aid 10585,Other,2064 Mill Ave,Brooklyn,Brooklyn,11234,KINGS,NY,40.615719,-73.914253
416569,ANGELA 11 FISH MARKET,Specialty Store,9501 Church Ave,Brooklyn,Brooklyn,11212,KINGS,NY,40.655228,-73.916267
374526,ALMANZAR GROCERY & FOOD CORP,Convenience Store,854 Intervale Ave,Bronx,Bronx,10459,BRONX,NY,40.817986,-73.895569
375142,ROKIM FOOD INC,Grocery Store,4101 16th Ave,Brooklyn,Brooklyn,11204,KINGS,NY,40.635349,-73.980812
375295,Albany Bakery,Specialty Store,337 Albany Ave,Brooklyn,Brooklyn,11213,KINGS,NY,40.668491,-73.939354
1637523,Mobil Mart,Convenience Store,1764 Dr Martin L King Jr Blvd,Bronx,Bronx,10453,BRONX,NY,40.863861,-73.904236
417291,TAUBER'S FISH STORE,Specialty Store,149 Lee Ave,Brooklyn,Brooklyn,11211,KINGS,NY,40.703373,-73.957268
1640895,Ayman Musa Eisheh,Convenience Store,561 17th St,Brooklyn,Brooklyn,11218,KINGS,NY,40.656937,-73.979858
403964,PARKVILLE FOOD CENTER,Grocery Store,109 Lawrence Ave,Brooklyn,Brooklyn,11230,KINGS,NY,40.630054,-73.974922
404022,STAR FOOD CENTER INC,Grocery Store,5520 14th Ave,Brooklyn,Brooklyn,11219,KINGS,NY,40.629852,-73.993942
330807,LOS PRIMOS GROCERY,Convenience Store,57 Sutter Ave,Brooklyn,Brooklyn,11212,KINGS,NY,40.665638,-73.920586
403456,Little Guyana Bake Shop,Grocery Store,12413 Liberty Ave,South Richmond Hill,Queens,11419,QUEENS,NY,40.688015,-73.819664
403477,C TOWN SUPERMARKET,Grocery Store,8129 Lefferts Blvd,Kew Gardens,Queens,11415,QUEENS,NY,40.708683,-73.830566
403630,46 St Food Center Inc,Grocery Store,1048 46th St,Brooklyn,Brooklyn,11219,KINGS,NY,40.640018,-73.995949
504056,Affairs Supplier Inc,Specialty Store,159 Lee Ave,Brooklyn,Brooklyn,11211,KINGS,NY,40.703152,-73.957031
405342,MINI MARKET PLUS INC,Grocery Store,10 Harrison Ave,Brooklyn,Brooklyn,11211,KINGS,NY,40.706738,-73.954559
328722,LITTLE GUYANA BAKE SHOP INC,Grocery Store,116-04 LIBERTY AVE,RICHMOND HILL,Queens,11419,QUEENS,NY,40.685844,-73.826591
518410,CVS PHARMACY  499,Other,11810 Queens Blvd,Forest Hills,Queens,11375,QUEENS,NY,40.714809,-73.832222
1661662,Dean Organik Market Inc,Grocery Store,486 Dean St,Brooklyn,Brooklyn,11217,KINGS,NY,40.681366,-73.974075
518941,CARDAK CORP.,Grocery Store,2301 65th St,Brooklyn,Brooklyn,11204,KINGS,NY,40.612408,-73.978996
1668209,Heathy Hive Food Inc,Convenience Store,404 Malcolm X Blvd,New York,Manhattan,10037,NEW YORK,NY,40.811054,-73.942917
520061,SCHREIBER'S FRUIT & VEGETABLE INC,Specialty Store,184 Lee Ave,Brooklyn,Brooklyn,11211,KINGS,NY,40.702309,-73.9562
1658424,194 Quick Stop Corp,Convenience Store,194 Bay St,Staten Island,Staten Island,10301,RICHMOND,NY,40.637325,-74.076851
520668,J & J GROCERY,Convenience Store,1840 Coney Island Ave,Brooklyn,Brooklyn,11230,KINGS,NY,40.612408,-73.963028
516026,C & S MEATS INC,Other,344 Utica Ave,Brooklyn,Brooklyn,11213,KINGS,NY,40.666306,-73.931396
517201,Little Mexico Meat Grocery Inc,Grocery Store,2119 3rd Ave,New York,Manhattan,10029,NEW YORK,NY,40.79771,-73.940147
517245,DNY NATURAL LAND INC,Grocery Store,322 Flatbush Ave,Brooklyn,Brooklyn,11238,KINGS,NY,40.67704,-73.972588
517332,BANESA DELI GROCERY#2,Grocery Store,2007 Anthony Ave,Bronx,Bronx,10457,BRONX,NY,40.851513,-73.903008
475417,Walgreens 18988,Other,2750 Boston Rd,Bronx,Bronx,10469,BRONX,NY,40.866425,-73.861115
478845,The Great Supermarket Inc,Convenience Store,22216 144th Ave,Springfield Gardens,Queens,11413,QUEENS,NY,40.665363,-73.754898
475437,New Andrews Deli Grocery Corp,Convenience Store,1899 Andrews Ave,Bronx,Bronx,10453,BRONX,NY,40.854038,-73.91394
1574460,Freddies Salumeria & Pork Store,Grocery Store,3830 Richmond Ave,Staten Island,Staten Island,10312,RICHMOND,NY,40.544819,-74.165764
666194,La Bonita Grocery Store Corp,Convenience Store,231 E 183rd St,Bronx,Bronx,10458,BRONX,NY,40.857269,-73.89917
1599850,Nabu Market,Grocery Store,2024 Webster Ave,Bronx,Bronx,10457,BRONX,NY,40.850666,-73.898949
540362,LANTIGUA DELI CORP,Grocery Store,3074 14th St,Astoria,Queens,11102,QUEENS,NY,40.769028,-73.931435
541224,Ricardito & Anthony Deli Grocery Inc.,Convenience Store,2019 Vyse Ave,Bronx,Bronx,10460,BRONX,NY,40.842789,-73.881599
346441,BROADWAY MEAT INC,Specialty Store,1259 Broadway,Brooklyn,Brooklyn,11221,KINGS,NY,40.69133,-73.925003
346851,CVS PHARMACY  2437,Other,732 Allerton Ave,Bronx,Bronx,10467,BRONX,NY,40.865311,-73.866089
542264,Sano Halal Food Corp,Grocery Store,3982 White Plains Rd,Bronx,Bronx,10466,BRONX,NY,40.888035,-73.860222
539322,Kol Tuv Grocery Inc,Grocery Store,409 Kingston Ave,Brooklyn,Brooklyn,11225,KINGS,NY,40.665092,-73.942451
479616,V & M MEAT MARKET INC,Grocery Store,21822 Merrick Blvd,Springfield Gardens,Queens,11413,QUEENS,NY,40.679398,-73.750755
344403,E & L FOOD INC,Grocery Store,650 Bedford Ave,Brooklyn,Brooklyn,11249,KINGS,NY,40.701782,-73.958549
344814,Rite Aid 3978,Other,1679 Bedford Ave,Brooklyn,Brooklyn,11225,KINGS,NY,40.665207,-73.956871
1568070,Italo Meat Market,Grocery Store,725 Forest Ave,Staten Island,Staten Island,10310,RICHMOND,NY,40.629547,-74.113197
1663172,Titan Foods Inc,Other,2353 Steinway St,Astoria,Queens,11105,QUEENS,NY,40.769871,-73.909492
540176,GRAND CENTURY MARKET INC,Grocery Store,281 Grand St,New York,Manhattan,10002,NEW YORK,NY,40.717754,-73.992622
1657603,Prospect Fresh Mart Inc,Convenience Store,184 Buffalo Ave,Brooklyn,Brooklyn,11213,KINGS,NY,40.67284,-73.925308
479765,Walgreens 04319,Other,8420 Broadway,Elmhurst,Queens,11373,QUEENS,NY,40.739513,-73.878242
543061,YOSSIS HEIMISHE BAKERY INC,Convenience Store,5717 18th Ave,Brooklyn,Brooklyn,11204,KINGS,NY,40.623325,-73.985764
543101,Mergimtari Meat & Grocery Store,Grocery Store,565 E 187th St,Bronx,Bronx,10458,BRONX,NY,40.856213,-73.888519
431721,C & S E SUPERETTE INC,Grocery Store,9053 Fort Hamilton Pkwy,Brooklyn,Brooklyn,11209,KINGS,NY,40.617119,-74.027107
433255,KATELYN FOOD CENTER INC,Grocery Store,3201 Park Ave,Bronx,Bronx,10451,BRONX,NY,40.825176,-73.916542
388250,VARGAS GROCERY,Convenience Store,208 W 238th St,Bronx,Bronx,10463,BRONX,NY,40.884647,-73.899551
1649178,La Plazita Sanchera,Other,3419 Fulton St,Brooklyn,Brooklyn,11208,KINGS,NY,40.684559,-73.869415
389256,S & J Deli NO,Convenience Store,1572 Williamsbridge Rd,Bronx,Bronx,10461,BRONX,NY,40.846581,-73.848274
1649567,68 Ave Baby Grocery Inc,Other,6808 Fresh Meadow Ln,Fresh Meadows,Queens,11365,QUEENS,NY,40.733398,-73.794724
544580,BIANCARDI & SONS,Specialty Store,2350 Arthur Ave,Bronx,Bronx,10458,BRONX,NY,40.854454,-73.888344
1650701,Mukti 315 Petroleum Inc,Convenience Store,24115 Hillside Ave,Bellerose,Queens,11426,QUEENS,NY,40.734081,-73.724869
431030,CVS PHARMACY  6048,Other,1933 Victory Blvd,Staten Island,Staten Island,10314,RICHMOND,NY,40.612804,-74.12867
429643,BIG APPLE,Grocery Store,649 5th Ave,Brooklyn,Brooklyn,11215,KINGS,NY,40.662678,-73.991982
1653166,Dev's 24/7 Deli Inc.,Convenience Store,15624 Tuskegee Airmen Way,Jamaica,Queens,11433,QUEENS,NY,40.697823,-73.797905
391024,Walgreens 17772,Other,462 5th Ave,Brooklyn,Brooklyn,11215,KINGS,NY,40.668392,-73.986984
428901,LA PERA BROS LIVE POULTRY INC,Specialty Store,1367 61st St,Brooklyn,Brooklyn,11219,KINGS,NY,40.627205,-73.997383
401864,ALWAYS FRESH INC,Other,5024 Ft Hamilton Pkwy,Brooklyn,Brooklyn,11219,KINGS,NY,40.637466,-73.999046
398384,Walgreens 19889,Other,32 E 170th St,Bronx,Bronx,10452,BRONX,NY,40.839855,-73.916794
398399,RITE AID 3766,Other,5901 Bay Pkwy,Brooklyn,Brooklyn,11204,KINGS,NY,40.616989,-73.978088
1654982,Bravo Cafe & Deli Inc,Convenience Store,90 William St,New York,Manhattan,10038,NEW YORK,NY,40.708225,-74.007668
546036,NATIONAL FOOD CENTER,Convenience Store,3601 15th Ave,Brooklyn,Brooklyn,11218,KINGS,NY,40.63953,-73.980225
629032,BD FOOD SUPERMARKET,Convenience Store,510 7th Ave,Brooklyn,Brooklyn,11215,KINGS,NY,40.661182,-73.986443
1642549,Camila Mini Market Food Corp,Convenience Store,689 Ralph Ave,Brooklyn,Brooklyn,11212,KINGS,NY,40.665985,-73.922318
630212,WALGREENS 02650,Other,5716 Avenue U,Brooklyn,Brooklyn,11234,KINGS,NY,40.612762,-73.916748
630525,Walgreens 19035,Other,162-19 HILLSIDE AVE,JAMAICA,Queens,11432,QUEENS,NY,40.708649,-73.799561
405477,La Esperanza Mexican Deli Grocery &vegetables,Grocery Store,2029 Grand Concourse,Bronx,Bronx,10453,BRONX,NY,40.852058,-73.90432
629260,Avenue H Deli Inc,Grocery Store,4924 Avenue H,Brooklyn,Brooklyn,11234,KINGS,NY,40.632717,-73.928581
629460,CVS PHARMACY  6058,Other,260 Arden Ave,Staten Island,Staten Island,10312,RICHMOND,NY,40.553249,-74.192307
627133,Pier 18 Fish Market Inc,Specialty Store,4904 18th Ave,Brooklyn,Brooklyn,11204,KINGS,NY,40.628174,-73.981346
627252,AVE J FISH CENTER INC,Specialty Store,1215 Avenue J,Brooklyn,Brooklyn,11230,KINGS,NY,40.624958,-73.963623
410523,Mt Vernon Fruits Market Inc,Grocery Store,265 Kingston Ave,Brooklyn,Brooklyn,11213,KINGS,NY,40.670647,-73.94194
1313641,Mei Kang Inc,Grocery Store,4574B Kissena Blvd,Flushing,Queens,11355,QUEENS,NY,40.750557,-73.819298
564847,STAR CITY FRUIT & VEGETABLES,Grocery Store,676 Allerton Ave,Bronx,Bronx,10467,BRONX,NY,40.865402,-73.868172
566438,CVS PHARMACY  6045,Other,1571 Forest Ave,Staten Island,Staten Island,10302,RICHMOND,NY,40.624508,-74.139885
566573,ARSHAK CORP,Convenience Store,262 Neptune Ave,Brooklyn,Brooklyn,11235,KINGS,NY,40.581196,-73.962952
1589417,Nyc Grill & Deli Corp,Convenience Store,191 Avenue A,New York,Manhattan,10009,NEW YORK,NY,40.729012,-73.981567
406415,MOHAMAD ALLY HALAL MEATS INC.,Grocery Store,12611 Liberty Ave,South Richmond Hill,Queens,11419,QUEENS,NY,40.688648,-73.818039
564075,FLATBUSH GROCERY STORE,Convenience Store,1262 Flatbush Ave,Brooklyn,Brooklyn,11226,KINGS,NY,40.63945,-73.954651
407917,VEGANO DELI AND GROCERY,Convenience Store,945 4th Ave,Brooklyn,Brooklyn,11232,KINGS,NY,40.654011,-74.004425
393478,ZALMEN'S FISH MARKET INC,Specialty Store,5416 New Utrecht Ave,Brooklyn,Brooklyn,11219,KINGS,NY,40.631977,-73.995407
394325,DUMA'S LTD,Grocery Store,6427 108th St,Forest Hills,Queens,11375,QUEENS,NY,40.731953,-73.849075
305745,YUCA MEXICAN PROD & DELI VARIETY,Other,1345 Amsterdam Ave,New York,Manhattan,10027,NEW YORK,NY,40.813702,-73.955986
1657941,Sal's Gourmet Deli 1 Corp,Convenience Store,5652 Mosholu Ave,Bronx,Bronx,10471,BRONX,NY,40.904999,-73.901573
1665713,Ecuamundo Multiservices Llc,Grocery Store,2321 Westchester Ave,Bronx,Bronx,10462,BRONX,NY,40.836178,-73.847694
363581,ANGEL FISH MARKET,Specialty Store,1255 Broadway,Brooklyn,Brooklyn,11221,KINGS,NY,40.691277,-73.925117
304085,Rite Aid 3626,Other,15802 Union Tpke,Flushing,Queens,11366,QUEENS,NY,40.71999,-73.808586
304217,NEW PUBLIC MEAT MARKET,Specialty Store,5021 5th Ave,Brooklyn,Brooklyn,11220,KINGS,NY,40.644581,-74.010674
1648674,New Green Farm Market Llc,Grocery Store,21823 Jamaica Ave,Queens Village,Queens,11428,QUEENS,NY,40.718204,-73.736496
392971,City Food Corp. I,Convenience Store,2789 86th St,Brooklyn,Brooklyn,11223,KINGS,NY,40.593384,-73.979362
391364,KAFF BAKERY INC,Other,4518 Fort Hamilton Pkwy,Brooklyn,Brooklyn,11219,KINGS,NY,40.639946,-73.995346
391527,CVS PHARMACY  2057,Other,10002 Queens Blvd,Forest Hills,Queens,11375,QUEENS,NY,40.72673,-73.853714
364208,3600 Bronxwood Food Center Corp,Grocery Store,3600 Bronxwood Ave,Bronx,Bronx,10469,BRONX,NY,40.877884,-73.859161
391937,SUSANA'S MEXICAN PRODUCTS INC,Grocery Store,3761 88th St,Jackson Heights,Queens,11372,QUEENS,NY,40.748581,-73.878387
598253,FLATBUSH KOSHER INC,Grocery Store,1823 Coney Island Ave,Brooklyn,Brooklyn,11230,KINGS,NY,40.612995,-73.962906
598274,MIG-RX CORP,Other,1811 Kings Hwy,Brooklyn,Brooklyn,11229,KINGS,NY,40.610222,-73.955215
364533,514 TERRACE FOOD CORP.,Grocery Store,514 RICHMOND TERRACE,STATEN ISLAND,Staten Island,10301,RICHMOND,NY,40.646278,-74.08947
1664669,Organic Fresh Deli & Juice Bar 1 Inc,Convenience Store,554 Dekalb Ave,Brooklyn,Brooklyn,11205,KINGS,NY,40.690952,-73.954185
597205,K&S Deli Grill Inc,Convenience Store,9619 Church Ave,Brooklyn,Brooklyn,11212,KINGS,NY,40.656048,-73.914948
597212,WALGREEN  04363,Other,210 Union Ave,Brooklyn,Brooklyn,11211,KINGS,NY,40.706806,-73.950386
522227,Evelyn  Grocery Corp,Convenience Store,1020 E 92nd St,Brooklyn,Brooklyn,11236,KINGS,NY,40.644096,-73.908173
364893,K P DELI CORP,Grocery Store,255 Hylan Blvd,Staten Island,Staten Island,10305,RICHMOND,NY,40.612137,-74.070656
595835,West Farms Fish Market,Specialty Store,855 E Tremont Ave,Bronx,Bronx,10460,BRONX,NY,40.843166,-73.886505
522632,CVS PHARMACY  2344,Other,1249 Nostrand Ave,Brooklyn,Brooklyn,11225,KINGS,NY,40.656532,-73.950165
596163,FOOD LAND MINI MARKET INC,Grocery Store,204 Cortelyou Rd,Brooklyn,Brooklyn,11218,KINGS,NY,40.638054,-73.977188
367755,New Star Fish Market,Specialty Store,88 Essex St,New York,Manhattan,10002,NEW YORK,NY,40.71772,-73.988449
596244,ALAM & BROTHERS INC,Grocery Store,4201 Queens Blvd,Sunnyside,Queens,11104,QUEENS,NY,40.743824,-73.922295
521861,DORA GROCERY CORP,Convenience Store,4104 Avenue J,Brooklyn,Brooklyn,11210,KINGS,NY,40.627533,-73.936256
521904,165 YORK FINE FOOD CORP.,Grocery Store,165 York St,Brooklyn,Brooklyn,11201,KINGS,NY,40.701534,-73.98436
368335,POSNER'S FOOD CENTER,Grocery Store,4310 15th Ave,Brooklyn,Brooklyn,11219,KINGS,NY,40.635494,-73.984505
450063,Beach ConvenienceStore Ltd/Pickles&PiesFdMktDeli,Grocery Store,202 Beach 116th St,Rockaway Park,Queens,11694,QUEENS,NY,40.580002,-73.83709
369375,CRESCENT CORNER INC,Other,3340 Fulton St,Brooklyn,Brooklyn,11208,KINGS,NY,40.683556,-73.872406
630737,CVS PHARMACY  2058,Other,158 Bleecker St,New York,Manhattan,10012,NEW YORK,NY,40.728436,-73.999886
632390,BOIANO FOODS INC,Specialty Store,2344C Arthur Ave,Bronx,Bronx,10458,BRONX,NY,40.854309,-73.888466
448562,STEVEN DELI & GROCERY `,Convenience Store,3924 7th Ave,Brooklyn,Brooklyn,11232,KINGS,NY,40.64819,-74.00013
448568,INTERNATIONAL MEAT MARKET INC,Specialty Store,3612 30th Ave,Astoria,Queens,11103,QUEENS,NY,40.764786,-73.916962
448753,R & R MEAT MARKET INC,Grocery Store,1624 Cortelyou Rd,Brooklyn,Brooklyn,11226,KINGS,NY,40.641762,-73.962845
633651,CVS  2442,Other,271 Beach 20th St,Far Rockaway,Queens,11691,QUEENS,NY,40.596989,-73.754311
717131,602 Produce & Meat Corp,Other,602 Livonia Ave,Brooklyn,Brooklyn,11207,KINGS,NY,40.664524,-73.894867
602211,LA BODEGA DELI & GROCERY,Grocery Store,978 McDonald Ave,Brooklyn,Brooklyn,11230,KINGS,NY,40.629948,-73.977196
370919,BATISTA MINI GROCERY,Convenience Store,21012 Murdock Ave,Cambria Heights,Queens,11411,QUEENS,NY,40.70261,-73.744507
717158,ONE STOP LIVE MARKET INC.,Specialty Store,1230 Jerome Ave,Bronx,Bronx,10452,BRONX,NY,40.836586,-73.921562
717278,Two Way Supermarker,Convenience Store,645 Decatur St,Brooklyn,Brooklyn,11233,KINGS,NY,40.683395,-73.91745
684712,ISLAND FOOD MARKET INC,Grocery Store,231 Broad St,Staten Island,Staten Island,10304,RICHMOND,NY,40.623795,-74.082565
716111,Perez & Almonte Meat Market Corp,Grocery Store,10646 Sutphin Blvd,Jamaica,Queens,11435,QUEENS,NY,40.694111,-73.801727
684831,Long Island City Deli & Grocery Corp,Grocery Store,2901 39th Ave,Long Island City,Queens,11101,QUEENS,NY,40.75354,-73.93438
601191,ASTORIA LIVE POULTRY & MEAT INC,Grocery Store,3137 20th Ave,Astoria,Queens,11105,QUEENS,NY,40.779339,-73.905708
717491,MAZEL FOOD CENTER INC,Grocery Store,4322 12th Ave,Brooklyn,Brooklyn,11219,KINGS,NY,40.639275,-73.99131
683867,COSENTINO'S FISH MARKET INC,Other,6922 3rd Ave,Brooklyn,Brooklyn,11209,KINGS,NY,40.635181,-74.026306
598823,International Deli Corp,Grocery Store,4017 14th Ave,Brooklyn,Brooklyn,11218,KINGS,NY,40.638283,-73.984955
716387,Sea Breeze Fish Market Inc,Other,541 9th Ave,New York,Manhattan,10018,NEW YORK,NY,40.757309,-73.993507
685069,Shomer Shabes Supermarket Inc.,Grocery Store,5316 13th Ave,Brooklyn,Brooklyn,11219,KINGS,NY,40.632515,-73.994934
685116,ESKP CORP,Grocery Store,570 Atlantic Ave,Brooklyn,Brooklyn,11217,KINGS,NY,40.684574,-73.978882
1606036,Masha Deli Grill Mini Market Corp,Convenience Store,161 Utica Ave,Brooklyn,Brooklyn,11213,KINGS,NY,40.673428,-73.930527
424597,FMDDS INC.,Grocery Store,224 Brighton Beach Ave,Brooklyn,Brooklyn,11235,KINGS,NY,40.576572,-73.966187
424775,CVS Pharmacy CVS6057,Other,4055 Hylan Blvd,Staten Island,Staten Island,10308,RICHMOND,NY,40.54092,-74.147438
1299350,1933 Deli Grocery Corp,Convenience Store,1933 Madison Ave,New York,Manhattan,10035,NEW YORK,NY,40.805099,-73.940941
1577874,Kings One Deli And Grill Inc. I,Convenience Store,1424 Sheepshead Bay Rd,Brooklyn,Brooklyn,11235,KINGS,NY,40.587364,-73.954491
483501,H-N MEAT MARKET,Grocery Store,298 Audubon Ave,New York,Manhattan,10033,NEW YORK,NY,40.847916,-73.933136
487904,Vito's Bakery Corp,Convenience Store,1916 Avenue U,Brooklyn,Brooklyn,11229,KINGS,NY,40.599281,-73.952049
451194,MARIO'S MEAT MARKET INC,Specialty Store,1037 Morris Park Ave,Bronx,Bronx,10461,BRONX,NY,40.848812,-73.855087
486704,SPITZER BAKERY INC,Other,657 Bedford Ave,Brooklyn,Brooklyn,11211,KINGS,NY,40.70163,-73.958092
486901,BRAUN'S FISH STORE,Specialty Store,310 Marcy Ave,Brooklyn,Brooklyn,11211,KINGS,NY,40.703991,-73.954903
421261,BALLY 868 FOOD MARKET CORP,Convenience Store,13691 Roosevelt Ave,Flushing,Queens,11354,QUEENS,NY,40.760414,-73.826866
421601,Food Train Inc.,Grocery Store,368 7th Ave,Brooklyn,Brooklyn,11215,KINGS,NY,40.665775,-73.982552
1627909,Intermex Carniceria Inc,Grocery Store,9820 37th Ave,Queens,Queens,11368,QUEENS,NY,40.752148,-73.868263
424206,NAGUABO GROCERY CORP,Convenience Store,26 E Mount Eden Ave,Bronx,Bronx,10452,BRONX,NY,40.843998,-73.914162
1583462,Veggie Mama,Other,22-20 College Point Blvd.,Queens,Queens,11356,QUEENS,NY,40.77964,-73.846184
717905,PST Health LLC/Lifethyme,Other,410 Avenue of the Americas,New York,Manhattan,10011,NEW YORK,NY,40.733913,-73.999298
1604439,Park Ave Community Deli Co,Grocery Store,1886 Park Ave,New York,Manhattan,10035,NEW YORK,NY,40.807323,-73.937691
717962,L R M Espinal Grocery,Convenience Store,752 Woodward Ave,Ridgewood,Queens,11385,QUEENS,NY,40.704304,-73.904839
451246,965 Castillo Meat  & Produce Inc,Grocery Store,965 E 172nd St,Bronx,Bronx,10460,BRONX,NY,40.833286,-73.887413
718437,NYC Green Valley Grocery Inc,Convenience Store,74 E 116th St,New York,Manhattan,10029,NEW YORK,NY,40.799545,-73.943871
510267,CVS PHARMACY  2427,Other,215 Park Ave S,New York,Manhattan,10003,NEW YORK,NY,40.736954,-73.988586
510730,GLENWOOD ROAD SUPERETTE INC,Grocery Store,5513 Glenwood Rd,Brooklyn,Brooklyn,11234,KINGS,NY,40.635651,-73.923294
719229,CVS PHARMACY  2769,Other,4901 Kings Hwy,Brooklyn,Brooklyn,11234,KINGS,NY,40.634136,-73.929001
719231,OMNI HEALTH,Convenience Store,265 Avenue U,Brooklyn,Brooklyn,11223,KINGS,NY,40.596985,-73.974365
721652,N.B. NATIONAL BAKERY CORP,Specialty Store,1193 Walton Ave,Bronx,Bronx,10452,BRONX,NY,40.834846,-73.919746
508426,My Neighborhood Grocery,Grocery Store,385 Chestnut St,Brooklyn,Brooklyn,11208,KINGS,NY,40.677574,-73.873878
509766,Luna Grocery Store Corp,Grocery Store,1082 Hegeman Ave,Brooklyn,Brooklyn,11208,KINGS,NY,40.667789,-73.873245
509832,CVS PHARMACY  2438,Other,282 E 149th St,Bronx,Bronx,10451,BRONX,NY,40.817223,-73.922127
426290,CVS PHARMACY  2498,Other,341 9th St,Brooklyn,Brooklyn,11215,KINGS,NY,40.668568,-73.984947
426448,A & A EXPRESS DELI & GROCERY,Convenience Store,3101 Westchester Ave,Bronx,Bronx,10461,BRONX,NY,40.849403,-73.83062
426485,Omega Seafood & Green Market Inc,Specialty Store,168 W Tremont Ave,Bronx,Bronx,10453,BRONX,NY,40.850708,-73.915901
723316,CVS  2717,Other,1294 Lexington Ave,New York,Manhattan,10128,NEW YORK,NY,40.780437,-73.955086
688000,Ozzie's Fresh Market,Other,592 Fort Washington Ave,New York,Manhattan,10033,NEW YORK,NY,40.854927,-73.936783
689232,RODRIGUEZ GROCERY LLC,Grocery Store,127 Grand Street Ext,Brooklyn,Brooklyn,11211,KINGS,NY,40.714523,-73.961197
686088,SYRENA TRADING INC,Convenience Store,6101 56th Rd,Maspeth,Queens,11378,QUEENS,NY,40.724468,-73.904228
687459,F & R GOLDFISH CORP,Specialty Store,2749 Ocean Ave,Brooklyn,Brooklyn,11229,KINGS,NY,40.594276,-73.950417
464877,DOUBLE S PRODUCE,Specialty Store,330 Albany Ave,Brooklyn,Brooklyn,11213,KINGS,NY,40.668594,-73.939529
465350,ROYAL SEAFOOD OF BBA INC,Grocery Store,3100 Ocean Pkwy,Brooklyn,Brooklyn,11235,KINGS,NY,40.57584,-73.968956
461679,La Costenita Grocery,Grocery Store,2175 2nd Ave,New York,Manhattan,10029,NEW YORK,NY,40.794376,-73.939926
464009,LIPAS FISH MARKET,Specialty Store,208 Division Ave,Brooklyn,Brooklyn,11211,KINGS,NY,40.707165,-73.959244
836586,Zhong Mei (USA) Trading Inc,Other,4138 Main St,Flushing,Queens,11355,QUEENS,NY,40.757149,-73.829033
462625,SD INTERNATIONAL PROD F.I INC,Grocery Store,8419 20th Ave,Brooklyn,Brooklyn,11214,KINGS,NY,40.605274,-73.99736
462699,CVS PHARMACY  2574,Other,6702 Fort Hamilton Pkwy,Brooklyn,Brooklyn,11219,KINGS,NY,40.629333,-74.011238
460012,CVS  2360,Other,743 Amsterdam Ave,New York,Manhattan,10025,NEW YORK,NY,40.794323,-73.970123
837319,Superior Crescent Deli Inc.,Convenience Store,3455 Crescent St,Astoria,Queens,11106,QUEENS,NY,40.759796,-73.931702
837572,Malkhazi Inc,Grocery Store,1506 Avenue J,Brooklyn,Brooklyn,11230,KINGS,NY,40.625099,-73.96109
493067,LA BELLA ROSA BAKERY INC,Specialty Store,605 E Tremont Ave,Bronx,Bronx,10457,BRONX,NY,40.846382,-73.892853
463306,LA RULETA MEAT MARKET,Grocery Store,1475 Saint Nicholas Ave,New York,Manhattan,10033,NEW YORK,NY,40.85096,-73.932579
494611,CVS PHARMACY  5773,Other,6980 Grand Ave,Maspeth,Queens,11378,QUEENS,NY,40.727238,-73.893066
463379,RODRIGUEZ GROCERY,Convenience Store,753 FOX ST,BRONX,Bronx,10455,BRONX,NY,40.815727,-73.898323
837705,Best NY Deli Grocery Inc,Other,4133 Broadway,New York,Manhattan,10033,NEW YORK,NY,40.846008,-73.938538
605012,I&D GLATT INC,Specialty Store,482 Avenue P,Brooklyn,Brooklyn,11223,KINGS,NY,40.609055,-73.969627
605512,Walgreens 2055,Other,10962 Francis Lewis Blvd,Queens Village,Queens,11429,QUEENS,NY,40.706818,-73.751022
605576,Mexico Supermarket Monte Alban Corp,Grocery Store,170 Port Richmond Ave,Staten Island,Staten Island,10302,RICHMOND,NY,40.637058,-74.134193
567648,PARK FISH MARKET,Specialty Store,458 Park Ave,Brooklyn,Brooklyn,11205,KINGS,NY,40.696495,-73.958183
837844,Melo Baez #2 Corporation,Grocery Store,321 E 166th St,Bronx,Bronx,10456,BRONX,NY,40.829906,-73.913666
567850,CVS Pharmacy 6046,Other,2690 Hylan Blvd,Staten Island,Staten Island,10306,RICHMOND,NY,40.566578,-74.113434
514480,LA FAMILIA GROCERY,Convenience Store,834 Belmont Ave,Brooklyn,Brooklyn,11208,KINGS,NY,40.672989,-73.878738
569084,SK Fruit Market Corp,Grocery Store,1057 Southern Blvd,Bronx,Bronx,10459,BRONX,NY,40.824829,-73.892128
606169,KAFF'S BAKERY & GROCERY INC.,Grocery Store,4616 16th Ave,Brooklyn,Brooklyn,11204,KINGS,NY,40.632412,-73.984116
513792,CVS PHARMACY  2699,Other,411 Ditmas Ave,Brooklyn,Brooklyn,11218,KINGS,NY,40.636063,-73.974594
513974,J & C  Grocery & Deli Of  NY Inc,Grocery Store,566 E 188th St,Bronx,Bronx,10458,BRONX,NY,40.856964,-73.887947
570452,Pica Luis Meat Market Corp,Grocery Store,251 W Kingsbridge Rd,Bronx,Bronx,10463,BRONX,NY,40.872871,-73.904778
1596688,2922 Family Deli & Grocery Corp,Convenience Store,2922 8th Ave,New York,Manhattan,10039,NEW YORK,NY,40.828892,-73.937416
603113,203 Parkside Deli Grocery & Luncheonette Corp.,Convenience Store,203 Parkside Ave,Brooklyn,Brooklyn,11226,KINGS,NY,40.655136,-73.961304
603185,CVS  2168,Other,1 Columbus Pl,New York,Manhattan,10019,NEW YORK,NY,40.769356,-73.985466
603459,CVS Pharmacy 2431,Other,4112 Avenue U,Brooklyn,Brooklyn,11234,KINGS,NY,40.608765,-73.923019
838358,168th Superior Market Inc,Convenience Store,108 W 168th St,Bronx,Bronx,10452,BRONX,NY,40.83823,-73.92466
838369,Forest  Fresh Deli Grocery Corp,Convenience Store,6302 Forest Ave,Ridgewood,Queens,11385,QUEENS,NY,40.710659,-73.905075
838372,Mega Seafood Corp.,Specialty Store,1181 Morrison Ave,Bronx,Bronx,10472,BRONX,NY,40.828938,-73.874619
604543,A.L.T. INTERNATIONAL FOOD CORP,Grocery Store,920 Cortelyou Rd,Brooklyn,Brooklyn,11218,KINGS,NY,40.638863,-73.969063
569816,One Stop Farm Corp,Grocery Store,630 Caton Ave,Brooklyn,Brooklyn,11218,KINGS,NY,40.647518,-73.973717
840263,Lareyna Mini Market Corp,Grocery Store,3224 Yates Ave,Bronx,Bronx,10469,BRONX,NY,40.87212,-73.854523
1653996,Broadway Garden Market Corp,Convenience Store,566 W 126th St,New York,Manhattan,10027,NEW YORK,NY,40.816063,-73.957542
1647753,3137 Broadway LLC,Convenience Store,3137 Broadway,New York,Manhattan,10027,NEW YORK,NY,40.813759,-73.960045
1343469,Titi Lokpe African Market Inc,Other,2823 3RD Ave,Bronx,Bronx,10455,BRONX,NY,40.815826,-73.918549
557514,GONZALEZ GROC,Grocery Store,2665 Valentine Ave,Bronx,Bronx,10458,BRONX,NY,40.865753,-73.893074
556343,Viva Fruit and Vegetables,Other,88 Essex St,New York,Manhattan,10002,NEW YORK,NY,40.71772,-73.988449
1653142,331 Quincy Market,Convenience Store,331 Nostrand Ave,Brooklyn,Brooklyn,11216,KINGS,NY,40.687084,-73.950775
467332,Pruko Market,Convenience Store,672 E 180th St,Bronx,Bronx,10457,BRONX,NY,40.848251,-73.889374
470929,VITAL HEALTH FOODS,Convenience Store,19614 Linden Blvd,Saint Albans,Queens,11412,QUEENS,NY,40.693405,-73.755325
467558,3 J 'S Deli-Grocery Inc,Convenience Store,1098 Anderson Ave,Bronx,Bronx,10452,BRONX,NY,40.834679,-73.925293
471631,Weber's Real Kosher Meats LLC,Specialty Store,5114 12th Ave,Brooklyn,Brooklyn,11219,KINGS,NY,40.634972,-73.995964
1649401,Lucky Blue Sky Deli Inc,Convenience Store,2021 Church Ave,Brooklyn,Brooklyn,11226,KINGS,NY,40.650295,-73.960228
469137,MEAL TICKET FOODS INC,Convenience Store,7402 15th Ave,Brooklyn,Brooklyn,11228,KINGS,NY,40.618244,-74.002602
472698,Akota Meat Market Co. Inc,Convenience Store,4004 73rd St,Woodside,Queens,11377,QUEENS,NY,40.746548,-73.892433
1597505,Baby Treasure & Grocery Inc.,Grocery Store,4902 7th Ave,Brooklyn,Brooklyn,11220,KINGS,NY,40.643017,-74.005539
499121,Super 13,Grocery Store,5214 13th Ave,Brooklyn,Brooklyn,11219,KINGS,NY,40.633137,-73.994301
496131,NEW YORK LIVE POULTRY INC,Specialty Store,2235A Jerome Ave,Bronx,Bronx,10453,BRONX,NY,40.857643,-73.904564
1598325,O Deli & Grill 2 Inc,Convenience Store,105 Avenue O,Brooklyn,Brooklyn,11204,KINGS,NY,40.610672,-73.981056
546757,EL TINA FISH MARKET CORP,Specialty Store,500 W 207th St,New York,Manhattan,10034,NEW YORK,NY,40.864567,-73.919167
571295,FORCES OF NATURE,Grocery Store,1608 Sheepshead Bay Rd,Brooklyn,Brooklyn,11235,KINGS,NY,40.587059,-73.953072
571320,10413 Jamaica Corp,Grocery Store,10413 Jamaica Ave,Richmond Hill,Queens,11418,QUEENS,NY,40.695217,-73.842903
496639,J&T Market Inc.,Grocery Store,5804 8th Ave,Brooklyn,Brooklyn,11220,KINGS,NY,40.636494,-74.00853
497859,AMBROSIA- 7WAYS TO NATURE HEALTH FOODS,Other,3306 Church Ave,Brooklyn,Brooklyn,11203,KINGS,NY,40.650925,-73.94635
495780,CVS 542,Other,212-200 Northern Blvd,Bayside,Queens,11361,QUEENS,NY,40.760052,-73.770493
489889,M & D 21 FOOD CORP,Other,4465 21st St,Long Island City,Queens,11101,QUEENS,NY,40.74778,-73.947403
799358,JAMAICA FISH MARKET INC,Other,8802 Van Wyck Expy,Richmond Hill,Queens,11418,QUEENS,NY,40.703903,-73.817558
799378,FRUTERIA DE VALLE CORP,Grocery Store,74 W 183rd St,Bronx,Bronx,10453,BRONX,NY,40.859249,-73.906731
799555,POTOMAC DELI & GROCERY CORP,Grocery Store,19915 Murdock Ave,Saint Albans,Queens,11412,QUEENS,NY,40.700001,-73.75499
799822,SH & N. AGA INC,Grocery Store,3120 Bainbridge Ave,Bronx,Bronx,10467,BRONX,NY,40.874233,-73.879295
465397,Rite Aid 2669,Other,2063 Bartow Ave,Bronx,Bronx,10475,BRONX,NY,40.869637,-73.82814
796621,QUISQUEYA GROCERY,Convenience Store,120 GRATTAN ST,BROOKLYN,Brooklyn,11237,KINGS,NY,40.706184,-73.928207
796837,DIA DELI GROCERY CORP,Convenience Store,1155 E Tremont Ave,Bronx,Bronx,10460,BRONX,NY,40.840042,-73.875282
1648238,Djelilov Corp.,Other,6640 Fresh Pond Rd,Ridgewood,Queens,11385,QUEENS,NY,40.707821,-73.897766
1638204,Milo's Deli Corp,Convenience Store,6737 Central Ave,Glendale,Queens,11385,QUEENS,NY,40.703629,-73.885834
532730,Kelvin Grocery & Deli Inc,Grocery Store,2124 Cornaga Ave,Far Rockaway,Queens,11691,QUEENS,NY,40.602283,-73.755081
547743,APPETIZING PLUS INC,Grocery Store,4801 18th Ave,Brooklyn,Brooklyn,11204,KINGS,NY,40.628723,-73.980385
547798,CEPEDA GROCERY,Convenience Store,746 Washington Ave,Brooklyn,Brooklyn,11238,KINGS,NY,40.675785,-73.963539
465655,ALANIS DELI GROCERY  CORP,Grocery Store,2563 Grand Concourse,Bronx,Bronx,10468,BRONX,NY,40.863983,-73.896286
797653,MANUEL DELI GROCERY CORP,Convenience Store,625 E 137th St,Bronx,Bronx,10454,BRONX,NY,40.805408,-73.915932
797976,Schnitzlers Famous Fish,Specialty Store,326 ROEBLING ST,BROOKLYN,Brooklyn,11211,KINGS,NY,40.708626,-73.961151
797979,10014 Corp,Grocery Store,10014 Queens Blvd,Forest Hills,Queens,11375,QUEENS,NY,40.726677,-73.853722
723966,MEHADRIN SUPERMARKET,Grocery Store,5124 12th Ave,Brooklyn,Brooklyn,11219,KINGS,NY,40.634876,-73.996078
533209,TAN TIN HUNG CORP,Grocery Store,121 Bowery,New York,Manhattan,10002,NEW YORK,NY,40.718117,-73.994934
532262,1681 Grocery Inc,Convenience Store,4125 Laconia Ave,Bronx,Bronx,10466,BRONX,NY,40.888016,-73.846901
532278,SHABBOS NUNAY YAMOH CORP,Specialty Store,417 Kingston Ave,Brooklyn,Brooklyn,11225,KINGS,NY,40.664619,-73.942619
534542,M & M SUPERETTE INC,Convenience Store,234 Richmond Ter,Staten Island,Staten Island,10301,RICHMOND,NY,40.647213,-74.080902
608226,CASA RIVERA GROCERY LTD,Other,4015 82nd St,Elmhurst,Queens,11373,QUEENS,NY,40.747063,-73.883789
534890,SCATURRO SUPERMARKETS,Grocery Store,8439 Jamaica Ave,Woodhaven,Queens,11421,QUEENS,NY,40.692608,-73.859398
535105,PREMIER FOOD INC,Other,738 Lydig Ave,Bronx,Bronx,10462,BRONX,NY,40.854382,-73.866325
608320,RITE AID 10584,Other,320 Smith St,Brooklyn,Brooklyn,11231,KINGS,NY,40.681309,-73.994354
843653,Bartolome Grocery And Deli Corp,Grocery Store,4302 8th Ave,Brooklyn,Brooklyn,11232,KINGS,NY,40.644924,-73.999771
843654,Nordomi #2 Deli Corp,Grocery Store,13901 89th Ave,Jamaica,Queens,11435,QUEENS,NY,40.702675,-73.813133
533813,S & W Supermarket Inc,Other,4028 E Tremont Ave,Bronx,Bronx,10465,BRONX,NY,40.81945,-73.817696
841311,YK Discount Store Llc,Grocery Store,8119 Flatlands Ave,Brooklyn,Brooklyn,11236,KINGS,NY,40.636414,-73.912193
609324,WEBERS FRUIT STORE INC,Grocery Store,5522 13th Ave,Brooklyn,Brooklyn,11219,KINGS,NY,40.631317,-73.996185
534341,CVS  2718,Other,178-02 HILLSIDE AVE.,Jamaica,Queens,11432,QUEENS,NY,40.712231,-73.785233
606983,69-21 MINI MARKET INC,Convenience Store,6921 Myrtle Ave,Glendale,Queens,11385,QUEENS,NY,40.701889,-73.882057
534395,MALKO KARKANNI BROS INC,Other,174 Atlantic Ave,Brooklyn,Brooklyn,11201,KINGS,NY,40.690033,-73.993736
474302,KEITA WEST AFRICAN MARKET INC.,Grocery Store,1225 Broadway,Brooklyn,Brooklyn,11221,KINGS,NY,40.691925,-73.926033
524007,THE NATURAL PARADISE INC,Grocery Store,2611 Broadway,New York,Manhattan,10025,NEW YORK,NY,40.796471,-73.970787
524056,CVS PHARMACY  2671,Other,750 Avenue of the Americas,New York,Manhattan,10010,NEW YORK,NY,40.743759,-73.991913
700172,L.J. JACKSON CORP.,Specialty Store,316 Jackson Ave,Bronx,Bronx,10454,BRONX,NY,40.806545,-73.911552
561102,Dhaka Discount & Grocery Inc,Grocery Store,281 E 204th St,Bronx,Bronx,10467,BRONX,NY,40.873466,-73.878944
613038,J&B WEST INDIAN AMERICAN GROCERY,Grocery Store,12402 Liberty Ave,South Richmond Hill,Queens,11419,QUEENS,NY,40.687737,-73.819969
613064,CVS PHARMACY  6053,Other,2045 Forest Ave,Staten Island,Staten Island,10303,RICHMOND,NY,40.626575,-74.157555
610344,Battambang Market Ii,Grocery Store,229a E Kingsbridge Rd,Bronx,Bronx,10458,BRONX,NY,40.865036,-73.893883
613655,UNITED FOOD CENTER,Convenience Store,309 Stuyvesant Ave,Brooklyn,Brooklyn,11233,KINGS,NY,40.683678,-73.932159
613767,RANDAZZO'S FISH MKT,Specialty Store,2327 Arthur Ave,Bronx,Bronx,10458,BRONX,NY,40.853943,-73.888992
700334,WALGREEN  07294,Other,10314 Roosevelt Ave,Corona,Queens,11368,QUEENS,NY,40.749447,-73.862617
561595,TESSERS FOOD CENTER INC,Grocery Store,8784 Parsons Blvd,Jamaica,Queens,11432,QUEENS,NY,40.707001,-73.802605
473638,SEVEN SEAS II FISH,Specialty Store,1856 Nostrand Ave,Brooklyn,Brooklyn,11226,KINGS,NY,40.640434,-73.948486
609990,VINCENTS MEAT MARKET,Specialty Store,2374 Arthur Ave,Bronx,Bronx,10458,BRONX,NY,40.854851,-73.888008
700054,5009 6TH AVE SUPERMARKET,Grocery Store,5009 6th Ave,Brooklyn,Brooklyn,11220,KINGS,NY,40.643456,-74.008247
621119,SSN CASA BLANCA HALAL LIVE POULTR,Specialty Store,1794 E Tremont Ave,Bronx,Bronx,10460,BRONX,NY,40.840046,-73.867699
548482,Walgreens 19994,Other,1040 Saint Johns Pl,Brooklyn,Brooklyn,11213,KINGS,NY,40.671242,-73.943832
1661095,Zain Gourmet Deli,Convenience Store,648 10th Ave,New York,Manhattan,10036,NEW YORK,NY,40.761932,-73.993576
524200,PORTUGESE LIVE POULTRY MARKET INC,Other,3254 111th St,East Elmhurst,Queens,11369,QUEENS,NY,40.758369,-73.859016
619814,Trade Better Supermarket Corp,Grocery Store,10906 Jamaica Ave,Richmond Hill,Queens,11418,QUEENS,NY,40.695938,-73.838516
524239,ARIEL'S GROCERY STORE,Convenience Store,42-06 108th St,Corona,Queens,11368,QUEENS,NY,40.749065,-73.858154
576889,BROTHERS FOOD MARKET,Convenience Store,761 E 182nd St,Bronx,Bronx,10460,BRONX,NY,40.849369,-73.884621
1670007,Rama African Organic Food Corp.,Grocery Store,984 Intervale Ave,Bronx,Bronx,10459,BRONX,NY,40.822857,-73.896675
524418,CVS PHARMACY  2457,Other,320 5th Ave,New York,Manhattan,10001,NEW YORK,NY,40.747311,-73.985428
524475,CVS Pharmacy 3138,Other,20609 Linden Blvd,Cambria Heights,Queens,11411,QUEENS,NY,40.696297,-73.745712
528345,Rite Aid 543,Other,5224 5th Ave,Brooklyn,Brooklyn,11220,KINGS,NY,40.643642,-74.012062
528419,Regina Annadale Meat Market Inc,Specialty Store,881 Annadale Rd,Staten Island,Staten Island,10312,RICHMOND,NY,40.540173,-74.177116
1225813,Moronta's Supermarket Corp,Grocery Store,3294 Hull Ave,Bronx,Bronx,10467,BRONX,NY,40.876663,-73.874413
620296,CVS PHARMACY  2062,Other,8529 126th St,Kew Gardens,Queens,11415,QUEENS,NY,40.705139,-73.825287
527351,El Kiosko Grocery Corp,Convenience Store,1814 Crotona Ave,Bronx,Bronx,10457,BRONX,NY,40.842976,-73.893158
1646059,B Q Deli & Smoothie Bar Corp,Convenience Store,310 Flatbush Ave,Brooklyn,Brooklyn,11238,KINGS,NY,40.677368,-73.972809
988236,Double A Super Deli Inc,Grocery Store,350 E 204th St,Bronx,Bronx,10467,BRONX,NY,40.871948,-73.877792
620483,CUESTA INC,Grocery Store,193 Port Richmond Ave,Staten Island,Staten Island,10302,RICHMOND,NY,40.636532,-74.134293
619691,MERCEDITAS GROC,Grocery Store,9920 37th Ave,Corona,Queens,11368,QUEENS,NY,40.75227,-73.867943
525444,Arons Fruit Emporium,Grocery Store,5208 13th Ave,Brooklyn,Brooklyn,11219,KINGS,NY,40.633175,-73.994095
1660842,149 Prospect Produce Corp,Grocery Store,822 E 149th St,Bronx,Bronx,10455,BRONX,NY,40.812405,-73.9058
550748,ESQUINA 100 & 34 GROCERY INC,Grocery Store,9920 34th Ave,Corona,Queens,11368,QUEENS,NY,40.755344,-73.868912
801672,Fresh Health Food Supermarket,Other,594 Nostrand Ave,Brooklyn,Brooklyn,11216,KINGS,NY,40.678173,-73.94976
803260,SUTTER GROCERY STORE,Convenience Store,978 Sutter Ave,Brooklyn,Brooklyn,11208,KINGS,NY,40.671215,-73.88253
803386,Kirolos Inc.,Convenience Store,458 3rd Ave,Brooklyn,Brooklyn,11215,KINGS,NY,40.671677,-73.991035
803930,NUEVO MEXICO BAKERY CORP,Grocery Store,4513 5th Ave,Brooklyn,Brooklyn,11220,KINGS,NY,40.647617,-74.007652
804142,S & K World Of Spice,Grocery Store,4404 White Plains Rd,Bronx,Bronx,10470,BRONX,NY,40.89864,-73.854027
802287,LUCKY LELAND,Convenience Store,1859 Archer St,Bronx,Bronx,10460,BRONX,NY,40.83786,-73.864693
1578238,Del Campo Fruits & Vegetables Corp,Grocery Store,275 Ridgewood Ave,Brooklyn,Brooklyn,11208,KINGS,NY,40.684078,-73.878555
802460,Walgreens 14128,Other,386 Fulton St,Brooklyn,Brooklyn,11201,KINGS,NY,40.691326,-73.987122
1577477,Tribeca Deli Grill Corp,Convenience Store,165 Church St,New York,Manhattan,10007,NEW YORK,NY,40.715118,-74.007584
802467,Walgreens 14146,Other,2522 Broadway,New York,Manhattan,10025,NEW YORK,NY,40.793419,-73.972374
802648,Walgreens 14187,Other,6002 Roosevelt Ave,Woodside,Queens,11377,QUEENS,NY,40.745483,-73.904289
802665,Walgreens 14206,Other,11602 Beach Channel Dr,Rockaway Park,Queens,11694,QUEENS,NY,40.581779,-73.83857
802667,Walgreens 14209,Other,609 Columbus Ave,New York,Manhattan,10024,NEW YORK,NY,40.788902,-73.970398
802706,Walgreens 14225,Other,2864 Broadway,New York,Manhattan,10025,NEW YORK,NY,40.804832,-73.965889
802710,Walgreens 14239,Other,721 9th Ave,NEW YORK,Manhattan,10019,NEW YORK,NY,40.762981,-73.989357
802726,Walgreens 14271,Other,8432 Jamaica Ave,Woodhaven,Queens,11421,QUEENS,NY,40.692444,-73.859589
802729,Walgreens 14277,Other,1517 Cortelyou Rd,Brooklyn,Brooklyn,11226,KINGS,NY,40.641685,-73.963722
1567345,Sunset Gourmet Corp,Convenience Store,5124 4th Ave,Brooklyn,Brooklyn,11220,KINGS,NY,40.645557,-74.013832
802744,Walgreens 14312,Other,296 Flatbush Ave,Brooklyn,Brooklyn,11217,KINGS,NY,40.678143,-73.973206
802745,Walgreens 14314,Other,5413 Myrtle Ave,Ridgewood,Queens,11385,QUEENS,NY,40.699669,-73.910294
802749,Duane Reade 14317,Other,1915 3rd Ave,New York,Manhattan,10029,NEW YORK,NY,40.79129,-73.944839
802756,Walgreens 14335,Other,320 W 145th St,New York,Manhattan,10039,NEW YORK,NY,40.823219,-73.943214
802833,Walgreens 14382,Other,300 W 135TH ST,NEW YORK,Manhattan,10030,NEW YORK,NY,40.816616,-73.946861
802853,Walgreens 14444,Other,2265 Ralph Ave,Brooklyn,Brooklyn,11234,KINGS,NY,40.622524,-73.917168
802859,TU BOHIO GROCERY CORP,Convenience Store,1710 Utica Ave,Brooklyn,Brooklyn,11234,KINGS,NY,40.630753,-73.928345
802864,Walgreens 14449,Other,7301 37th Ave,Jackson Heights,Queens,11372,QUEENS,NY,40.748909,-73.892387
802880,Walgreens 14477,Other,9511 63rd Dr,Rego Park,Queens,11374,QUEENS,NY,40.729435,-73.862839
803140,ALBA'S GROCERY OF KEW GARDENS INC,Convenience Store,11920 Metropolitan Ave,Kew Gardens,Queens,11415,QUEENS,NY,40.70594,-73.83136
986398,Northern Grocery,Convenience Store,15209 Northern Blvd,Flushing,Queens,11354,QUEENS,NY,40.765133,-73.812492
551293,Borough Park Supermarket,Grocery Store,1891 50th St,Brooklyn,Brooklyn,11204,KINGS,NY,40.626518,-73.979317
552468,M & R TAKE HOME FOODS INC,Other,5410 New Utrecht Ave,Brooklyn,Brooklyn,11219,KINGS,NY,40.632149,-73.995377
551389,MENDELSON FOOD INC,Specialty Store,14 Lee Ave,Brooklyn,Brooklyn,11211,KINGS,NY,40.7071,-73.961655
804336,DUANE READE 14104,Other,401 PARK AVE S,NEW YORK,Manhattan,10016,NEW YORK,NY,40.743111,-73.984116
804347,Duane Reade 21354,Other,51 W 51st St,New York,Manhattan,10019,NEW YORK,NY,40.760052,-73.978775
804349,DUANE READE 14118,Other,305 Broadway,New York,Manhattan,10007,NEW YORK,NY,40.715401,-74.005302
551477,White Plains Brothers Meat Market Corp,Other,4384 White Plains Rd,Bronx,Bronx,10466,BRONX,NY,40.898018,-73.854446
552736,POLAM INTERNATIONAL MEAT MKT INC,Grocery Store,952 Manhattan Ave,Brooklyn,Brooklyn,11222,KINGS,NY,40.731792,-73.954506
1640555,A & A Queens Deli Deluxe Inc,Convenience Store,18707 Linden Blvd,Saint Albans,Queens,11412,QUEENS,NY,40.692165,-73.765167
804435,DUANE READE 14134,Other,100 W 57th St,New York,Manhattan,10019,NEW YORK,NY,40.764355,-73.977287
804538,DUANE READE 14181,Other,4 Amsterdam Ave,New York,Manhattan,10023,NEW YORK,NY,40.770672,-73.987663
804540,DUANE READE 14194,Other,2683 Broadway,New York,Manhattan,10025,NEW YORK,NY,40.798664,-73.969032
804551,Walgreens 14217,Other,625 8th Ave,New York,Manhattan,10018,NEW YORK,NY,40.756378,-73.990646
804555,DUANE READE 14221,Other,773 Lexington Ave,New York,Manhattan,10065,NEW YORK,NY,40.76318,-73.967445
549718,RITE AID 3879,Other,6900 4th Ave,Brooklyn,Brooklyn,11209,KINGS,NY,40.634422,-74.023643
804674,ASMAX FOOD INC,Grocery Store,7721 Flatlands Ave,Brooklyn,Brooklyn,11236,KINGS,NY,40.634556,-73.915092
804702,DUANE READE 14256,Other,24946 Horace Harding,Douglaston,Queens,11362,QUEENS,NY,40.76062,-73.730995
1653789,2924 Mini Mart Corp,Convenience Store,2924 Avenue r,Brooklyn,Brooklyn,11229,KINGS,NY,40.607262,-73.943359
804706,DUANE READE 14260,Other,77 7th Ave,New York,Manhattan,10011,NEW YORK,NY,40.739151,-73.999207
1471579,Sr Mango House Inc 001,Grocery Store,5117 Church Ave,Brooklyn,Brooklyn,11203,KINGS,NY,40.652225,-73.928848
1638055,President Market Corp,Convenience Store,239 Rogers Ave,Brooklyn,Brooklyn,11225,KINGS,NY,40.668159,-73.953354
1637817,Patron Deli,Convenience Store,25-75 College Point Blvd,Flushing,Queens,11354,QUEENS,NY,40.774761,-73.846451
1633279,Sam's Deli X-press Corp.,Convenience Store,1268B Myrtle Ave,Brooklyn,Brooklyn,11221,KINGS,NY,40.697845,-73.926598
1634070,Wang Jia Fu Grocery Llc,Grocery Store,5808 7th Ave,Brooklyn,Brooklyn,11220,KINGS,NY,40.637867,-74.010887
1641048,Prime Halal Meat Market,Other,2902 36th Ave,Astoria,Queens,11106,QUEENS,NY,40.757183,-73.931305
1385188,Francena Mini Mart Food Corp,Convenience Store,1608 Sterling Pl,Brooklyn,Brooklyn,11213,KINGS,NY,40.671078,-73.925476
1633722,Babas Deli,Convenience Store,599 5th Ave,Brooklyn,Brooklyn,11215,KINGS,NY,40.664249,-73.990219
1646073,Maita Deli Grocery Corp,Convenience Store,1571 Saint Johns Pl,Brooklyn,Brooklyn,11213,KINGS,NY,40.670452,-73.92556
1645467,532 Fourth Avenue Grocery-Deli Corp,Grocery Store,532 4th Ave,Brooklyn,Brooklyn,11215,KINGS,NY,40.667282,-73.991554
1297126,World Famous Deli Corp,Grocery Store,475 Bergen St,Brooklyn,Brooklyn,11217,KINGS,NY,40.680809,-73.974785
1635822,455 Atlantic Deli & Grocery Corp,Convenience Store,455 Atlantic Ave,Brooklyn,Brooklyn,11217,KINGS,NY,40.686188,-73.982475
1633814,Jiumna Food Corp,Convenience Store,1711 Bleecker St,Ridgewood,Queens,11385,QUEENS,NY,40.704037,-73.912544
1640097,Moon Deli Grocery,Convenience Store,969 Seneca Ave,Ridgewood,Queens,11385,QUEENS,NY,40.699734,-73.902267
1641456,Guru Kirpa Farms Inc,Grocery Store,24813 Union Tpke,Bellerose,Queens,11426,QUEENS,NY,40.74268,-73.721741
1637699,Diyor Family,Grocery Store,937 Coney Island Ave,Brooklyn,Brooklyn,11230,KINGS,NY,40.634605,-73.967239
1656740,Top Notch NYC Deli Corp,Convenience Store,76 Clinton St,New York,Manhattan,10002,NEW YORK,NY,40.71891,-73.985054
805004,DUANE READE 14265,Other,123 3rd Ave,New York,Manhattan,10003,NEW YORK,NY,40.733143,-73.987244
805006,DUANE READE 14268,Other,2428 Bell Blvd,Bayside,Queens,11360,QUEENS,NY,40.779156,-73.775719
1633757,Nooni Deli & Grocery Corp.,Convenience Store,8311 Flatlands Ave,Brooklyn,Brooklyn,11236,KINGS,NY,40.637276,-73.910866
1640394,Beyond Deli And Grocery,Convenience Store,185 Norman Ave,Brooklyn,Brooklyn,11222,KINGS,NY,40.727169,-73.946884
1632406,Shadow's Deli Grocery Corp,Grocery Store,4303 National St,Corona,Queens,11368,QUEENS,NY,40.746758,-73.863609
1635614,Deuris Mini Market Inc,Convenience Store,5223 103rd St,Corona,Queens,11368,QUEENS,NY,40.741447,-73.85762
1631092,98 Gourmet Deli,Other,504 E 98th St,Brooklyn,Brooklyn,11212,KINGS,NY,40.656475,-73.913635
1648683,Grace Food & Deli Corp,Convenience Store,1053 Bedford Ave,Brooklyn,Brooklyn,11216,KINGS,NY,40.687828,-73.954628
536841,Wazobia 1 African Market,Convenience Store,1204 Flatbush Ave,Brooklyn,Brooklyn,11226,KINGS,NY,40.64093,-73.956268
1638060,Utica Ock Deli And Grill Corp,Convenience Store,1645 Utica Ave,Brooklyn,Brooklyn,11234,KINGS,NY,40.632187,-73.928093
1643219,37 Lime Tree Corp,Other,8004 37th Ave,Jackson Heights,Queens,11372,QUEENS,NY,40.749462,-73.885963
1634997,El Sol Mini Market,Grocery Store,8525 37th Ave,Jackson Heights,Queens,11372,QUEENS,NY,40.750252,-73.880753
1338049,Nut House Inc,Grocery Store,1117 Brighton Beach Ave,Brooklyn,Brooklyn,11235,KINGS,NY,40.578007,-73.956299
1646064,New Bay Side Inc,Convenience Store,3119 Emmons Ave,Brooklyn,Brooklyn,11235,KINGS,NY,40.584221,-73.934837
535773,PERALTA-BUENO CORP.,Grocery Store,2578 Pitkin Ave,Brooklyn,Brooklyn,11208,KINGS,NY,40.674652,-73.8769
1632639,Thomasc Family Mart,Convenience Store,8220 Roosevelt Ave,Jackson Heights,Queens,11372,QUEENS,NY,40.747604,-73.883102
1632919,Superfresh Supermarket,Other,3404 Quentin Rd,Brooklyn,Brooklyn,11234,KINGS,NY,40.613762,-73.937943
1383896,Las Delicias Deli Grocery,Grocery Store,9209 37th Ave,Jackson Heights,Queens,11372,QUEENS,NY,40.750885,-73.874725
1631205,Marine Deli & Grill,Convenience Store,3617 Quentin Rd,Brooklyn,Brooklyn,11234,KINGS,NY,40.615059,-73.936417
1645747,Stuyvesant Deli Grocery Corp,Convenience Store,59 Stuyvesant Ave,Brooklyn,Brooklyn,11221,KINGS,NY,40.694008,-73.93412
1635599,One Stop Health Deli & Market Inc,Convenience Store,34 Ralph Ave,Brooklyn,Brooklyn,11221,KINGS,NY,40.689144,-73.924103
403828,Rocco's Bagels Deli & Grill,Convenience Store,117 Brighton Beach Ave,Brooklyn,Brooklyn,11235,KINGS,NY,40.576527,-73.967598
1631878,Rockaway Food Corp,Convenience Store,9706 Rockaway Beach Blvd,Rockaway Beach,Queens,11693,QUEENS,NY,40.584923,-73.819122
1635103,Ryyan Deli & Grocery,Convenience Store,1256 Troy Ave,Brooklyn,Brooklyn,11203,KINGS,NY,40.642021,-73.935326
1630884,KF Frozen Seafood Market,Grocery Store,3310 Church Ave,Brooklyn,Brooklyn,11203,KINGS,NY,40.65086,-73.946266
1632721,Koufukumart,Convenience Store,2802 42nd Rd,Long Island City,Queens,11101,QUEENS,NY,40.748695,-73.939484
1635593,Watany Halal Meat Inc,Grocery Store,2576 Steinway St,Astoria,Queens,11103,QUEENS,NY,40.766182,-73.91333
1628961,Top Deli & Grill Corporation,Convenience Store,2143 Nostrand Ave,Brooklyn,Brooklyn,11210,KINGS,NY,40.633034,-73.947609
844032,El Paso Deli,Convenience Store,725 Van Nest Ave,Bronx,Bronx,10462,BRONX,NY,40.84409,-73.864555
844940,Walgreens 09204,Other,955 Manor Rd,Staten Island,Staten Island,10314,RICHMOND,NY,40.603653,-74.120262
1670900,Al Quds Trading Corp,Grocery Store,1827 White Plains Rd,Bronx,Bronx,10462,BRONX,NY,40.846184,-73.866745
701927,ROSENBLUM'S SELF SERVICE MKT INC,Grocery Store,8238 Lefferts Blvd,Kew Gardens,Queens,11415,QUEENS,NY,40.70689,-73.831787
844447,Smile Fish Market Inc,Specialty Store,1444 Nostrand Ave,Brooklyn,Brooklyn,11226,KINGS,NY,40.651138,-73.94976
539104,MOON'S ORGANIC CAFE INC,Convenience Store,496 Atlantic Ave,Brooklyn,Brooklyn,11217,KINGS,NY,40.685596,-73.981834
1657395,Coconut Kosher Supermarket,Grocery Store,15 Throop Ave,Brooklyn,Brooklyn,11206,KINGS,NY,40.703873,-73.947929
992238,CVS Pharmacy 644,Other,8430 New Utrecht Ave,Brooklyn,Brooklyn,11214,KINGS,NY,40.60817,-74.00193
1654811,Tompkins Gourmet Corp.,Convenience Store,131 Tompkins Ave,Brooklyn,Brooklyn,11206,KINGS,NY,40.695114,-73.946114
1651071,La Bodega 33 Corp,Convenience Store,3343 108th St,Corona,Queens,11368,QUEENS,NY,40.756538,-73.860603
1634688,USA Super Stores,Convenience Store,401 8th Ave,New York,Manhattan,10001,NEW YORK,NY,40.749664,-73.995529
1660819,Speedway 7824,Convenience Store,285 E 233rd St,Bronx,Bronx,10470,BRONX,NY,40.896301,-73.867371
1429307,79 Avenue A Deli & Grocery Inc,Convenience Store,79 Avenue A,New York,Manhattan,10009,NEW YORK,NY,40.725071,-73.984436
615080,2000 GOR-MET CORP.,Convenience Store,17 Lincoln Rd,Brooklyn,Brooklyn,11225,KINGS,NY,40.660732,-73.962395
703316,YOUNG'S FRUIT MARKET,Specialty Store,713 Burke Ave,Bronx,Bronx,10467,BRONX,NY,40.87159,-73.866554
618762,THE SPICE EMPORIUM INC/ dba BIG APPLE,Other,4141 White Plains Rd,Bronx,Bronx,10466,BRONX,NY,40.891808,-73.858383
1648010,Kenan Best Deli & Grill,Convenience Store,750A Morris Park Ave,Bronx,Bronx,10462,BRONX,NY,40.845478,-73.864166
618979,2007 Melanie Deli & Grocery Corp.,Convenience Store,9502 35th Ave,Jackson Hts,Queens,11372,QUEENS,NY,40.753155,-73.872467
619074,BRENMAN'S MEAT MARKET INC,Grocery Store,2496 Gerritsen Ave,Brooklyn,Brooklyn,11229,KINGS,NY,40.596809,-73.929611
1648796,188 Valentine Convenience Corp,Convenience Store,221 E 188th St,Bronx,Bronx,10458,BRONX,NY,40.861179,-73.896591
1646088,Boston Market & More,Convenience Store,2012 Boston Rd,Bronx,Bronx,10460,BRONX,NY,40.840347,-73.879868
615572,R AND R FRUIT & PRODUCE EMPORIUM,Grocery Store,335 Kingston Ave,Brooklyn,Brooklyn,11213,KINGS,NY,40.667789,-73.942314
702386,MARCY GROCERY INC,Grocery Store,287 Marcy Ave,Brooklyn,Brooklyn,11211,KINGS,NY,40.704575,-73.955185
616916,CVS PHARMACY 6052,Other,250 Page Ave,Staten Island,Staten Island,10307,RICHMOND,NY,40.517311,-74.235321
580038,M.N.D.S. GOURMET ENTERPRISES INC.,Grocery Store,6306 Woodhaven Blvd,Rego Park,Queens,11374,QUEENS,NY,40.724171,-73.869247
530363,CVS PHARMACY  2557,Other,253 1st Ave,New York,Manhattan,10003,NEW YORK,NY,40.731964,-73.982361
624100,WEALTH OF HEALTH NUTRITION CENTER,Other,1309 Avenue U,Brooklyn,Brooklyn,11229,KINGS,NY,40.598686,-73.957924
1597197,Pavan Inc,Convenience Store,11021 Northern Blvd,Corona,Queens,11368,QUEENS,NY,40.758057,-73.85907
580467,200 Malcom X Meat Corp/Key Food,Other,200 Malcolm X Blvd,Brooklyn,Brooklyn,11221,KINGS,NY,40.686554,-73.929924
579119,NOSTRAND HEALTH FOOD CORP,Other,1432 Nostrand Ave,Brooklyn,Brooklyn,11226,KINGS,NY,40.651337,-73.949677
1595229,Sweet Occasions Express Inc.,Specialty Store,3558 97th St,Corona,Queens,11368,QUEENS,NY,40.751965,-73.870148
625846,ANTHONY SCICCHITANO ITALIAN PORK,Other,10313 101st Ave,Ozone Park,Queens,11416,QUEENS,NY,40.686161,-73.839409
714270,Rite Aid 3359,Other,911 Morris Park Ave,Bronx,Bronx,10462,BRONX,NY,40.846867,-73.8591
714286,Organic Paradise Health  Food Store Inc,Convenience Store,4532 Broadway,New York,Manhattan,10040,NEW YORK,NY,40.858776,-73.931313
711849,Al Salam Halal Meat & Grocery Inc,Grocery Store,7206 5th Ave,Brooklyn,Brooklyn,11209,KINGS,NY,40.631481,-74.021843
711948,CVS PHARMACY  2939,Other,500 Grand St,New York,Manhattan,10002,NEW YORK,NY,40.71497,-73.982834
712625,Walgreens 19158,Other,1419 Newkirk Ave,Brooklyn,Brooklyn,11226,KINGS,NY,40.63559,-73.963524
713365,DIANA FOOD CENTER,Convenience Store,291 Troy Ave,Brooklyn,Brooklyn,11213,KINGS,NY,40.668564,-73.936562
713483,LA BOINA ROJA INC,Grocery Store,8018 37th Ave,Jackson Heights,Queens,11372,QUEENS,NY,40.749508,-73.885529
1587669,M & A Deli Grocery 1 Inc.,Convenience Store,374 E 188th St,Bronx,Bronx,10458,BRONX,NY,40.859955,-73.893669
1466555,Ootzil Deli Grocery Inc.,Grocery Store,7607 New Utrecht Ave,Brooklyn,Brooklyn,11214,KINGS,NY,40.614525,-74.000061
659521,CVS PHARMACY 3224,Other,130 Malcolm X Blvd,New York,Manhattan,10026,NEW YORK,NY,40.802242,-73.949409
659552,S. KAHAN GROCERY INC,Grocery Store,268 Marcy Ave,Brooklyn,Brooklyn,11211,KINGS,NY,40.705307,-73.956253
1643379,Homeflavor Africa And American Food Services Llc,Other,1092 Clarkson Ave,Brooklyn,Brooklyn,11212,KINGS,NY,40.659828,-73.921867
583106,Anthony's Famous Gourmet Deli Inc,Grocery Store,169 E Gun Hill Rd,Bronx,Bronx,10467,BRONX,NY,40.880997,-73.877922
1575534,B-Town Supermarket,Grocery Store,90 Church Ave,Brooklyn,Brooklyn,11218,KINGS,NY,40.642467,-73.979904
1587943,Chy Fish Inc,Specialty Store,16602 Baisley Blvd,Jamaica,Queens,11434,QUEENS,NY,40.678921,-73.776237
583357,RITE AID 4712,Other,9302 3rd Ave,Brooklyn,Brooklyn,11209,KINGS,NY,40.618423,-74.033165
659858,Brown & White Markets Inc,Other,311 E 23rd St,New York,Manhattan,10010,NEW YORK,NY,40.737679,-73.979881
1584842,Coco Market Inc,Grocery Store,1119 Liberty Ave,Brooklyn,Brooklyn,11208,KINGS,NY,40.678654,-73.868179
708759,MB FISH INC.,Specialty Store,98B Rutledge St,Brooklyn,Brooklyn,11211,KINGS,NY,40.700569,-73.959236
708765,YOUNG FOOD MARKET,Grocery Store,2007 New Haven Ave,Far Rockaway,Queens,11691,QUEENS,NY,40.600662,-73.753944
584727,RV MEAT MARKET II INC.,Convenience Store,902 Rutland Rd,Brooklyn,Brooklyn,11203,KINGS,NY,40.660652,-73.929527
711143,Muncan Food Corp.,Specialty Store,6086 Myrtle Ave,Ridgewood,Queens,11385,QUEENS,NY,40.700653,-73.895027
711224,CVS  2144,Other,1396 2nd Ave,New York,Manhattan,10021,NEW YORK,NY,40.768982,-73.958008
1637661,Rockaway Gourmet Inc.,Grocery Store,1089 Rutland Rd,Brooklyn,Brooklyn,11212,KINGS,NY,40.664356,-73.924049
643902,COHN LIVE POULTRY INC,Specialty Store,467 Flushing Ave,Brooklyn,Brooklyn,11205,KINGS,NY,40.69912,-73.956184
645831,ANTONETTE INC,Grocery Store,1316 Fulton St,Brooklyn,Brooklyn,11216,KINGS,NY,40.680283,-73.94812
659925,BAEZ GROCERY STORE,Convenience Store,10414 37th Ave,Corona,Queens,11368,QUEENS,NY,40.753483,-73.862907
662449,LOS RODRIGUEZ DELI & GROCERY CO,Grocery Store,879 E 175th St,Bronx,Bronx,10460,BRONX,NY,40.83992,-73.888229
1656870,3186 21st Street Inc,Convenience Store,3186 21st St,Astoria,Queens,11106,QUEENS,NY,40.765446,-73.93174
664878,Rite Aid 2771,Other,165-02 BAISLEY BLVD,JAMAICA,Queens,11434,QUEENS,NY,40.678066,-73.777565
665143,N & S MANHATTAN LIVE POULTRY,Specialty Store,248 E 117th St,New York,Manhattan,10035,NEW YORK,NY,40.797855,-73.937752
1130215,Sunrise Pharmacy,Other,6725 Bay Pkwy,Brooklyn,Brooklyn,11204,KINGS,NY,40.612045,-73.983055
1587699,Grand Grill & Grocery Corp,Convenience Store,50 W Burnside Ave,Bronx,Bronx,10453,BRONX,NY,40.853931,-73.909653
665288,2690 GROCERY CORP,Convenience Store,2690 3rd Ave,Bronx,Bronx,10454,BRONX,NY,40.813465,-73.922516
1590510,Fruit King & Deli Grocery Corp.,Grocery Store,761 McDonald Ave,Brooklyn,Brooklyn,11218,KINGS,NY,40.635445,-73.977844
964503,145 Bagel And Coffee Deli Corp,Convenience Store,1717 Amsterdam Ave,New York,Manhattan,10031,NEW YORK,NY,40.825039,-73.947533
715673,E.W. Bakery Inc.,Specialty Store,4202 White Plains Rd,Bronx,Bronx,10466,BRONX,NY,40.893639,-73.857025
764139,Contento Food Center Inc,Grocery Store,1999 University Ave,Bronx,Bronx,10453,BRONX,NY,40.855038,-73.911003
765436,Green Wood Minimarket Inc,Grocery Store,574 7th Ave,Brooklyn,Brooklyn,11215,KINGS,NY,40.659153,-73.988586
765602,Jin Zheng Fa Inc,Other,4279 Main St,Flushing,Queens,11355,QUEENS,NY,40.753159,-73.827232
641761,HADERA INC,Grocery Store,529 Kings Hwy,Brooklyn,Brooklyn,11223,KINGS,NY,40.60461,-73.969757
1592886,Varenyk House 0776015,Other,1111 Brighton Beach Ave,Brooklyn,Brooklyn,11235,KINGS,NY,40.578064,-73.956459
1591450,Z Deli & Grill 2 Incorporated,Convenience Store,2835 Coney Island Ave,Brooklyn,Brooklyn,11235,KINGS,NY,40.58746,-73.960159
640804,VALLECITO BAKERY CORP,Specialty Store,4006 Benham St,Elmhurst,Queens,11373,QUEENS,NY,40.748287,-73.875221
646431,S K W  SEAFOOD INC,Specialty Store,60 W 116th St,New York,Manhattan,10026,NEW YORK,NY,40.801693,-73.948982
635729,895a BROTHER FOOD CENTER CORP,Convenience Store,895A Franklin Ave,Brooklyn,Brooklyn,11225,KINGS,NY,40.66819,-73.95871
766794,Matanza Deli Grocery Corp,Grocery Store,4027A Laconia Ave,Bronx,Bronx,10466,BRONX,NY,40.88586,-73.848427
637551,USA PACKING INC,Specialty Store,3502 3rd Ave,Bronx,Bronx,10456,BRONX,NY,40.830627,-73.90596
640277,CVS PHARMACY  2435,Other,75 Christopher St,New York,Manhattan,10014,NEW YORK,NY,40.733658,-74.003159
646951,CVS  2036,Other,1622 3rd Ave,New York,Manhattan,10128,NEW YORK,NY,40.782219,-73.951736
641528,963 Janico Grocery Inc,Convenience Store,963 Pennsylvania Ave,Brooklyn,Brooklyn,11207,KINGS,NY,40.654675,-73.887199
636522,PIKER FOODS CORP,Grocery Store,508 Brighton Beach Ave,Brooklyn,Brooklyn,11235,KINGS,NY,40.577335,-73.961975
726348,EL PUEBLO MEXICANO GROCERY,Grocery Store,238 E 116th St,NEW YORK,Manhattan,10029,NEW YORK,NY,40.797253,-73.938454
726498,KEFALONIA PRODUCE CORP,Specialty Store,3224 30th Ave,Astoria,Queens,11102,QUEENS,NY,40.76638,-73.920357
650272,183 WYCKOFF MEAT CORP,Grocery Store,183 Wyckoff Ave,Brooklyn,Brooklyn,11237,KINGS,NY,40.702866,-73.916878
725681,CVS  2737,Other,115 W 125th St,New York,Manhattan,10027,NEW YORK,NY,40.808197,-73.946053
647189,Essex Farm Inc,Grocery Store,88 Essex St,New York,Manhattan,10002,NEW YORK,NY,40.71772,-73.988449
649024,LEBANON DELI GROCERY,Convenience Store,638 E 169TH ST #9,BRONX,Bronx,10456,BRONX,NY,40.831364,-73.901108
724236,DAVID'S BAKERY & DAILY INC,Grocery Store,2288 McDonald Ave,Brooklyn,Brooklyn,11223,KINGS,NY,40.596409,-73.973518
1663699,You Le Bakery,Specialty Store,2369 86th St,Brooklyn,Brooklyn,11214,KINGS,NY,40.599689,-73.989723
724333,KING HWY MEAT CORP,Grocery Store,1673 E 16th St,Brooklyn,Brooklyn,11229,KINGS,NY,40.608753,-73.957298
650661,J & C MINI MARKET & FRUITS,Convenience Store,42 Irving Ave,Brooklyn,Brooklyn,11237,KINGS,NY,40.704865,-73.924736
1656399,Bed Stuy Mini Market Corp,Convenience Store,281 Nostrand Ave,Brooklyn,Brooklyn,11216,KINGS,NY,40.689014,-73.951149
1513863,The Hill 809 Deli Grocery Corp.,Grocery Store,64 Wadsworth Ter,New York,Manhattan,10040,NEW YORK,NY,40.856701,-73.930801
724753,R & M GROCERY CORP,Grocery Store,285 NEPTUNE AVE,BROOKLYN,Brooklyn,11235,KINGS,NY,40.581139,-73.963837
1656368,1010 Deli Grocery Corp.,Convenience Store,3433 3rd Ave,Bronx,Bronx,10456,BRONX,NY,40.829376,-73.906769
1657881,PKS Express Deli Corp.,Convenience Store,331 11th St,Brooklyn,Brooklyn,11215,KINGS,NY,40.668011,-73.987007
1647441,Bull Meat Market Inc,Grocery Store,901 Seneca Ave,Ridgewood,Queens,11385,QUEENS,NY,40.700737,-73.903961
647765,LARA FOOD CORP,Grocery Store,79-14 21 AVE,JACKSON HEIGHTS,Queens,11370,QUEENS,NY,40.760319,-73.889076
728121,APPETITO DELI GROCERY INC.,Convenience Store,9010 Rockaway Beach Blvd,Rockaway Beach,Queens,11693,QUEENS,NY,40.587029,-73.814293
649874,H K Live Poultry Inc,Specialty Store,8165 New Utrecht Ave,Brooklyn,Brooklyn,11214,KINGS,NY,40.609447,-74.00161
648854,CVS PHARMACY  3096,Other,3775 E Tremont Ave,Bronx,Bronx,10465,BRONX,NY,40.825603,-73.820724
807043,DUANE READE 14101,Other,39 Broadway,New York,Manhattan,10006,NEW YORK,NY,40.706192,-74.013039
807044,DUANE READE 14102,Other,250 Broadway,New York,Manhattan,10007,NEW YORK,NY,40.71283,-74.007446
807057,DUANE READE 14112,Other,485 Lexington Ave,New York,Manhattan,10017,NEW YORK,NY,40.754292,-73.973938
807074,DUANE READE 14125,Other,67 BROAD ST,NEW YORK,Manhattan,10004,NEW YORK,NY,40.704887,-74.011421
807075,DUANE READE 14126,Other,95 WALL ST,NEW YORK,Manhattan,10005,NEW YORK,NY,40.705029,-74.00724
807077,DUANE READE 14127,Other,49 E 52nd St,New York,Manhattan,10022,NEW YORK,NY,40.758926,-73.974167
807079,DUANE READE 14130,Other,4 Park Ave,New York,Manhattan,10016,NEW YORK,NY,40.746788,-73.981689
807080,DUANE READE 14131,Other,1 WHITEHALL,NEW YORK,Manhattan,10004,NEW YORK,NY,40.703781,-74.013115
807081,DUANE READE 14138,Other,333 7th Ave,New York,Manhattan,10001,NEW YORK,NY,40.747471,-73.993134
807103,DUANE READE 14153,Other,866 3rd Ave,New York,Manhattan,10022,NEW YORK,NY,40.757378,-73.969681
807115,DUANE READE 14165,Other,380 Amsterdam Ave,New York,Manhattan,10024,NEW YORK,NY,40.782738,-73.978668
807127,DUANE READE 14169,Other,155 E 34th St,New York,Manhattan,10016,NEW YORK,NY,40.746147,-73.979042
807131,909 FULTON GROCERY & DELI CORP,Grocery Store,909 Fulton St,Brooklyn,Brooklyn,11238,KINGS,NY,40.683468,-73.966713
807139,DUANE READE 14184,Other,724 Flatbush Ave,Brooklyn,Brooklyn,11226,KINGS,NY,40.655441,-73.959869
807141,DUANE READE 14185,Other,100 Delancey St,New York,Manhattan,10002,NEW YORK,NY,40.718857,-73.988831
807149,DUANE READE 14232,Other,1498 York Ave,New York,Manhattan,10075,NEW YORK,NY,40.771713,-73.950165
807155,DUANE READE 14242,Other,401 E 86th St,New York,Manhattan,10028,NEW YORK,NY,40.776886,-73.949303
807162,DUANE READE 14282,Other,1251 Avenue of the Americas,New York,Manhattan,10020,NEW YORK,NY,40.759624,-73.980652
807168,DUANE READE 14319,Other,180 W 20th St,New York,Manhattan,10011,NEW YORK,NY,40.742104,-73.99678
807227,Jamaica  Archer Halal Live Poultry & Meat Mkt Inc,Specialty Store,92-56 165th St,Jamaica,Queens,11433,QUEENS,NY,40.703865,-73.793823
728433,987 SUPERMARKET INC,Grocery Store,987 Amsterdam Ave,New York,Manhattan,10025,NEW YORK,NY,40.80204,-73.964508
805241,DUANE READE 14272,Other,4 Columbus Cir,New York,Manhattan,10019,NEW YORK,NY,40.767708,-73.982269
805261,DUANE READE 14292,Other,1091 Lexington Ave,New York,Manhattan,10075,NEW YORK,NY,40.773441,-73.959969
805264,DUANE READE 14297,Other,900 8th Ave,New York,Manhattan,10019,NEW YORK,NY,40.764301,-73.98439
805268,DUANE READE 14325,Other,2858 Steinway St,Astoria,Queens,11103,QUEENS,NY,40.764576,-73.91449
805451,DUANE READE 14352,Other,3155 Amboy Rd,Staten Island,Staten Island,10306,RICHMOND,NY,40.564358,-74.131943
805461,Walgreens 14354,Other,194 E 2nd St,New York,Manhattan,10009,NEW YORK,NY,40.722343,-73.983932
805464,SHABUJ GROCERY INC,Grocery Store,423 Cortelyou Rd,Brooklyn,Brooklyn,11218,KINGS,NY,40.638477,-73.974792
805465,DUANE READE 14356,Other,315 N End Ave,New York,Manhattan,10282,NEW YORK,NY,40.716671,-74.014885
805484,DUANE READE 14464,Other,436 86th St,Brooklyn,Brooklyn,11209,KINGS,NY,40.622185,-74.027428
1647101,Espuma Deli Grocery Corp,Grocery Store,305 Wyckoff Ave,Brooklyn,Brooklyn,11237,KINGS,NY,40.700306,-73.912209
731666,Central Yetev Lev D'Satmar Meat Inc,Specialty Store,684 Myrtle Ave,Brooklyn,Brooklyn,11205,KINGS,NY,40.694511,-73.95636
730472,Watkins Products Distributors LLC,Other,46 W 125th St,New York,Manhattan,10027,NEW YORK,NY,40.807125,-73.94397
731431,Dahing Seafood Market Inc,Other,127 Mott St,New York,Manhattan,10013,NEW YORK,NY,40.718197,-73.996941
728987,United Astoria Halal Live Poultry Corp,Specialty Store,3621 31st St,Astoria,Queens,11106,QUEENS,NY,40.756035,-73.930222
807433,Hallal Food Emporium Inc,Other,2517 Steinway St,Astoria,Queens,11103,QUEENS,NY,40.767467,-73.912048
807937,Country Butcher Corp,Grocery Store,9312 Avenue L,Brooklyn,Brooklyn,11236,KINGS,NY,40.636986,-73.897842
728718,Rite Aid 4873,Other,5560 Myrtle Ave,Ridgewood,Queens,11385,QUEENS,NY,40.700077,-73.906364
808797,La Finca Fruits & Vegetables,Grocery Store,39 Debevoise St,Brooklyn,Brooklyn,11206,KINGS,NY,40.701874,-73.941483
769098,Tuniservice Corp,Convenience Store,306 18th St,Brooklyn,Brooklyn,11215,KINGS,NY,40.661736,-73.989639
772051,De La Cruz Deli Grocery,Grocery Store,694 E 141 St,Bronx,Bronx,10454,BRONX,NY,40.807209,-73.912552
810161,Cristoford Fish Market Inc,Specialty Store,7002 18th Ave,Brooklyn,Brooklyn,11204,KINGS,NY,40.616253,-73.993309
809463,Meat Kingdom,Specialty Store,4326 New Utrecht Ave,Brooklyn,Brooklyn,11219,KINGS,NY,40.641171,-73.994339
809595,J&F Mini Market,Convenience Store,2980 Fulton St,Brooklyn,Brooklyn,11208,KINGS,NY,40.679886,-73.884811
768626,RITE AID 4876,Other,3823 Nostrand Ave,Brooklyn,Brooklyn,11235,KINGS,NY,40.590908,-73.939621
1666221,Piedra Partida Deli Grocery Corp,Grocery Store,229 E Kingsbridge Rd,Bronx,Bronx,10458,BRONX,NY,40.865009,-73.893478
1600614,Galindo Farm Inc,Specialty Store,4160 White Plains Rd,Bronx,Bronx,10466,BRONX,NY,40.89238,-73.857727
1271237,Double J Grocery Corp.,Convenience Store,14806 90th Ave,Jamaica,Queens,11435,QUEENS,NY,40.703194,-73.806984
1660515,Artesanias Iztaccihuatl,Convenience Store,6730 13th Ave,Brooklyn,Brooklyn,11219,KINGS,NY,40.624348,-74.003441
592466,HEALTH CONSCIOUS NATURAL FOOD INC,Convenience Store,23122 Merrick Blvd,Springfield Gardens,Queens,11413,QUEENS,NY,40.675419,-73.738777
589164,CVS Pharmacy 549,Other,6115 Metropolitan Ave,Ridgewood,Queens,11385,QUEENS,NY,40.712826,-73.901733
707969,BUSY CORNER GROCERY INC,Grocery Store,801 Kings Hwy,Brooklyn,Brooklyn,11223,KINGS,NY,40.606804,-73.964539
589505,PUPA KOSHER BUTCHER CORP,Specialty Store,118 Division Ave,Brooklyn,Brooklyn,11211,KINGS,NY,40.707672,-73.96328
589666,SEATIDE FISH & LOBSTER INC,Specialty Store,9531 Roosevelt Ave,Jackson Heights,Queens,11372,QUEENS,NY,40.749115,-73.870728
589848,MADDAJ A.J. INC,Other,1000 Allerton Ave,Bronx,Bronx,10469,BRONX,NY,40.865475,-73.8582
594059,CVS PHARMACY 2027,Other,251-21 Jamaica Ave,Bellerose,Queens,11426,QUEENS,NY,40.726807,-73.714035
594184,CVS PHARMACY 2719,Other,9701 Liberty Ave,Ozone Park,Queens,11417,QUEENS,NY,40.680824,-73.842186
1658288,7 Eleven Store #34362b,Convenience Store,1740 Hylan Blvd,Staten Island,Staten Island,10305,RICHMOND,NY,40.586117,-74.092049
708168,CVS PHARMACY  5159,Other,2021 Francis Lewis Blvd,Whitestone,Queens,11357,QUEENS,NY,40.779858,-73.802094
1642417,Fruit Plaza 1,Grocery Store,9316 37th Ave,Jackson Heights,Queens,11372,QUEENS,NY,40.750763,-73.873596
1651025,J & B African Market Llc,Grocery Store,2649 Jerome Ave,Bronx,Bronx,10468,BRONX,NY,40.867092,-73.897949
1649145,L.r. 80 Deli & Grocery Inc,Convenience Store,80 W Kingsbridge Rd,Bronx,Bronx,10468,BRONX,NY,40.867996,-73.900497
872887,Guyana Choice Bakery LLC,Grocery Store,11914 101st Ave,South Richmond Hill,Queens,11419,QUEENS,NY,40.690098,-73.825363
873463,Sea Breeze Pharmacy & Medical Supply Inc,Grocery Store,1129 Brighton Beach Ave,Brooklyn,Brooklyn,11235,KINGS,NY,40.577862,-73.955833
593188,YOSSI'S FISH MARKET CORP,Specialty Store,5324 13th Ave,Brooklyn,Brooklyn,11219,KINGS,NY,40.632431,-73.995026
642305,K N DELI & MARKET INC,Convenience Store,5924 20th Ave,Brooklyn,Brooklyn,11204,KINGS,NY,40.619514,-73.982788
995645,Duane Reade 14438,Other,13602 Roosevelt Ave,Flushing,Queens,11354,QUEENS,NY,40.759529,-73.830002
781617,Walgreens 01918,Other,755 Broadway,Brooklyn,Brooklyn,11206,KINGS,NY,40.700668,-73.941551
1505078,Bhakti 169 Inc,Convenience Store,16902 35th Ave,Flushing,Queens,11358,QUEENS,NY,40.764809,-73.796616
996046,Duane Reade 14486,Other,2069 Broadway,New York,Manhattan,10023,NEW YORK,NY,40.778465,-73.982285
994246,Lupitas Mexican Grocery Inc,Grocery Store,9 E Gun Hill Rd,Bronx,Bronx,10467,BRONX,NY,40.88266,-73.880814
996120,Seeley Gourmet Deli Inc,Convenience Store,251 Seeley St,Brooklyn,Brooklyn,11218,KINGS,NY,40.655746,-73.973801
692439,MPY INTERNATIONAL FOOD INC,Grocery Store,2010 Cropsey Ave,Brooklyn,Brooklyn,11214,KINGS,NY,40.599861,-74.002647
678711,CVS PHARMACY 2439,Other,778A Manor Rd,Staten Island,Staten Island,10314,RICHMOND,NY,40.608006,-74.121422
694453,CVS PHARMACY 6051,Other,501 Forest Ave,Staten Island,Staten Island,10310,RICHMOND,NY,40.630886,-74.106102
692974,Rocco's Kings Highway Bakery Inc,Specialty Store,292 Kings Hwy,Brooklyn,Brooklyn,11223,KINGS,NY,40.605095,-73.979668
680123,CVS  2773,Other,130 Dyckman St,New York,Manhattan,10040,NEW YORK,NY,40.862503,-73.925362
677938,BETTER PRICE 99 PLUS STORE,Grocery Store,2271 3rd Ave,New York,Manhattan,10035,NEW YORK,NY,40.80267,-73.936523
676900,AMIN GROCERY CORP,Grocery Store,4301 18th Ave,Brooklyn,Brooklyn,11218,KINGS,NY,40.631176,-73.976135
825835,Walgreens 17511,Other,925 Soundview Ave,Bronx,Bronx,10473,BRONX,NY,40.823219,-73.868538
825899,WALGREENS 03916,Other,758 Arthur Kill Rd,Staten Island,Staten Island,10312,RICHMOND,NY,40.559925,-74.166267
825908,WALGREENS 06179,Other,1551 Richmond Ave,Staten Island,Staten Island,10314,RICHMOND,NY,40.610043,-74.159798
825919,WALGREENS 07321,Other,1227 Forest Ave,Staten Island,Staten Island,10310,RICHMOND,NY,40.626446,-74.130966
774467,Stingray of Brooklyn Fish Market Corp,Other,375 E 98th St,Brooklyn,Brooklyn,11212,KINGS,NY,40.659012,-73.916214
774484,Walgreens 17665,Other,3480 Jerome Ave,Bronx,Bronx,10467,BRONX,NY,40.882233,-73.881531
682477,ROSEDALE GREEN FARM,Grocery Store,14359B 243rd St,Rosedale,Queens,11422,QUEENS,NY,40.677876,-73.728264
774843,Seatide Gourmet Inc,Other,5914 Avenue N,Brooklyn,Brooklyn,11234,KINGS,NY,40.619492,-73.917702
775010,DOLLAR TREE 3096,Other,2047 Bartow Ave,Bronx,Bronx,10475,BRONX,NY,40.870102,-73.829231
775200,Walgreens 17499,Other,691 Co OP City Blvd,Bronx,Bronx,10475,BRONX,NY,40.8806,-73.824997
775201,Walgreens 18215,Other,49 W Fordham Rd,Bronx,Bronx,10468,BRONX,NY,40.862877,-73.903069
824495,Europa,Convenience Store,66-99 Forest Ave,Ridgewood,Queens,11385,QUEENS,NY,40.704517,-73.901749
825024,Felino Grocery Corp,Convenience Store,1836 Anthony Ave,Bronx,Bronx,10457,BRONX,NY,40.847549,-73.903641
773324,111 Food Market Corp,Grocery Store,11101 41st Ave,Corona,Queens,11368,QUEENS,NY,40.750954,-73.85537
826157,La Guadalupe Fruits & Vegetables,Grocery Store,4807 5th Ave,Brooklyn,Brooklyn,11220,KINGS,NY,40.645969,-74.009384
825182,Villa Juana Produce Inc,Grocery Store,2481 Valentine Ave,Bronx,Bronx,10458,BRONX,NY,40.861748,-73.896294
825187,Quisqueya Deli & Grocery,Convenience Store,181 Saint Nicholas Ave,Brooklyn,Brooklyn,11237,KINGS,NY,40.704037,-73.915695
824722,Rana Poultry,Specialty Store,700 Grand Concourse,Bronx,Bronx,10451,BRONX,NY,40.821877,-73.924889
826472,Cofaci Foods Inc,Grocery Store,436 Brook Ave,Bronx,Bronx,10454,BRONX,NY,40.812057,-73.916412
825361,532 Fourth Avenue Grocery-Deli Corp,Grocery Store,532 4th Ave,Brooklyn,Brooklyn,11215,KINGS,NY,40.667282,-73.991554
1589820,Ny Deli & Grill Corp,Convenience Store,341 Heberton Ave,Staten Island,Staten Island,10302,RICHMOND,NY,40.632622,-74.134026
1580904,My Corner Bagel & Deli,Convenience Store,760 Port Richmond Ave,Staten Island,Staten Island,10302,RICHMOND,NY,40.625408,-74.144264
653162,DUAL SPECIALTY STORE INC,Grocery Store,91 1st  AVE,NEW YORK,Manhattan,10003,NEW YORK,NY,40.72612,-73.986427
653282,CVS PHARMACY  6056,Other,1125 Bay St,Staten Island,Staten Island,10305,RICHMOND,NY,40.61565,-74.066864
653300,383 Capellan Grocery Corp,Convenience Store,383 E 138th St,Bronx,Bronx,10454,BRONX,NY,40.809441,-73.923225
1587966,Shahjalal Halal Supermarket Inc,Grocery Store,11102 Sutphin Blvd,Jamaica,Queens,11435,QUEENS,NY,40.688423,-73.795624
1599025,Ola Deli Grocery Inc.,Convenience Store,225 Bond St,Brooklyn,Brooklyn,11217,KINGS,NY,40.682541,-73.987686
775733,Mas  Convenience And Deli Corp,Convenience Store,8793 Parsons Blvd,Jamaica,Queens,11432,QUEENS,NY,40.70697,-73.802292
776235,Kings Convenience,Convenience Store,1426 Kings Highway,Brooklyn,Brooklyn,11229,KINGS,NY,40.608574,-73.958382
776242,LISBETH FOOD CORP,Grocery Store,1702 Watson Ave,Bronx,Bronx,10472,BRONX,NY,40.827095,-73.869812
874541,Duane Reade 14400,Other,17 John St,New York,Manhattan,10038,NEW YORK,NY,40.709896,-74.008781
874544,Duane Reade 14415,Other,1235 Lexington Ave,New York,Manhattan,10028,NEW YORK,NY,40.777954,-73.956543
652295,CVS PHARMACY 2095,Other,6126 188th St,Fresh Meadows,Queens,11365,QUEENS,NY,40.740356,-73.786591
874363,Malata African & Caribbean Market Inc,Grocery Store,185 McClellan St,Bronx,Bronx,10456,BRONX,NY,40.832737,-73.917931
656067,J & L QUALITY MEATS INC,Grocery Store,9511 Church Ave,Brooklyn,Brooklyn,11212,KINGS,NY,40.655453,-73.916107
656475,KENNY BAKERY,Specialty Store,126A Dyckman St,New York,Manhattan,10040,NEW YORK,NY,40.862301,-73.925583
656686,RASKIN'S FISH MARKET,Specialty Store,320 Kingston Ave,Brooklyn,Brooklyn,11213,KINGS,NY,40.668064,-73.94236
657126,SUPERIOR MARKET,Convenience Store,2428 Mermaid Ave,Brooklyn,Brooklyn,11224,KINGS,NY,40.575813,-73.991997
1634743,Fine Deli & Grill Inc.,Convenience Store,1786 Utica Ave,Brooklyn,Brooklyn,11234,KINGS,NY,40.628784,-73.928131
783651,F & K Food Center Corp,Grocery Store,2837 Grand Concourse,Bronx,Bronx,10468,BRONX,NY,40.870193,-73.891464
1631843,Lenox Deli & Grill,Convenience Store,728 Rogers Ave,Brooklyn,Brooklyn,11226,KINGS,NY,40.653629,-73.952942
657778,Cob Deli & Grocery Inc,Convenience Store,2616 Jerome Ave,Bronx,Bronx,10468,BRONX,NY,40.866772,-73.89772
657987,CVS PHARMACY  2428,Other,532 Neptune Ave,Brooklyn,Brooklyn,11224,KINGS,NY,40.579777,-73.974388
784852,Mejia Mini Market Corp,Grocery Store,1010 Longwood Ave,Bronx,Bronx,10459,BRONX,NY,40.81657,-73.896957
785770,1705 Deli Grocery Inc,Convenience Store,1705 Lexington Ave,New York,Manhattan,10029,NEW YORK,NY,40.792831,-73.945816
783350,75 ST. Super Bazaar,Grocery Store,7510 31st Ave,East Elmhurst,Queens,11370,QUEENS,NY,40.75848,-73.89209
1001114,Polbridge,Grocery Store,7218 3rd Ave,Brooklyn,Brooklyn,11209,KINGS,NY,40.63308,-74.02729
697542,CVS PHARMACY 144,Other,219-39 89th Ave,Queens Village,Queens,11427,QUEENS,NY,40.729168,-73.743706
1210416,Aden 1 Deli Grocery Corp,Convenience Store,3060 Eastchester Rd,Bronx,Bronx,10469,BRONX,NY,40.871155,-73.843292
700037,Cruz Food Market LLC,Grocery Store,273 E 198th St,Bronx,Bronx,10458,BRONX,NY,40.868774,-73.888596
810907,Rahim Grocery  & Halal Meat,Grocery Store,1076 Coney Island Ave,Brooklyn,Brooklyn,11230,KINGS,NY,40.63139,-73.966553
1586691,Amigo Food For Less,Other,1255 Westchester Ave,Bronx,Bronx,10459,BRONX,NY,40.827225,-73.887329
998119,Volfi Inc/S & K Pharmacy,Other,371 Neptune Ave,Brooklyn,Brooklyn,11235,KINGS,NY,40.580589,-73.966591
1587633,Mya Gourmet Deli Corp,Convenience Store,1718 Southern Blvd,Bronx,Bronx,10460,BRONX,NY,40.837162,-73.887665
683095,CVS PHARMACY  2700,Other,1402 Sheepshead Bay Rd,Brooklyn,Brooklyn,11235,KINGS,NY,40.587555,-73.954918
827693,WALGREENS 11806,Other,114 Beverley Rd,Brooklyn,Brooklyn,11218,KINGS,NY,40.642799,-73.978851
827725,DUANE READE 14392,Other,1052 1st Ave,New York,Manhattan,10022,NEW YORK,NY,40.758549,-73.962532
1637905,Tingo Food Market Corporation,Grocery Store,82 E Burnside Ave,Bronx,Bronx,10453,BRONX,NY,40.853237,-73.906181
734420,J. A. S. Grocery Store INC,Grocery Store,1792 Westchester Ave,Bronx,Bronx,10472,BRONX,NY,40.831734,-73.866745
829219,1506 Rock Deli Corp,Convenience Store,1506 Rockaway Pkwy,Brooklyn,Brooklyn,11236,KINGS,NY,40.643715,-73.900909
828953,Meat Market Jazmin II Corp,Grocery Store,2356 Grand Concourse,Bronx,Bronx,10458,BRONX,NY,40.858795,-73.898903
828580,Moses Deli,Convenience Store,682 Allerton Ave,Bronx,Bronx,10467,BRONX,NY,40.865273,-73.867981
829369,Progreso Latino Grocery Inc,Convenience Store,4503 Fort Hamilton Pkwy,Brooklyn,Brooklyn,11219,KINGS,NY,40.640198,-73.994904
735261,Tribuzio Meat Market Inc,Specialty Store,7714 18th Ave,Brooklyn,Brooklyn,11214,KINGS,NY,40.611923,-73.997536
827284,Kingston  Bake Shop,Specialty Store,380 Kingston Ave,Brooklyn,Brooklyn,11225,KINGS,NY,40.665627,-73.942574
827369,European Fresh Produce Inc,Grocery Store,720 Lydig Ave,Bronx,Bronx,10462,BRONX,NY,40.854397,-73.866982
829646,Cibao Grocery,Convenience Store,9904 Northern Blvd,Corona,Queens,11368,QUEENS,NY,40.757221,-73.869301
735701,Benzs Food Products Inc,Grocery Store,332 Albany Ave,Brooklyn,Brooklyn,11213,KINGS,NY,40.668545,-73.939537
778349,Brother's Candy & Grocery Store Inc,Convenience Store,542 E 14 St,New York,Manhattan,10009,NEW YORK,NY,40.729477,-73.978508
778759,Goldberger's Food Inc,Specialty Store,1973 60th St,Brooklyn,Brooklyn,11204,KINGS,NY,40.619568,-73.982925
846911,San Mateo,Grocery Store,409 Tompkins Ave,Staten Island,Staten Island,10305,RICHMOND,NY,40.61557,-74.073448
847199,Parrot Coffee Inc,Grocery Store,3112 Ditmars Blvd,Astoria,Queens,11105,QUEENS,NY,40.775803,-73.910278
876264,CVS Pharmacy 3621,Other,170-05 Linden Blvd,St Albans,Queens,11433,QUEENS,NY,40.691544,-73.779625
779475,Simreen Packing Enterprises Inc,Specialty Store,1260 Westchester Ave,Bronx,Bronx,10459,BRONX,NY,40.827003,-73.887367
779494,Moonlight Food Corp,Other,3564 73rd St,Jackson Heights,Queens,11372,QUEENS,NY,40.749901,-73.892952
847314,Family Dollar 7145,Other,116 Nostrand Ave,Brooklyn,Brooklyn,11205,KINGS,NY,40.696236,-73.952759
779549,Walgreens 19453,Other,69-62 188th St,Fresh Meadows,Queens,11365,QUEENS,NY,40.73349,-73.783615
877049,S&S Vegetable Inc,Grocery Store,92 Livonia Ave,Brooklyn,Brooklyn,11212,KINGS,NY,40.661644,-73.914787
847391,Krishna Convenience NY Inc,Convenience Store,17 Westchester Sq,Bronx,Bronx,10461,BRONX,NY,40.840618,-73.843521
1082447,K And K Food Corp/Dba Stop 1 Food Market,Grocery Store,265 Cherry St,New York,Manhattan,10002,NEW YORK,NY,40.711163,-73.989326
779880,Far Rockaway Drugs Inc,Other,1727 Seagirt Blvd,Far Rockaway,Queens,11691,QUEENS,NY,40.594841,-73.751976
830115,Lama Trading II Inc.,Grocery Store,1102 Cortelyou Rd,Brooklyn,Brooklyn,11218,KINGS,NY,40.639565,-73.967743
847455,Mi Barrio Meat Market,Grocery Store,1875 Lexington Ave,New York,Manhattan,10035,NEW YORK,NY,40.799129,-73.941086
846630,Peace and Love Deli and Grocery Corp,Convenience Store,5602 3rd Ave,Brooklyn,Brooklyn,11220,KINGS,NY,40.644352,-74.018394
846686,Weingarten's Fish Market Inc,Specialty Store,179 Ross St,Brooklyn,Brooklyn,11211,KINGS,NY,40.706131,-73.960007
669597,CVS PHARMACY 6030,Other,15705 Crossbay Blvd,Howard Beach,Queens,11414,QUEENS,NY,40.662136,-73.840477
669822,SUPREME DELI CORP,Grocery Store,801 W 181st St,New York,Manhattan,10033,NEW YORK,NY,40.851017,-73.938576
667835,11TH AVE FOOD CENTER OF NY INC,Grocery Store,5901 11th Ave,Brooklyn,Brooklyn,11219,KINGS,NY,40.632,-74.00238
787871,Sayes Deli Grocery Corp,Grocery Store,1309 W Farms Rd,Bronx,Bronx,10459,BRONX,NY,40.829548,-73.887329
788597,LATIN GROCERY LLC,Grocery Store,961 E 165th St,Bronx,Bronx,10459,BRONX,NY,40.824051,-73.894684
672293,New Yellowstone Farm Inc,Grocery Store,10201 Queens Blvd,Forest Hills,Queens,11375,QUEENS,NY,40.726231,-73.851402
670021,Kids A.M. Inc/C-Town,Other,330 Graham Ave,Brooklyn,Brooklyn,11211,KINGS,NY,40.714088,-73.944153
787623,44 AVENUE POULTRY CORP,Specialty Store,10209 44th Ave,Corona,Queens,11368,QUEENS,NY,40.746784,-73.861809
668474,GIOVANNI ESPOSITO & SONS INC,Specialty Store,500 9th Ave,New York,Manhattan,10018,NEW YORK,NY,40.755821,-73.994484
671630,SORIBEL FRUIT & GROCERY Inc,Convenience Store,9742 Cresskill Pl,Jamaica,Queens,11435,QUEENS,NY,40.694855,-73.809303
670582,Casa America Corp,Grocery Store,10205 Roosevelt Ave,Corona,Queens,11368,QUEENS,NY,40.749863,-73.863968
815964,Tres K Deli Grocery Fruit & Meat Inc,Convenience Store,125 W Tremont Ave,Bronx,Bronx,10453,BRONX,NY,40.850155,-73.91346
813466,Euromarket,Grocery Store,3042 31st St,Astoria,Queens,11102,QUEENS,NY,40.765881,-73.92244
790208,Qq Poultry Market Inc,Other,874 39th St,Brooklyn,Brooklyn,11232,KINGS,NY,40.646084,-73.99556
790230,BROTHERS INTERNATIONAL FOOD INC,Grocery Store,1663 E 13th St,Brooklyn,Brooklyn,11229,KINGS,NY,40.608559,-73.960007
815263,Community Deli Food Market Corp,Grocery Store,3861 Carpenter Ave,Bronx,Bronx,10467,BRONX,NY,40.886147,-73.864792
1569877,West Convenience Inc,Convenience Store,209 W 230th St,Bronx,Bronx,10463,BRONX,NY,40.877213,-73.906822
789563,AAA GROCERY CORP,Grocery Store,6919 Beach Channel Dr,Arverne,Queens,11692,QUEENS,NY,40.592609,-73.798462
789587,Grand Meat Corp/Maspeth Marketplace By Key Food,Grocery Store,6617 Grand Ave,Maspeth,Queens,11378,QUEENS,NY,40.72456,-73.898193
814411,Zen Ginseng Inc,Grocery Store,4020A Main St,Flushing,Queens,11354,QUEENS,NY,40.758991,-73.83007
1670896,Omar Convenience Corp,Grocery Store,10408 Flatlands Ave,Brooklyn,Brooklyn,11236,KINGS,NY,40.647121,-73.89502
1604461,Vargas II Fruits Deli & Grocery Corp,Grocery Store,774 Burke Ave,Bronx,Bronx,10467,BRONX,NY,40.871243,-73.864128
1597288,217th Deli,Convenience Store,3718 White Plains Rd,Bronx,Bronx,10467,BRONX,NY,40.881931,-73.863503
812302,Mango Grocery & Meat Market Corp,Grocery Store,101 E 196th St,Bronx,Bronx,10468,BRONX,NY,40.868347,-73.893997
813788,New Tayeeba's Grocery Corp.,Grocery Store,1420 Avenue J,Brooklyn,Brooklyn,11230,KINGS,NY,40.625031,-73.961655
815640,Melany Food Center Corp,Convenience Store,410 Rogers Ave,Brooklyn,Brooklyn,11225,KINGS,NY,40.662712,-73.953918
1003535,CVS Pharmacy 4958,Other,27 N 6th St,Brooklyn,Brooklyn,11211,KINGS,NY,40.719906,-73.962494
1003549,CVS Pharmacy 8940,Other,1688 Westchester Ave,Bronx,Bronx,10472,BRONX,NY,40.830414,-73.871307
1003554,CVS Pharmacy 1618,Other,81 8th Ave,New York,Manhattan,10011,NEW YORK,NY,40.739929,-74.002441
737761,ROYAL SUPERMARKET,Convenience Store,1419 8th Ave,BROOKLYN,Brooklyn,11215,KINGS,NY,40.662312,-73.982048
738150,Nasser Candy & Luncheonette,Convenience Store,369 McDonald Ave,Brooklyn,Brooklyn,11218,KINGS,NY,40.644981,-73.979652
738354,K & K 8 Ave Inc,Specialty Store,735 39th St,Brooklyn,Brooklyn,11232,KINGS,NY,40.648067,-73.99852
1006630,Living Well Garden Inc.,Other,1534 Saint Johns Pl,Brooklyn,Brooklyn,11213,KINGS,NY,40.670185,-73.927567
1006708,Moon Light African Market,Other,3648 White Plains Rd,Bronx,Bronx,10467,BRONX,NY,40.880291,-73.864403
736782,840 St Nicholas Food Corp,Convenience Store,840 Saint Nicholas Ave,New York,Manhattan,10031,NEW YORK,NY,40.828789,-73.942001
739241,Marien Grocery Corp,Grocery Store,99 Jamaica Ave,Brooklyn,Brooklyn,11207,KINGS,NY,40.678822,-73.896339
793811,Amor Bakery No 2 Inc,Specialty Store,929 Prospect Ave,Bronx,Bronx,10459,BRONX,NY,40.822014,-73.900856
792885,Melissa Meat Market Corp,Grocery Store,772 Sutter Ave,Brooklyn,Brooklyn,11207,KINGS,NY,40.670059,-73.8899
792630,Oceana Express Pharmacy Inc,Convenience Store,2009 Avenue U,Brooklyn,Brooklyn,11229,KINGS,NY,40.59943,-73.951225
793102,DOLLAR MAGIC LLC,Convenience Store,2050 Lexington Ave,New York,Manhattan,10035,NEW YORK,NY,40.80389,-73.93782
793108,1029 FOOD PLAZA INC,Grocery Store,122 E 181st St,Bronx,Bronx,10453,BRONX,NY,40.854725,-73.903229
1009475,La Nueva Bakery Grocery Corp,Convenience Store,1114 Cortelyou Rd,Brooklyn,Brooklyn,11218,KINGS,NY,40.63974,-73.967346
793373,BROOKLYN GOURMET DELI CORP,Convenience Store,313 Bedford Ave,Brooklyn,Brooklyn,11211,KINGS,NY,40.713142,-73.962112
793518,47 Pitt Grocery Inc,Grocery Store,47 Pitt St,New York,Manhattan,10002,NEW YORK,NY,40.717411,-73.983139
793619,GREEN POINT MARKET INC,Grocery Store,22012 Hempstead Ave,Queens Village,Queens,11429,QUEENS,NY,40.712685,-73.733612
817554,Astoria Fishery Corp,Specialty Store,3508 30th Ave,Astoria,Queens,11103,QUEENS,NY,40.765217,-73.917885
817611,Bronx Nutritional Corp.,Convenience Store,153 E 188th St,Bronx,Bronx,10468,BRONX,NY,40.861801,-73.898384
742638,VC Deli Grocery,Grocery Store,640 E 180th St,Bronx,Bronx,10457,BRONX,NY,40.848759,-73.890373
740345,New Amin Grocery & Halal Meat Inc,Grocery Store,11107 Liberty Ave,South Richmond Hill,Queens,11419,QUEENS,NY,40.684978,-73.830826
740631,Chatzi Chinam Inc,Grocery Store,58-22 Myrtle Ave,Ridgewood,Queens,11385,QUEENS,NY,40.700474,-73.900642
740639,Yijung Market LLC,Grocery Store,2919 Beverley Rd,Brooklyn,Brooklyn,11226,KINGS,NY,40.645233,-73.949402
817747,Slope Foods Inc.,Grocery Store,61A 5th Ave,Brooklyn,Brooklyn,11217,KINGS,NY,40.680901,-73.97728
743414,El Puerto Seafood Corp,Specialty Store,511 W 125 St,New York,Manhattan,10027,NEW YORK,NY,40.81385,-73.95665
1653400,Duke's Deli Inc.,Convenience Store,100 W 106th St,New York,Manhattan,10025,NEW YORK,NY,40.799232,-73.963234
816700,Prohealth 123 LLC dbaThe Health Shoppe,Other,4709 13th Ave,Brooklyn,Brooklyn,11219,KINGS,NY,40.635967,-73.991096
816720,148 Deli Grocery Inc,Convenience Store,2787 Frederick Douglass Blvd,New York,Manhattan,10039,NEW YORK,NY,40.824841,-73.940506
1645070,Panaderia Mexicana Guadalupana Corp,Convenience Store,735 Lydig Ave,Bronx,Bronx,10462,BRONX,NY,40.85458,-73.866417
1653307,796 Pelham Gourmet Corp,Convenience Store,796A Lydig Ave,Bronx,Bronx,10462,BRONX,NY,40.854343,-73.864059
1647558,Wing Fung Asian Herbs And Foods Ltd,Other,61 E Broadway,New York,Manhattan,10002,NEW YORK,NY,40.713528,-73.995193
818105,Richmond Road Ravioli Inc,Grocery Store,1076 Richmond Rd,Staten Island,Staten Island,10304,RICHMOND,NY,40.600529,-74.09227
818111,Smith + 9th Street Deli Grocery Inc.,Convenience Store,3 9th St,Brooklyn,Brooklyn,11231,KINGS,NY,40.674717,-73.997498
1583884,Win Myanmar Grocery Store,Grocery Store,1415 Gravesend Neck Rd,Brooklyn,Brooklyn,11229,KINGS,NY,40.594872,-73.956062
832504,Family Dollar 7069,Other,1165A Broadway,Brooklyn,Brooklyn,11221,KINGS,NY,40.692955,-73.927856
830485,Saba Gourmet Deli Grocery 1 Corp,Convenience Store,232 Underhill Ave,Brooklyn,Brooklyn,11238,KINGS,NY,40.673687,-73.967369
1670911,Tonys Meats Retail Inc,Grocery Store,1054 Nostrand Ave,Brooklyn,Brooklyn,11225,KINGS,NY,40.662518,-73.950989
1606759,El Tropico Grocery Deli Corp,Grocery Store,1841 Grand Concourse,Bronx,Bronx,10453,BRONX,NY,40.848152,-73.907631
1663047,Coney Island Pharmacy,Other,2720 Mermaid Ave,Brooklyn,Brooklyn,11224,KINGS,NY,40.5755,-73.993881
830885,Muzi Deli Grocery Inc,Convenience Store,6202 11th Ave,Brooklyn,Brooklyn,11219,KINGS,NY,40.630192,-74.004356
1661103,50 Oceana Pharmacy Corp,Convenience Store,3211 Coney Island Ave,Brooklyn,Brooklyn,11235,KINGS,NY,40.577484,-73.959389
1604202,Deli-lcious Inc.,Convenience Store,909 Liberty Ave,Brooklyn,Brooklyn,11208,KINGS,NY,40.677517,-73.87606
1600669,Mi Parcela Fruits & Vegetables Corp,Grocery Store,3400 Fulton St,Brooklyn,Brooklyn,11208,KINGS,NY,40.684151,-73.870064
1599689,Sajoma Grill And Deli Corp,Convenience Store,442 Marcus Garvey Blvd,Brooklyn,Brooklyn,11216,KINGS,NY,40.681831,-73.937958
794904,CARLITO'S DELI GROCERY,Convenience Store,290 Rogers Ave,Brooklyn,Brooklyn,11225,KINGS,NY,40.666313,-73.953636
819694,Five Star Food Market Inc,Convenience Store,17026 Hillside Ave,Jamaica,Queens,11432,QUEENS,NY,40.711117,-73.791718
830266,Sano Health Food Center Inc,Grocery Store,4069 Broadway,New York,Manhattan,10032,NEW YORK,NY,40.84367,-73.939125
830279,Satmar Meat Market Inc,Specialty Store,5023 New Utrecht Ave,Brooklyn,Brooklyn,11219,KINGS,NY,40.635075,-73.994904
1658449,Iqra Pharmacy & Surgicals,Convenience Store,1094 Flatbush Ave,Brooklyn,Brooklyn,11226,KINGS,NY,40.643692,-73.958
1650627,San Jose Teruel Llc,Convenience Store,1804 Church Ave,Brooklyn,Brooklyn,11226,KINGS,NY,40.649414,-73.96286
832187,Dollar Tree 3788,Other,2641 E Tremont Ave,Bronx,Bronx,10461,BRONX,NY,40.843021,-73.846016
832189,Dollar Tree 3789,Other,5102 Northern Blvd,Woodside,Queens,11377,QUEENS,NY,40.752884,-73.910126
832377,Family Dollar 5751,Other,1317 Broadway,Brooklyn,Brooklyn,11221,KINGS,NY,40.690296,-73.923386
832384,Family Dollar 6185,Other,903 Knickerbocker Ave,Brooklyn,Brooklyn,11207,KINGS,NY,40.690666,-73.903976
832404,TS Live Poultry,Specialty Store,622 Classon Ave,Brooklyn,Brooklyn,11238,KINGS,NY,40.678753,-73.958961
832440,Family Dollar 6604,Other,308 Franklin Ave,Brooklyn,Brooklyn,11238,KINGS,NY,40.688683,-73.957207
832447,Family Dollar 6208,Other,1090 Fulton St,Brooklyn,Brooklyn,11238,KINGS,NY,40.681332,-73.957207
832449,Family Dollar 6602,Other,2010 Atlantic Ave,Brooklyn,Brooklyn,11233,KINGS,NY,40.676785,-73.920982
832454,Y J Elmhurst Grocery Inc.,Convenience Store,8939 Elmhurst Ave,Elmhurst,Queens,11373,QUEENS,NY,40.748013,-73.876678
832460,Family Dollar 6960,Other,455 Dumont Ave,Brooklyn,Brooklyn,11212,KINGS,NY,40.665199,-73.902153
832491,Family Dollar 7070,Other,19909 Jamaica Ave,Hollis,Queens,11423,QUEENS,NY,40.713512,-73.758827
832497,Family Dollar 7005,Other,548 Lefferts Ave,Brooklyn,Brooklyn,11225,KINGS,NY,40.662697,-73.943192
831255,DUANE READE 14386,Other,425A Main St,New York,Manhattan,10044,NEW YORK,NY,40.758686,-73.953056
819397,Family Pride Butcher Shop Corp,Specialty Store,765 Allerton Ave,Bronx,Bronx,10467,BRONX,NY,40.86552,-73.864746
819432,A.B. Bakery Restaurant Corp/Jacqueline's Bakery,Specialty Store,1579 Westchester Ave,Bronx,Bronx,10472,BRONX,NY,40.829056,-73.876709
819529,131-21 Stop One Deli & Grocery Corp,Convenience Store,131-21 Springfield Blvd,Springfield Gardens,Queens,11413,QUEENS,NY,40.683578,-73.751114
916197,Rite Aid 10574,Other,7118 3rd Ave,Brooklyn,Brooklyn,11209,KINGS,NY,40.633713,-74.026917
916200,Rite Aid 10579,Other,6423 Fort Hamilton Pkwy,Brooklyn,Brooklyn,11219,KINGS,NY,40.630527,-74.008621
849690,Nongsa Corp,Grocery Store,14 W 183rd St,Bronx,Bronx,10453,BRONX,NY,40.858555,-73.904572
916204,Walgreens 19375,Other,7009 13th Ave,Brooklyn,Brooklyn,11228,KINGS,NY,40.622597,-74.004837
916210,Rite Aid 4738,Other,1631 Pitkin Ave,Brooklyn,Brooklyn,11212,KINGS,NY,40.669407,-73.912872
1586287,Lucky 4216 Grocery Inc.,Grocery Store,4216 8th Ave,Brooklyn,Brooklyn,11232,KINGS,NY,40.645336,-73.999535
916268,Walgreens 17680,Other,16040 Crossbay Blvd,Howard Beach,Queens,11414,QUEENS,NY,40.656784,-73.839401
1571567,Mexico Azteca Foods Corp,Grocery Store,33 Broad St,Staten Island,Staten Island,10304,RICHMOND,NY,40.625603,-74.076416
916274,Rite Aid 10607,Other,10230 Atlantic Ave,Ozone Park,Queens,11416,QUEENS,NY,40.689903,-73.842178
916277,Rite Aid 04782,Other,783 Manhattan Ave,Brooklyn,Brooklyn,11222,KINGS,NY,40.727497,-73.953041
916294,Walgreens 19282,Other,11088 Queens Blvd,Forest Hills,Queens,11375,QUEENS,NY,40.718559,-73.838028
916295,Walgreens 10604,Other,6036 Myrtle Ave,Ridgewood,Queens,11385,QUEENS,NY,40.700523,-73.896851
916324,Walgreens 18204,Other,355 Knickerbocker Ave,Brooklyn,Brooklyn,11237,KINGS,NY,40.700775,-73.921745
1591539,Dany Deli 2 Inc,Convenience Store,2970 Nostrand Ave,Brooklyn,Brooklyn,11229,KINGS,NY,40.611839,-73.944214
848866,La Campina Deli Grocery Inc,Convenience Store,802 Melrose Ave,Bronx,Bronx,10451,BRONX,NY,40.822483,-73.914703
916440,Walgreens 3847,Other,1532 86th St,Brooklyn,Brooklyn,11228,KINGS,NY,40.610775,-74.008446
916445,Walgreens 18321,Other,2532 86th St,Brooklyn,Brooklyn,11214,KINGS,NY,40.597244,-73.986137
848981,Tulcimex Corp.,Convenience Store,1197A Bryant Ave,Bronx,Bronx,10459,BRONX,NY,40.828838,-73.889084
916476,Walgreens 17979,Other,7814 Linden Blvd,Howard Beach,Queens,11414,QUEENS,NY,40.670033,-73.85704
1464286,Ablan Grocery Store Corp,Convenience Store,3959 Bronxwood Ave,Bronx,Bronx,10466,BRONX,NY,40.885567,-73.855164
916056,Rockaway Food Mart Inc.,Convenience Store,186 Beach 116th St,Rockaway Park,Queens,11694,QUEENS,NY,40.579418,-73.836845
1429518,7 Days Food Mart Corp.,Convenience Store,192 Port Richmond Ave,Staten Island,Staten Island,10302,RICHMOND,NY,40.636578,-74.134544
1596517,Ecg Deli Inc,Grocery Store,1349 Webster Ave,Bronx,Bronx,10456,BRONX,NY,40.835274,-73.908165
1642471,La Pitaya Deli & Grill,Convenience Store,234 Irving Ave,Brooklyn,Brooklyn,11237,KINGS,NY,40.700413,-73.917038
1597105,Gourmet Deli Pizza Inc.,Convenience Store,1309 Clinton Ave,Bronx,Bronx,10456,BRONX,NY,40.831551,-73.900711
916185,Rite Aid 4893,Other,1950 Fulton St,Brooklyn,Brooklyn,11233,KINGS,NY,40.678574,-73.920731
916188,Walgreens 18305,Other,120 Court St,Brooklyn,Brooklyn,11201,KINGS,NY,40.689846,-73.992355
1015591,Victory Bvld Quick Stop Inc,Convenience Store,149 Victory Bvld,Staten Island,Staten Island,10301,RICHMOND,NY,40.637035,-74.081352
1599911,Lenox Deli Bites Corp.,Convenience Store,787 Albany Ave,Brooklyn,Brooklyn,11203,KINGS,NY,40.654697,-73.939247
850833,Noel Deli & Grocery,Convenience Store,1890 W 6th St,Brooklyn,Brooklyn,11223,KINGS,NY,40.601284,-73.978447
851007,Walgreens 14412,Other,352 Greenwich St,New York,Manhattan,10013,NEW YORK,NY,40.719334,-74.01059
851230,Luna Sophie Grocery Corp,Convenience Store,9401 Glenwood Rd,Brooklyn,Brooklyn,11236,KINGS,NY,40.643696,-73.90461
851348,Novatos Grocery Corp.,Convenience Store,228 Lewis Ave,Brooklyn,Brooklyn,11221,KINGS,NY,40.688744,-73.936333
853178,20/20 Convenience Store Inc,Convenience Store,400 E 161st St,Bronx,Bronx,10451,BRONX,NY,40.824093,-73.913628
852026,1704 Jenny Food Corp,Convenience Store,1704 Grand Ave,Bronx,Bronx,10453,BRONX,NY,40.848488,-73.913879
1012080,Duane Reade 14470,Other,1111 3rd Ave,New York,Manhattan,10065,NEW YORK,NY,40.765461,-73.963692
851442,New Adam Deli Grocery Inc.,Convenience Store,1750 Nostrand Ave,Brooklyn,Brooklyn,11226,KINGS,NY,40.643105,-73.948776
851457,Pimentel Food Store,Convenience Store,6841 Forest Ave,Ridgewood,Queens,11385,QUEENS,NY,40.702625,-73.901031
821617,DUANE READE 14318,Other,300 E 39th St,New York,Manhattan,10016,NEW YORK,NY,40.747875,-73.973503
833717,Dollar Tree 3740,Other,198 E 98th St,Brooklyn,Brooklyn,11212,KINGS,NY,40.662289,-73.919975
834477,Family Dollar 6184,Other,384 Mother Gaston Blvd,Brooklyn,Brooklyn,11212,KINGS,NY,40.669621,-73.906898
834484,Family Dollar 7136,Other,228A Nagle Ave,New York,Manhattan,10034,NEW YORK,NY,40.862762,-73.922127
853472,Fresh Fish Market Inc,Other,217 E Tremont Ave,Bronx,Bronx,10457,BRONX,NY,40.84919,-73.905098
853879,Guadalupana Deli Grocery Store,Convenience Store,8425 Jamaica Ave,Woodhaven,Queens,11421,QUEENS,NY,40.692543,-73.860069
853886,Amrut Inc,Convenience Store,8002 37th Ave,Jackson Heights,Queens,11372,QUEENS,NY,40.749477,-73.88607
833297,Family Dollar 6851,Other,1081 Ogden Ave,Bronx,Bronx,10452,BRONX,NY,40.835266,-73.928223
833303,Family Dollar 6112,Other,2301 Jerome Ave,Bronx,Bronx,10468,BRONX,NY,40.8592,-73.903427
820489,Best Rooster Live Poultry Inc,Specialty Store,4636 3rd Ave,Bronx,Bronx,10458,BRONX,NY,40.857082,-73.891045
820744,Plaza Piaxtla Bakery Inc,Convenience Store,663 Seneca Ave,Ridgewood,Queens,11385,QUEENS,NY,40.703506,-73.908745
833316,Family Dollar 5364,Other,2105 Clinton Ave,Bronx,Bronx,10457,BRONX,NY,40.847927,-73.887711
834523,Family Dollar 6368,Other,887 E New York Ave,Brooklyn,Brooklyn,11203,KINGS,NY,40.662666,-73.933136
834531,Family Dollar 7031,Other,910 River Ave,Bronx,Bronx,10452,BRONX,NY,40.828747,-73.925224
834533,Family Dollar 7270,Other,2863 Webster Ave,Bronx,Bronx,10458,BRONX,NY,40.866947,-73.884216
834534,Family Dollar 5791,Other,895 Dekalb Ave,Brooklyn,Brooklyn,11221,KINGS,NY,40.692703,-73.940857
834536,Family Dollar 12292,Other,644 Gates Ave,Brooklyn,Brooklyn,11221,KINGS,NY,40.687473,-73.939217
835253,Regina Meat & Deli Grocery Inc,Grocery Store,1801 Westchester Ave,Bronx,Bronx,10472,BRONX,NY,40.832027,-73.865913
836093,Dollar Tree 3795,Other,132-23 14th Ave,College Point,Queens,11356,QUEENS,NY,40.787384,-73.835205
820978,1152 H & F Candy Store Inc,Convenience Store,1152 Coney Island Ave,Brooklyn,Brooklyn,11230,KINGS,NY,40.629658,-73.966301
821283,Tony Fruits & Grocery corp.,Convenience Store,1004 E 174th St,Bronx,Bronx,10460,BRONX,NY,40.836121,-73.884453
820151,2031 Webster Food Corp,Convenience Store,2031 Webster Ave,Bronx,Bronx,10457,BRONX,NY,40.850788,-73.899132
834742,Walgreens 10135,Other,298 1st Ave,New York,Manhattan,10009,NEW YORK,NY,40.733299,-73.980789
834766,Family Dollar 6855,Other,1230 Castleton Ave,Staten Island,Staten Island,10310,RICHMOND,NY,40.633957,-74.123505
833631,Dasae Corp,Other,7256 Austin St,Forest Hills,Queens,11375,QUEENS,NY,40.718636,-73.84124
834803,Family Dollar 6737,Other,1227 Webster Ave,Bronx,Bronx,10456,BRONX,NY,40.832561,-73.909691
834836,Chalouh International Food Inc,Grocery Store,509 Kings Hwy,Brooklyn,Brooklyn,11223,KINGS,NY,40.604389,-73.970612
675360,UNITED MEAT MARKET INC,Grocery Store,219 Prospect Park W,Brooklyn,Brooklyn,11215,KINGS,NY,40.66021,-73.980492
1574333,Lino Deli Grocery Corp,Convenience Store,1160 Boynton Ave,Bronx,Bronx,10472,BRONX,NY,40.828213,-73.878006
675654,Weiss Kosher Bakery Inc,Specialty Store,5011 13th Ave,Brooklyn,Brooklyn,11219,KINGS,NY,40.634232,-73.992935
675670,KARIM 1 STOP MINI-MART INC,Grocery Store,7724 5th Ave,Brooklyn,Brooklyn,11209,KINGS,NY,40.627453,-74.023643
675813,CVS PHARMACY 3752,Other,630 Lexington Ave,New York,Manhattan,10022,NEW YORK,NY,40.75877,-73.970901
749011,Yoon Fish Market,Specialty Store,79 W Kingsbridge Rd,Bronx,Bronx,10468,BRONX,NY,40.86829,-73.900398
917113,242 DELI FOOD LLC,Convenience Store,4781 White Plains Rd,Bronx,Bronx,10470,BRONX,NY,40.905685,-73.849625
917302,7-Eleven#23897,Convenience Store,16801 Union Tpke,Fresh Meadows,Queens,11366,QUEENS,NY,40.723152,-73.799812
1591571,Fresh Firm Halal Supermarket,Grocery Store,15711 Linden Blvd,Jamaica,Queens,11434,QUEENS,NY,40.688004,-73.79007
673869,CASA BLANCA MEAT MARKET LLC,Specialty Store,125 E 110th St,New York,Manhattan,10029,NEW YORK,NY,40.795116,-73.945091
749369,Rincon Grocery & Deli,Convenience Store,3047 3rd Ave,Bronx,Bronx,10451,BRONX,NY,40.82024,-73.913025
879672,Springfield Halal Live Poultry LLC,Specialty Store,9804 Springfield Blvd,Queens Village,Queens,11429,QUEENS,NY,40.716125,-73.735527
878707,Walgreens 11172,Other,1371 Metropolitan Ave,Bronx,Bronx,10462,BRONX,NY,40.835148,-73.861374
1653299,Munch'n Out Food & Convenience,Convenience Store,1215 Grand Concourse,Bronx,Bronx,10452,BRONX,NY,40.83503,-73.917648
1634169,Z Gourmet Deli Corp,Convenience Store,1070 Ogden Avenue,Bronx,Bronx,10452,BRONX,NY,40.834793,-73.928177
880860,Suchana Super Market Inc,Grocery Store,476 McDonald Ave,Brooklyn,Brooklyn,11218,KINGS,NY,40.642483,-73.979424
918329,1517 Deli Grocery Corp,Convenience Store,1517 Saint Nicholas Ave,New York,Manhattan,10033,NEW YORK,NY,40.85236,-73.931747
918388,Dollar Tree 3544,Other,2040 Forest Ave,Staten Island,Staten Island,10303,RICHMOND,NY,40.625771,-74.155899
880632,Don Bosco Golumba Inc,Convenience Store,1421 Gravesend Neck Rd,Brooklyn,Brooklyn,11229,KINGS,NY,40.594837,-73.955849
919672,Walgreens 10441,Other,2590 Coney Island Ave,Brooklyn,Brooklyn,11223,KINGS,NY,40.593296,-73.961021
919723,Walgreens 07831,Other,8345 Langdale St,New Hyde Park,Queens,11040,QUEENS,NY,40.740032,-73.700706
1286616,Quick Stop 1 Mini Market Corp,Convenience Store,685 Morris Park Ave,Bronx,Bronx,10462,BRONX,NY,40.845161,-73.866508
856013,Paola Deli Grocery Corp,Grocery Store,485 E 188th St,Bronx,Bronx,10458,BRONX,NY,40.858433,-73.890419
856232,Sun Fish Market Corp,Specialty Store,1513 Fulton St,Brooklyn,Brooklyn,11216,KINGS,NY,40.679947,-73.940842
856503,Castillo Seafood Inc,Specialty Store,2904 Atlantic Ave,Brooklyn,Brooklyn,11207,KINGS,NY,40.677242,-73.886963
1598096,Forest Gourmet Deli & More Corp,Convenience Store,9050 Sutphin Blvd,Jamaica,Queens,11435,QUEENS,NY,40.701595,-73.808167
1288159,C Heights Food Corp,Convenience Store,301 Schenectady Ave,Brooklyn,Brooklyn,11213,KINGS,NY,40.667675,-73.933868
1654885,Sesame Trading Inc.,Grocery Store,5202 7th Ave,Brooklyn,Brooklyn,11220,KINGS,NY,40.641323,-74.007294
1650901,Lia's Market And Deli Inc,Convenience Store,14702 Foch Blvd,Jamaica,Queens,11436,QUEENS,NY,40.680103,-73.793503
857884,Back to Nature Health Foods Inc,Other,1661 Ralph Ave,Brooklyn,Brooklyn,11236,KINGS,NY,40.636402,-73.918854
1585754,Call Santo Domingo Grocery Corp,Convenience Store,598 W 178th St,New York,Manhattan,10033,NEW YORK,NY,40.847126,-73.934944
854987,W & S Dairy Grocery Inc,Grocery Store,281 Avenue O,Brooklyn,Brooklyn,11230,KINGS,NY,40.611469,-73.973785
855419,New King Food,Convenience Store,281 Broadway,Staten Island,Staten Island,10310,RICHMOND,NY,40.63448,-74.11705
855750,Walgreens 14408,Other,459 Broadway,New York,Manhattan,10013,NEW YORK,NY,40.720741,-74.000786
855752,DUANE READE 14410,Other,756 Myrtle Ave,Brooklyn,Brooklyn,11206,KINGS,NY,40.695004,-73.952011
1288424,Walgreens 16415,Other,185 Greenwich St,New York,Manhattan,10007,NEW YORK,NY,40.712967,-74.01178
1286955,M C B Deli Food Corp,Convenience Store,262 Lewis Ave,Brooklyn,Brooklyn,11221,KINGS,NY,40.687183,-73.935944
1287004,Hillside Halal Meat & Grocery Inc,Grocery Store,147-11 Hillside Ave,Jamaica,Queens,11435,QUEENS,NY,40.706039,-73.80928
1287023,Dollar Tree 5624,Other,3560 N Semoran Blvd,Bronx,Bronx,10467,BRONX,NY,40.875065,-73.873665
1587256,Bismillah Brooklyn LLC,Grocery Store,1404 Nostrand Ave,Brooklyn,Brooklyn,11226,KINGS,NY,40.65221,-73.949883
1321810,Chamo Deli & Grocery,Convenience Store,2227 Ditmas Ave,Brooklyn,Brooklyn,11226,KINGS,NY,40.640625,-73.956062
1288008,Aciker LLC-GM,Specialty Store,706 W 181st St,New York,Manhattan,10033,NEW YORK,NY,40.850292,-73.936157
1658651,Stillwell Convenience Inc,Convenience Store,1801 Stillwell Ave,Brooklyn,Brooklyn,11223,KINGS,NY,40.602531,-73.986168
857078,Yafai Grocery Store Inc,Convenience Store,1769 Pitman Ave,Bronx,Bronx,10466,BRONX,NY,40.895618,-73.850601
1584451,K Food Market,Grocery Store,9232 Queens Blvd,Rego Park,Queens,11374,QUEENS,NY,40.73222,-73.867966
920576,219 Fish Market Inc,Specialty Store,219 Saint Anns Ave,Bronx,Bronx,10454,BRONX,NY,40.806568,-73.917686
920633,CVS Pharmacy 2558,Other,360A Avenue of the Americas,New York,Manhattan,10011,NEW YORK,NY,40.73243,-74.000206
920685,MEX DELI GROCERY CORP,Grocery Store,576 E 187th St,Bronx,Bronx,10458,BRONX,NY,40.855873,-73.888245
1574251,Eight Brothers Deli & Grocery Corp,Grocery Store,788 E 214th St,Bronx,Bronx,10467,BRONX,NY,40.878937,-73.861778
901953,Queen Bee Food Store,Grocery Store,4382 162nd St,Flushing,Queens,11358,QUEENS,NY,40.756824,-73.804535
920845,Rite Aid 10543,Other,21B Knolls Cres,Bronx,Bronx,10463,BRONX,NY,40.878475,-73.91761
920858,Walgreens 18198,Other,1710 Crosby Ave,Bronx,Bronx,10461,BRONX,NY,40.845589,-73.831306
920118,DIABY AFRICAN MARKET & GROCERY INC.,Grocery Store,1164 Fulton St,Brooklyn,Brooklyn,11216,KINGS,NY,40.680759,-73.954445
920862,Rite Aid 18990,Other,3590 E Tremont Ave,Bronx,Bronx,10465,BRONX,NY,40.829247,-73.825134
920868,Walgreens 19224,Other,25501 Union Tpke,Glen Oaks,Queens,11004,QUEENS,NY,40.745331,-73.715294
920875,Walgreens 19425,Other,1923 Utopia Pkwy,Whitestone,Queens,11357,QUEENS,NY,40.780231,-73.793861
920878,Rite Aid 10592,Other,4320 Bell Blvd,Bayside,Queens,11361,QUEENS,NY,40.760902,-73.76973
920880,Walgreens 19586,Other,6129 Springfield Blvd,Oakland Gardens,Queens,11364,QUEENS,NY,40.748535,-73.756332
920882,Rite Aid 4991,Other,10907 101st Ave,South Richmond Hill,Queens,11419,QUEENS,NY,40.687668,-73.83432
920302,Walgreens 10475,Other,2270 Clove Rd,Staten Island,Staten Island,10305,RICHMOND,NY,40.59903,-74.081757
824093,Discount Bazaar Inc.- 99 Cents Amazing,Grocery Store,1181 Webster Ave,Bronx,Bronx,10456,BRONX,NY,40.831505,-73.910286
919915,Walgreens 17604,Other,541 W 235th St,Bronx,Bronx,10463,BRONX,NY,40.885548,-73.909264
930382,Family Dollar 4255,Other,14729 Union Tpke,Flushing,Queens,11367,QUEENS,NY,40.718582,-73.81414
747955,Patel Grocery Corp,Other,5303 4th Ave,Brooklyn,Brooklyn,11220,KINGS,NY,40.644627,-74.014359
931481,Palo Blanco Deli Grocery Corp,Grocery Store,750 Astor Ave,Bronx,Bronx,10467,BRONX,NY,40.859566,-73.865303
748102,Central Yetev Lev D'Satmar Meat Inc,Specialty Store,58 Lee Ave,Brooklyn,Brooklyn,11211,KINGS,NY,40.70599,-73.960281
1648264,Kings Hendrix C-store,Convenience Store,2816 Atlantic Ave,Brooklyn,Brooklyn,11207,KINGS,NY,40.676323,-73.889801
1665190,Don Eligio Grocery Corp,Convenience Store,2348 Pitkin Ave,Brooklyn,Brooklyn,11207,KINGS,NY,40.673302,-73.88562
748174,Utica Halal Live Poultry Corp,Other,473 Utica Ave,Brooklyn,Brooklyn,11203,KINGS,NY,40.662098,-73.931412
747316,Roosevelt Fruits & Vegetables,Grocery Store,97-02 Roosevelt Ave,Corona,Queens,11368,QUEENS,NY,40.749165,-73.86824
744483,W.I.N. Inc DBA May Wah Vegetarian Market,Other,213 Hester St,New York,Manhattan,10013,NEW YORK,NY,40.718639,-73.999039
745569,La Quebradita Grocery Corp,Grocery Store,405 Jersey St,Staten Island,Staten Island,10301,RICHMOND,NY,40.63863,-74.087418
1656160,Mj Market Deli And Juices Corp,Convenience Store,938 Broadway,Brooklyn,Brooklyn,11221,KINGS,NY,40.696999,-73.935402
743889,Imperial Meat Inc,Grocery Store,205 Brighton Beach Ave,Brooklyn,Brooklyn,11235,KINGS,NY,40.576496,-73.96682
743947,CVS PHARMACY INC 7881,Other,9715 Metropolitan Ave,Forest Hills,Queens,11375,QUEENS,NY,40.711174,-73.855232
1641016,Sammy Deli Grill And Grocery Corp,Convenience Store,595 Sutter Ave,Brooklyn,Brooklyn,11207,KINGS,NY,40.66925,-73.896851
752553,Charo West Indian and American Grocery INC,Grocery Store,396 Crescent St,Brooklyn,Brooklyn,11208,KINGS,NY,40.679073,-73.870949
1625952,Uray Halal And Fish Market 4,Other,1378a Boston Rd,Bronx,Bronx,10456,BRONX,NY,40.832489,-73.898094
1374593,5 Borough Market Ii Corp,Grocery Store,8402 5th Ave,Brooklyn,Brooklyn,11209,KINGS,NY,40.622833,-74.025528
1587091,Moe One Stop Shop Inc,Convenience Store,1275 Saint Nicholas Ave,New York,Manhattan,10033,NEW YORK,NY,40.844635,-73.937393
1626220,Kings Mart,Grocery Store,58 Graham Ave,Brooklyn,Brooklyn,11206,KINGS,NY,40.702827,-73.942299
1647477,365 Family Deli & Grocery,Convenience Store,340 E 86th St,New York,Manhattan,10028,NEW YORK,NY,40.7771,-73.950302
753017,Bonao Meats And Produce Inc,Grocery Store,4189 Broadway,New York,Manhattan,10033,NEW YORK,NY,40.847843,-73.938141
753972,Supreme Health Food Center USA LLC,Grocery Store,4624 16th Ave,Brooklyn,Brooklyn,11204,KINGS,NY,40.632244,-73.984291
753989,Fifth Avenue Gourmet Deli Inc,Convenience Store,2289 Fifth Ave,New York,Manhattan,10037,NEW YORK,NY,40.81509,-73.935875
751679,Chocolate Deli & Grocery Inc,Convenience Store,8273 Broadway,Elmhurst,Queens,11373,QUEENS,NY,40.741623,-73.880585
1289183,Hasan Grocery Inc.,Grocery Store,564 Coney Island Ave,Brooklyn,Brooklyn,11218,KINGS,NY,40.64349,-73.970207
858142,Abdo Stop One Deli Inc,Convenience Store,5824 5th Ave,Brooklyn,Brooklyn,11220,KINGS,NY,40.640133,-74.015511
881770,Duane Reade 14423,Other,3506 Broadway,Astoria,Queens,11106,QUEENS,NY,40.760365,-73.922112
1626993,Happy Basket Mart Corp.,Convenience Store,519 Knickerbocker Ave,Brooklyn,Brooklyn,11221,KINGS,NY,40.69772,-73.916199
1626477,Greene Gourmet Deli Inc.,Convenience Store,664 Greene Ave,Brooklyn,Brooklyn,11221,KINGS,NY,40.689312,-73.942368
858308,K & N Deli Grocery Corp,Convenience Store,701A Saint Nicholas Ave,New York,Manhattan,10031,NEW YORK,NY,40.824261,-73.944824
1351215,1925 Nostrand And Foster Deli And Inc,Convenience Store,1925 Nostrand Ave,Brooklyn,Brooklyn,11226,KINGS,NY,40.638664,-73.948212
882190,1307 Corp,Convenience Store,1307 Crosby Ave,Bronx,Bronx,10461,BRONX,NY,40.838482,-73.829185
881985,Walgreens 10678,Other,379 Myrtle Ave,Brooklyn,Brooklyn,11205,KINGS,NY,40.693317,-73.971069
881992,Walgreens 11141,Other,1366 Broadway,Brooklyn,Brooklyn,11221,KINGS,NY,40.689301,-73.921974
1289777,Price Fever,Convenience Store,2817 Frederick Douglass Blvd,New York,Manhattan,10039,NEW YORK,NY,40.82589,-73.93972
1290866,CVS Pharmacy 10826,Other,1440 Broadway,New York,Manhattan,10018,NEW YORK,NY,40.754539,-73.986755
1290867,CVS Pharmacy 11060,Other,50th & 2nd,Long Island,Queens,11101,QUEENS,NY,40.743557,-73.958389
904022,87TH Street Grocery & Deli Inc,Convenience Store,8708 Jamaica Ave,Woodhaven,Queens,11421,QUEENS,NY,40.692539,-73.857071
1290567,Liberty Supermarket & Halal Meat Inc,Grocery Store,1075 Liberty Ave,Brooklyn,Brooklyn,11208,KINGS,NY,40.678352,-73.869537
1632677,Plaza Food Market,Convenience Store,980 Rutland Rd,Brooklyn,Brooklyn,11212,KINGS,NY,40.662144,-73.926971
1631775,1066 Alex Deli Food Corp,Convenience Store,1066 Rutland Rd,Brooklyn,Brooklyn,11212,KINGS,NY,40.663712,-73.924538
1649350,New Hegeman Mini Market Corp,Convenience Store,77 Hegeman Ave,Brooklyn,Brooklyn,11212,KINGS,NY,40.656059,-73.909561
1291339,Macareno Central Inc,Grocery Store,6810 4th Ave,Brooklyn,Brooklyn,11220,KINGS,NY,40.635036,-74.023384
904133,C & W Discount Inc,Convenience Store,851 4th Ave,Brooklyn,Brooklyn,11232,KINGS,NY,40.656872,-74.001465
1649806,Adis Fresh Ny Inc,Grocery Store,1375 Castle Hill Ave,Bronx,Bronx,10462,BRONX,NY,40.835773,-73.852295
1637616,Visions Store Corp.,Convenience Store,1325 Foster Ave,Brooklyn,Brooklyn,11230,KINGS,NY,40.633739,-73.964119
887926,Myrtle Convenient Deli Inc,Convenience Store,6815 Myrtle Ave,Glendale,Queens,11385,QUEENS,NY,40.701706,-73.884079
923022,58 Burnside Food Corp,Grocery Store,58 W Burnside Ave,Bronx,Bronx,10453,BRONX,NY,40.854347,-73.909973
1578059,Roxana Gourmet Inc,Convenience Store,6678 Fresh Pond Rd,Ridgewood,Queens,11385,QUEENS,NY,40.706364,-73.897034
933624,Walgreens 17613,Other,9001 SUTPHIN BLVD,JAMAICA,Queens,11435,QUEENS,NY,40.702728,-73.808273
1628345,A & E Healthy Choice,Convenience Store,237 Willis Ave,Bronx,Bronx,10454,BRONX,NY,40.809425,-73.922905
1635019,Steven Deli & Grocery Corp,Grocery Store,325 Cypress Ave,Bronx,Bronx,10454,BRONX,NY,40.807789,-73.913483
1434283,Bonao Fruits Corp,Grocery Store,1110 Liberty Ave,Brooklyn,Brooklyn,11208,KINGS,NY,40.678429,-73.868324
755617,Dollar Resort Inc,Other,190 E 167th St,Bronx,Bronx,10456,BRONX,NY,40.834156,-73.917168
933628,Rite Aid 04836,Other,24514 Francis Lewis Blvd,Rosedale,Queens,11422,QUEENS,NY,40.664776,-73.734993
933637,Walgreens 07930,Other,10640 Rockaway Beach Blvd,Rockaway Park,Queens,11694,QUEENS,NY,40.582367,-73.828491
754607,Walgreens 01214,Other,1328 2nd Ave,New York,Manhattan,10021,NEW YORK,NY,40.76775,-73.959084
754622,Walgreens 01013,Other,5564 Broadway,Bronx,Bronx,10463,BRONX,NY,40.878643,-73.904953
1618478,Blue Deli Grocery Corp,Convenience Store,6455 Cooper Ave,Glendale,Queens,11385,QUEENS,NY,40.698505,-73.890083
1610925,51 St Deli & Grocery Inc,Convenience Store,5103 43rd Ave,Woodside,Queens,11377,QUEENS,NY,40.74448,-73.913506
933520,Rite Aid 10538,Other,4368 Amboy Rd,Staten Island,Staten Island,10312,RICHMOND,NY,40.544624,-74.160835
1103251,Myrtle Mini Mart Inc,Convenience Store,6440 Myrtle Ave,Glendale,Queens,11385,QUEENS,NY,40.700871,-73.890831
888717,One Stop Deli,Convenience Store,647 4th Ave,Brooklyn,Brooklyn,11232,KINGS,NY,40.66349,-73.994743
1618235,Remesas Usa,Convenience Store,1567 Watson Ave,Bronx,Bronx,10472,BRONX,NY,40.826458,-73.876419
888719,Sagal Meat Market VII Inc,Specialty Store,1307 Fulton St,Brooklyn,Brooklyn,11216,KINGS,NY,40.680378,-73.948868
1576060,Rutland Deli Grocery Corp,Convenience Store,1113 Rutland Rd,Brooklyn,Brooklyn,11212,KINGS,NY,40.664955,-73.923126
754946,Walgreens 01487,Other,10425 Queens Blvd,Forest Hills,Queens,11375,QUEENS,NY,40.723858,-73.84861
754966,Walgreens 04445,Other,11902 Rockaway Blvd,S Ozone Park,Queens,11420,QUEENS,NY,40.676052,-73.818832
754993,Father & Sons Deli Food Corp,Convenience Store,1501 Cortelyou Rd,Brooklyn,Brooklyn,11226,KINGS,NY,40.641415,-73.96434
1430580,Inwood Gourmet Deli Corp,Convenience Store,53 Vermilyea Ave,New York,Manhattan,10034,NEW YORK,NY,40.865318,-73.924095
1633705,188 Park Deli Grocery Corp,Convenience Store,2457 University Ave,Bronx,Bronx,10468,BRONX,NY,40.864433,-73.904106
759327,Tirado Enterprises Inc dba Butcher's Choice II,Specialty Store,427 E 149th St,Bronx,Bronx,10455,BRONX,NY,40.815853,-73.916718
885136,La Plaza Food Corp,Convenience Store,5020 103rd St,Corona,Queens,11368,QUEENS,NY,40.742893,-73.859436
884231,Romeo Foods,Specialty Store,7801 15th Ave,Brooklyn,Brooklyn,11228,KINGS,NY,40.615768,-74.004776
883648,Derlyn Food Corp,Grocery Store,150 W Kingsbridge Rd,Bronx,Bronx,10463,BRONX,NY,40.869949,-73.904297
1653096,Norwood Convenience Corp,Convenience Store,3200 Bainbridge Ave,Bronx,Bronx,10467,BRONX,NY,40.875866,-73.879417
1590705,Mi Compadre Deli Grocery Corp,Grocery Store,16 E 213th St,Bronx,Bronx,10467,BRONX,NY,40.88485,-73.878708
1596338,Woodhaven Deli & Grill Corp,Convenience Store,9212 Jamaica Ave,Woodhaven,Queens,11421,QUEENS,NY,40.693352,-73.852745
883370,Cacheo Food Corp,Grocery Store,1011 Sheridan Ave,Bronx,Bronx,10456,BRONX,NY,40.829414,-73.91951
758835,Ave K Mini Mart Inc,Convenience Store,1452 Coney Island Ave,Brooklyn,Brooklyn,11230,KINGS,NY,40.622066,-73.964859
758085,Larosa Foods Inc,Grocery Store,4161 Broadway,New York,Manhattan,10033,NEW YORK,NY,40.847061,-73.938248
1649812,Tejeda Perez Corp,Convenience Store,21 W 176th St,Bronx,Bronx,10453,BRONX,NY,40.848576,-73.913231
1646040,26 Gourmet Deli Corp.,Convenience Store,794 Utica Ave,Brooklyn,Brooklyn,11203,KINGS,NY,40.653671,-73.930656
1641139,Saint Nicholas Gourmont Deli Corp,Convenience Store,316 Saint Nicholas Ave,New York,Manhattan,10027,NEW YORK,NY,40.811062,-73.952156
1641620,Unlike Anything Inc,Convenience Store,750 4th Ave,Brooklyn,Brooklyn,11232,KINGS,NY,40.660866,-73.99791
1646726,262 Love Deli Grocery Corp,Convenience Store,262 Saint Nicholas Ave,Brooklyn,Brooklyn,11237,KINGS,NY,40.702198,-73.912888
950345,Quality Fresh Market,Grocery Store,901 Driggs Ave,Brooklyn,Brooklyn,11211,KINGS,NY,40.70821,-73.96257
1651051,Blue Bay Kitchen & Market Inc,Specialty Store,2769 3rd Ave,Bronx,Bronx,10451,BRONX,NY,40.814766,-73.920509
1647001,Los 7 Valencia's Grocery LLC,Grocery Store,832 Broadway,Brooklyn,Brooklyn,11206,KINGS,NY,40.699139,-73.939362
1653301,86-02 Meat & Produce Inc - Key Food,Other,8602 Northern Blvd,Jackson Heights,Queens,11372,QUEENS,NY,40.755863,-73.881485
1575292,Black Olive Gourmet Inc,Convenience Store,1318 Jerome Ave,Bronx,Bronx,10452,BRONX,NY,40.838398,-73.91877
939333,Eddies Place African Market Inc,Grocery Store,5 E 167th St,Bronx,Bronx,10452,BRONX,NY,40.836067,-73.921852
935172,T N S Superette Corp/ Angelos Deli & Bagel,Convenience Store,3304 Amboy Rd,Staten Island,Staten Island,10306,RICHMOND,NY,40.560268,-74.134796
904704,Tropical Live Poultry Inc,Specialty Store,4910 25th Ave,Woodside,Queens,11377,QUEENS,NY,40.764378,-73.904121
939437,Speedway 7599,Convenience Store,610 Nereid Ave,Bronx,Bronx,10470,BRONX,NY,40.899624,-73.857422
905681,Walgreens 04688,Other,14928 14th Ave,Whitestone,Queens,11357,QUEENS,NY,40.788567,-73.814819
905683,Walgreens 09869,Other,8011 Eliot Ave,Middle Village,Queens,11379,QUEENS,NY,40.725212,-73.87883
905836,F & G Supermarket Corp/C-Town,Grocery Store,2807 86th St,Brooklyn,Brooklyn,11223,KINGS,NY,40.59293,-73.978607
942962,Metro Mini Market Inc,Grocery Store,5401 Metropolitan Ave,Ridgewood,Queens,11385,QUEENS,NY,40.713196,-73.910385
905605,Walgreens 04058,Other,9312 Astoria Blvd,East Elmhurst,Queens,11369,QUEENS,NY,40.763058,-73.876198
1642743,Pola Deli Grocery Corp.,Convenience Store,1402 31st Ave,Astoria,Queens,11106,QUEENS,NY,40.768101,-73.931946
906701,7-Eleven #32201B,Convenience Store,3508 E Tremont Ave,Bronx,Bronx,10465,BRONX,NY,40.831169,-73.826675
760149,Bronx Gourmet Food Corp,Convenience Store,921A E 180th St,Bronx,Bronx,10460,BRONX,NY,40.844582,-73.881332
760257,BLP Meat Market Corp,Grocery Store,72 Clinton St,New York,Manhattan,10002,NEW YORK,NY,40.719204,-73.98497
760564,Discount Dream Llc,Other,9415 Church Ave,Brooklyn,Brooklyn,11212,KINGS,NY,40.655064,-73.916672
1571570,Lj Familia Deli Corp,Grocery Store,423 Etna St,Brooklyn,Brooklyn,11208,KINGS,NY,40.688332,-73.868256
762274,1080 Family Minimarket Corp,Convenience Store,1080 Nostrand Ave,Brooklyn,Brooklyn,11225,KINGS,NY,40.661678,-73.95076
1635118,Dhaka Food Express And Deli,Convenience Store,368 E 204th St,Bronx,Bronx,10467,BRONX,NY,40.871628,-73.877403
759810,Ivoire African Market Inc,Grocery Store,1339 Prospect Ave,Bronx,Bronx,10459,BRONX,NY,40.829727,-73.897659
1618728,18TH AVE. FRUIT MARKET,Convenience Store,1787 Bay Ridge Ave,Brooklyn,Brooklyn,11204,KINGS,NY,40.617073,-73.99279
759924,RITE AID 2010,Other,4046 Broadway,New York,Manhattan,10032,NEW YORK,NY,40.842911,-73.939011
1643048,Never 2 Much,Convenience Store,1989 Coney Island Ave,Brooklyn,Brooklyn,11223,KINGS,NY,40.608727,-73.961937
1646614,El Patroson Deli Corp,Convenience Store,1141 Washington Ave,Brooklyn,Brooklyn,11225,KINGS,NY,40.661121,-73.960548
907095,LOS FLORENCIOS INC,Grocery Store,1479 Myrtle Ave,Brooklyn,Brooklyn,11237,KINGS,NY,40.699017,-73.916557
762766,Y & S Deli Corp,Convenience Store,1228 Nostrand Ave,Brooklyn,Brooklyn,11225,KINGS,NY,40.657188,-73.950294
763093,Flatlands Mini Market Inc,Grocery Store,10424 Flatlands Ave,Brooklyn,Brooklyn,11236,KINGS,NY,40.647408,-73.894714
1626246,Legend Deli Grocery Corp,Grocery Store,282 E Gun Hill Road,Bronx,Bronx,10467,BRONX,NY,40.879131,-73.874786
761892,MERRICK AFRICAN-CARRIBEAN MARKET INC,Grocery Store,23204 Merrick Blvd,Springfield Gardens,Queens,11413,QUEENS,NY,40.675076,-73.737762
953540,F & R Trading NY Inc,Other,237A Grand St,New York,Manhattan,10002,NEW YORK,NY,40.718296,-73.99469
762031,A.S.M. Pharmacy Corp,Convenience Store,1604 Avenue M,Brooklyn,Brooklyn,11230,KINGS,NY,40.618114,-73.958801
1295211,Dollar General 19204,Other,1041 Prospect Ave,Bronx,Bronx,10459,BRONX,NY,40.824711,-73.899597
1295212,Dollar General 19208,Other,3555 White Plains Rd,Bronx,Bronx,10467,BRONX,NY,40.878868,-73.865692
1295387,Dollar General 19205,Other,1312 Southern Blvd,Bronx,Bronx,10459,BRONX,NY,40.831005,-73.891495
1295388,Dollar General 19206,Other,1412 Jerome Ave,Bronx,Bronx,10452,BRONX,NY,40.840736,-73.917259
1295390,Dollar General 19207,Other,2500 White Plains Rd,Bronx,Bronx,10467,BRONX,NY,40.8634,-73.867378
1295393,Dollar General 19210,Other,528 Jackson Ave,Bronx,Bronx,10455,BRONX,NY,40.81266,-73.909241
1295394,Dollar General 19211,Other,900 Southern Blvd,Bronx,Bronx,10459,BRONX,NY,40.819523,-73.892868
1038523,99 Cents Factory Inc,Grocery Store,278 E 149th St,Bronx,Bronx,10451,BRONX,NY,40.817284,-73.922348
1645512,Pueblita Deli And Grocery Corp,Grocery Store,121 Avenue U,Brooklyn,Brooklyn,11223,KINGS,NY,40.596382,-73.979881
1294225,Farmer In The Deli Corp,Convenience Store,357 Myrtle Ave,Brooklyn,Brooklyn,11205,KINGS,NY,40.693218,-73.971725
1294271,Sayyaf Food Corp,Convenience Store,890 Rockaway Ave,Brooklyn,Brooklyn,11212,KINGS,NY,40.657799,-73.907745
1294329,7&7 Gourmet Deli Inc,Convenience Store,2904 Stillwell Ave,Brooklyn,Brooklyn,11224,KINGS,NY,40.576759,-73.981674
1633287,Bobbys Deli And Grill Corporation,Grocery Store,246 Avenue U,Brooklyn,Brooklyn,11223,KINGS,NY,40.596642,-73.97522
1293516,Top New Town 99cent Inc,Other,14075 Ash Ave,Flushing,Queens,11355,QUEENS,NY,40.756145,-73.822121
1292951,Buga Deli Grocery Corp,Convenience Store,187 Buffalo Ave,Brooklyn,Brooklyn,11213,KINGS,NY,40.672817,-73.925163
1594937,Al-osraah Market Corp. No,Grocery Store,3006 Middletown Rd,Bronx,Bronx,10461,BRONX,NY,40.843895,-73.829872
886443,5 Estrella Bakery Inc,Specialty Store,3861 Broadway,New York,Manhattan,10032,NEW YORK,NY,40.836861,-73.942978
1038330,T&T Fish Market And Grocery,Other,12502 Rockaway Blvd,South Ozone Park,Queens,11420,QUEENS,NY,40.675297,-73.812462
1654861,Andriel Deli & Grocery Corp.,Convenience Store,1195 Bushwick Ave,Brooklyn,Brooklyn,11221,KINGS,NY,40.688595,-73.916161
1517598,Felix Organic Deli Corp no,Convenience Store,1017 Bedford Ave,Brooklyn,Brooklyn,11205,KINGS,NY,40.689186,-73.95491
1650766,Sal's Deli & Grill,Grocery Store,1530 Mermaid Ave,Brooklyn,Brooklyn,11224,KINGS,NY,40.576645,-73.983551
907340,Walgreens 11126,Other,7321 Kissena Blvd,Flushing,Queens,11367,QUEENS,NY,40.72707,-73.812195
1586271,965 Morris Park Deli Grocery Corp.,Convenience Store,965 Morris Park Ave,Bronx,Bronx,10462,BRONX,NY,40.847767,-73.857414
1582304,Umar Zabiha Halal Meat,Specialty Store,1035 Coney Island Ave,Brooklyn,Brooklyn,11230,KINGS,NY,40.632782,-73.966827
1039719,Karma Convenience Inc DBA Richmond Bagels,Convenience Store,4244 Hylan Blvd,Staten Island,Staten Island,10312,RICHMOND,NY,40.536446,-74.150978
908690,Bonoful Grocery & Halal Meat Inc,Grocery Store,2911 36th Ave,Astoria,Queens,11106,QUEENS,NY,40.757195,-73.930893
908797,CVS Pharmacy 2940,Other,500 W 42nd St,New York,Manhattan,10036,NEW YORK,NY,40.759724,-73.99575
908799,CVS Pharmacy 2975,Other,7960 Metropolitan Ave,Middle Village,Queens,11379,QUEENS,NY,40.713196,-73.872322
908814,CVS Pharmacy 5772,Other,1500 Lexington Ave,New York,Manhattan,10029,NEW YORK,NY,40.786293,-73.950813
908822,CVS Pharmacy 7066,Other,565 W 235th St,Bronx,Bronx,10463,BRONX,NY,40.885807,-73.910629
908446,CVS Pharmacy 802,Other,2320 Ralph Ave,Brooklyn,Brooklyn,11234,KINGS,NY,40.621536,-73.917511
908457,CVS Pharmacy 1107,Other,6802 Myrtle Ave,Glendale,Queens,11385,QUEENS,NY,40.701595,-73.884148
908477,CVS Pharmacy 1791,Other,156 Henry St,Brooklyn,Brooklyn,11201,KINGS,NY,40.695984,-73.993759
861894,King Farm,Grocery Store,22701 Merrick Blvd,Springfield Gardens,Queens,11413,QUEENS,NY,40.676964,-73.742752
860706,Sun Vin Grocery Store Inc,Grocery Store,75 Mulberry St,New York,Manhattan,10013,NEW YORK,NY,40.716259,-73.999146
909562,YAFA NEWSSTAND & DELI INC,Convenience Store,4423 4th Ave,Brooklyn,Brooklyn,11220,KINGS,NY,40.649307,-74.009491
861569,Walgreens 14390,Other,4702 5th St,Long Island City,Queens,11101,QUEENS,NY,40.745853,-73.955597
860725,Walgreens 07776,Other,1759 Hylan Blvd,Staten Island,Staten Island,10305,RICHMOND,NY,40.586205,-74.092415
909600,Walgreens 12732,Other,9408 3rd Ave,Brooklyn,Brooklyn,11209,KINGS,NY,40.617535,-74.033524
859388,JSR Deli Inc,Grocery Store,994 Morris Park Ave,Bronx,Bronx,10462,BRONX,NY,40.848003,-73.8564
956128,3 Sisters Deli Grocery Corp,Grocery Store,269 Dumont Ave,Brooklyn,Brooklyn,11212,KINGS,NY,40.664089,-73.909554
956436,Walgreens 14468,Other,52 E 14th St,New York,Manhattan,10003,NEW YORK,NY,40.734699,-73.990662
956441,Walgreens 14480,Other,60 Spring St,New York,Manhattan,10012,NEW YORK,NY,40.722122,-73.99688
1663403,La Vina Food Corp,Convenience Store,89 W Kingsbridge Rd,Bronx,Bronx,10468,BRONX,NY,40.868366,-73.900711
1364031,Twins Deli & Grocery Nyc,Convenience Store,1974 7th Ave,New York,Manhattan,10026,NEW YORK,NY,40.805103,-73.951302
1665316,M.a.r. Fruit Market & Deli Corp,Grocery Store,2445A Creston Ave,Bronx,Bronx,10468,BRONX,NY,40.861568,-73.898926
958238,Speedway 7809,Convenience Store,951 Bay St,Staten Island,Staten Island,10305,RICHMOND,NY,40.619267,-74.069939
1043068,El Aguila Mini Market Corp,Grocery Store,1192 Gates Ave,Brooklyn,Brooklyn,11221,KINGS,NY,40.692078,-73.919518
955672,Papa Karlo Fresh Market Inc.,Grocery Store,1081 Brighton Beach Ave,Brooklyn,Brooklyn,11235,KINGS,NY,40.578274,-73.957153
1042421,N & M Grocery Deli Corp.,Convenience Store,202 Simonson Ave,Staten Island,Staten Island,10303,RICHMOND,NY,40.631729,-74.152367
864273,Saba Quality Plus Deli Inc,Convenience Store,1183 Castle Hill Ave,Bronx,Bronx,10462,BRONX,NY,40.831741,-73.851196
1661492,Deli Mart 87 Ii Corp.,Convenience Store,8711 5th Ave,Brooklyn,Brooklyn,11209,KINGS,NY,40.620522,-74.026878
1295601,Estevez Deli Corp,Convenience Store,804 Knickerbocker Ave,Brooklyn,Brooklyn,11207,KINGS,NY,40.692429,-73.907654
1295622,Mard Deli Grocery Corp,Convenience Store,2280 Webster Ave,Bronx,Bronx,10457,BRONX,NY,40.856155,-73.895615
1656783,Amayas Deli Bites Corp.,Grocery Store,786 New Lots Ave,Brooklyn,Brooklyn,11208,KINGS,NY,40.666779,-73.881477
1296031,Dollar Tree 7326,Other,14580 Farmers Blvd,Jamaica,Queens,11434,QUEENS,NY,40.663845,-73.768799
862555,St Peters Food Center Corp,Grocery Store,1484 Saint Peters Ave,Bronx,Bronx,10461,BRONX,NY,40.839714,-73.84613
862638,Walgreens 14398,Other,1352 1st Ave,New York,Manhattan,10021,NEW YORK,NY,40.768131,-73.955544
1584248,Saam Deli And Grocery Corporation,Convenience Store,45 Richman Plz,Bronx,Bronx,10453,BRONX,NY,40.852188,-73.922112
1296653,Sirah 1720 LLC,Grocery Store,535 Marcy Ave,Brooklyn,Brooklyn,11206,KINGS,NY,40.69698,-73.949509
1297192,G Deli Market Corp,Grocery Store,551 E 178th St,Bronx,Bronx,10457,BRONX,NY,40.847485,-73.894432
1297652,Dollar Tree 7335,Other,1765 South Ave,Staten Island,Staten Island,10314,RICHMOND,NY,40.600796,-74.191551
1094765,Frank And Sal Llc,Other,4060 Hylan Blvd,Staten Island,Staten Island,10308,RICHMOND,NY,40.540642,-74.147194
1095058,Dollar Tree 5004,Other,4225 White Plains Rd,Bronx,Bronx,10466,BRONX,NY,40.894379,-73.856949
890099,MOON DELI CORP,Convenience Store,2129 ATLANTIC AVE,BROOKLYN,Brooklyn,11233,KINGS,NY,40.676399,-73.908508
1464726,The Promise Food Corp,Convenience Store,4201 Farragut Rd,Brooklyn,Brooklyn,11203,KINGS,NY,40.637146,-73.936264
1595734,Mf Food Vegetable & Gocery Inc,Grocery Store,13410 Guy r Brewer Blvd,Jamaica,Queens,11434,QUEENS,NY,40.673115,-73.775703
1594572,Harsh Deli & Grill Inc.,Convenience Store,12003 Jamaica Ave,Queens,Queens,11418,QUEENS,NY,40.700336,-73.829933
889913,Lucky Star Market Inc,Convenience Store,5316 8th Ave,Brooklyn,Brooklyn,11220,KINGS,NY,40.639091,-74.005844
1294488,Fast & Fresh Supermarket Inc,Convenience Store,12510 Queens Blvd,Kew Garden,Queens,11415,QUEENS,NY,40.712208,-73.826553
1635984,Dubai Organic Deli Corp.,Convenience Store,496 Grand St,Brooklyn,Brooklyn,11211,KINGS,NY,40.710819,-73.951347
1660666,Nyc Coffee Mocha & Food Corp,Convenience Store,54 Pine St,New York,Manhattan,10005,NEW YORK,NY,40.706768,-74.008575
1658310,Hadja Sita Labelle African Market,Convenience Store,200 W 146th St,New York,Manhattan,10039,NEW YORK,NY,40.822395,-73.939041
1660214,Green Bangla Grocery n/a,Grocery Store,1131 Pierce Ave,Bronx,Bronx,10461,BRONX,NY,40.846973,-73.849533
891603,H M Deli & Grocery,Convenience Store,901 Burke Ave,Bronx,Bronx,10469,BRONX,NY,40.871368,-73.861137
913544,Walgreens 07367,Other,1401 College Point Blvd,College Point,Queens,11356,QUEENS,NY,40.785343,-73.845726
891333,La Oaxaquena Corp,Grocery Store,2276 Jerome Ave,Bronx,Bronx,10453,BRONX,NY,40.85849,-73.903603
891364,La Gondola Deli Grocery Inc,Convenience Store,167 E 205th St,Bronx,Bronx,10458,BRONX,NY,40.875393,-73.885338
891490,CHOLULA II DELI & GROCERY INC.,Convenience Store,633 MYRTLE AVE,BROOKLYN,Brooklyn,11205,KINGS,NY,40.694336,-73.958458
910700,Rite Aid 10568,Other,21-25 Broadway,Long Island City,Queens,11106,QUEENS,NY,40.765141,-73.931412
924357,Akshar 41 Inc,Grocery Store,4038 Union St,Flushing,Queens,11354,QUEENS,NY,40.759441,-73.82605
1653342,Good Neighbors 2 Supermarket Inc,Grocery Store,3939 63rd St,Woodside,Queens,11377,QUEENS,NY,40.745575,-73.901085
1663018,Red Berry Market,Convenience Store,575 4th Ave,Brooklyn,Brooklyn,11215,KINGS,NY,40.665607,-73.992432
912269,Walgreens 12309,Other,2504 Eastchester Rd,Bronx,Bronx,10469,BRONX,NY,40.863029,-73.843376
1395187,Sanchez Deli & Fruit Store Corp,Grocery Store,816 Broadway,Brooklyn,Brooklyn,11206,KINGS,NY,40.699341,-73.939743
891966,Guy R Brewer Express Food Corp,Grocery Store,13450 Guy r Brewer Blvd,Jamaica,Queens,11434,QUEENS,NY,40.672127,-73.774933
924099,Ekiti-Kete African & Caribbean Supermarket Store,Grocery Store,2700 Williamsbridge Rd,Bronx,Bronx,10469,BRONX,NY,40.865864,-73.859787
925024,Second Avenue Deli Market Inc,Grocery Store,81 2nd Ave,New York,Manhattan,10003,NEW YORK,NY,40.726589,-73.989174
925040,Adja Khady Food Distributors Inc,Grocery Store,251 W 116th St,New York,Manhattan,10026,NEW YORK,NY,40.804279,-73.954628
927312,Walgreens 12541,Other,1847 Rockaway Pkwy,Brooklyn,Brooklyn,11236,KINGS,NY,40.636772,-73.892952
962594,CVS Pharmacy  845,Other,395 Court St,Brooklyn,Brooklyn,11231,KINGS,NY,40.679955,-73.997002
864448,Chun Trading INC.,Grocery Store,7005 18th Ave,Brooklyn,Brooklyn,11204,KINGS,NY,40.616016,-73.993141
864507,Mermaid Fish Market Corp,Specialty Store,867 Nostrand Ave,Brooklyn,Brooklyn,11225,KINGS,NY,40.667061,-73.950623
959462,Walgreens 05074,Other,55 Westchester Sq,Bronx,Bronx,10461,BRONX,NY,40.841599,-73.843399
926185,CVS Pharmacy 1058,Other,4108 Queens Blvd,Sunnyside,Queens,11104,QUEENS,NY,40.743477,-73.923073
926191,CVS Pharmacy 1113,Other,8911 Northern Blvd,Jackson Heights,Queens,11372,QUEENS,NY,40.756336,-73.878601
959479,Walgreens 10064,Other,3082 Avenue U,Brooklyn,Brooklyn,11229,KINGS,NY,40.600983,-73.935722
926290,CVS Pharmacy 6062,Other,200 West End Ave,New York,Manhattan,10023,NEW YORK,NY,40.778122,-73.985664
926309,CVS Pharmacy 7019,Other,150 E 42nd St,New York,Manhattan,10017,NEW YORK,NY,40.750988,-73.975365
926349,Supreme Health Food Center New York LLC,Grocery Store,264 Lee Ave,Brooklyn,Brooklyn,11206,KINGS,NY,40.699844,-73.953804
960723,Croes Avenue Famous Deli Corp.,Convenience Store,1683 E 172nd St,Bronx,Bronx,10472,BRONX,NY,40.832317,-73.872047
960006,Mi Pueblito Zumpango,Grocery Store,615 Melrose Ave,Bronx,Bronx,10455,BRONX,NY,40.817669,-73.917229
1049186,Baba's Corner,Convenience Store,10824 Myrtle Ave,Richmond Hill,Queens,11418,QUEENS,NY,40.701004,-73.8414
865719,Jenny's Food Market Inc.,Grocery Store,970 41st St,Brooklyn,Brooklyn,11219,KINGS,NY,40.643585,-73.994492
865304,Smiley Mini Market Inc,Convenience Store,8811 Flatlands Ave,Brooklyn,Brooklyn,11236,KINGS,NY,40.639526,-73.907135
865365,WESTSIDE PHARMACY,Convenience Store,210 Avenue U,Brooklyn,Brooklyn,11223,KINGS,NY,40.596622,-73.976219
1595082,Dixy Organic Deli And Grill Corp,Convenience Store,9004 Avenue B,Brooklyn,Brooklyn,11236,KINGS,NY,40.64959,-73.915985
865832,African and Caribbean Market Inc.,Grocery Store,403 W 145th St,New York,Manhattan,10031,NEW YORK,NY,40.824333,-73.945045
865845,Genova Meats,Specialty Store,6664 Fresh Pond Rd,Ridgewood,Queens,11385,QUEENS,NY,40.706894,-73.897301
865925,7324 Neighborhood Deli Inc,Convenience Store,7324 6th Ave,Brooklyn,Brooklyn,11209,KINGS,NY,40.629284,-74.019814
866059,Hao Zhi Inc,Other,2345 86th St,Brooklyn,Brooklyn,11214,KINGS,NY,40.599907,-73.990448
1047452,Freddys On U Inc,Grocery Store,702 Avenue U,Brooklyn,Brooklyn,11223,KINGS,NY,40.597984,-73.963928
1046786,Family Dollar 9058,Other,3118 Fulton St,Brooklyn,Brooklyn,11208,KINGS,NY,40.681385,-73.879944
1656462,Noor Pharmacy With Dept Inc,Convenience Store,3703 73rd St,Jackson Heights,Queens,11372,QUEENS,NY,40.748623,-73.892555
1654242,Max Deals Grocery Inc.,Convenience Store,2120 Rockaway Pkwy,Brooklyn,Brooklyn,11236,KINGS,NY,40.631481,-73.887733
1658390,5 Star Deli Gourmet Inc,Convenience Store,5301 Fort Hamilton Pkwy,Brooklyn,Brooklyn,11219,KINGS,NY,40.636299,-74.000473
1645841,Hispanoamericana Meat Market 2,Grocery Store,9502 Northern Blvd,Jackson Heights,Queens,11372,QUEENS,NY,40.75666,-73.872879
1298672,Dollar General 19203,Other,3527 31st St,Astoria,Queens,11106,QUEENS,NY,40.757404,-73.929108
1298673,Dollar General 19212,Other,112 E 98th St,Brooklyn,Brooklyn,11212,KINGS,NY,40.663929,-73.921783
1298675,Dollar General 19219,Other,13217 14th Ave,College Point,Queens,11356,QUEENS,NY,40.786324,-73.835495
1298676,Dollar General 19221,Other,1479 Beach Channel Dr,Far Rockaway,Queens,11691,QUEENS,NY,40.610134,-73.753609
1102222,Dollar Tree 5126,Other,2182 3rd Ave,New York,Manhattan,10035,NEW YORK,NY,40.79998,-73.938576
1662012,A&c Deli & Grocery Store Llc,Convenience Store,17 Corson Ave,Staten Island,Staten Island,10301,RICHMOND,NY,40.638264,-74.079552
1298679,Dollar General 19232,Other,168-42 Jamaica Ave,Queens,Queens,11432,QUEENS,NY,40.706825,-73.790932
1298684,Dollar General 19242,Other,135 Canal St,Staten Island,Staten Island,10304,RICHMOND,NY,40.626797,-74.078049
1298686,Dollar General 19243,Other,2264 Forest Ave,Staten Island,Staten Island,10303,RICHMOND,NY,40.627117,-74.165367
1100853,CVS 2280,Other,329-339 Telegraph Rd,Ridgewood,Brooklyn,11237,KINGS,NY,40.703701,-73.912003
1649873,Patroncito Deli Grocery,Convenience Store,4103 108th St,Corona,Queens,11368,QUEENS,NY,40.749905,-73.858154
1299416,Gun Hill Express Grocery Corp,Convenience Store,51 E Gun Hill Rd,Bronx,Bronx,10467,BRONX,NY,40.882133,-73.880325
1298845,DOLLAR GENERAL 19213,Other,1192 Myrtle Ave,Brooklyn,Brooklyn,11221,KINGS,NY,40.697418,-73.93116
1298847,DOLLAR GENERAL 19215,Other,2027 Utica Ave,Brooklyn,Brooklyn,11234,KINGS,NY,40.62233,-73.927208
1098004,Family Dollar 10208,Other,3382 Atlantic Ave,Brooklyn,Brooklyn,11208,KINGS,NY,40.68145,-73.87175
1298849,DOLLAR GENERAL 19216,Other,226 Mother Gaston Blvd,Brooklyn,Brooklyn,11233,KINGS,NY,40.673603,-73.908447
1298850,DOLLAR GENERAL 19217,Other,4118 Farragut Rd,Brooklyn,Brooklyn,11210,KINGS,NY,40.636917,-73.93676
1299426,Dreamer Farmers Market Inc,Grocery Store,167 Avenue U,Brooklyn,Brooklyn,11223,KINGS,NY,40.596489,-73.978096
1298852,DOLLAR GENERAL 19222,Other,7134 Myrtle Ave,Glendale,Queens,11385,QUEENS,NY,40.702011,-73.879028
1298855,DOLLAR GENERAL 19225,Other,11205 Sutphin Blvd,Jamaica,Queens,11435,QUEENS,NY,40.687263,-73.794579
1298861,DOLLAR GENERAL 19231,Other,112-12 Jamaica Ave,Queens,Queens,11418,QUEENS,NY,40.697613,-73.835915
1298862,DOLLAR GENERAL 19233,Other,11335 Springfield Blvd,Queens Village,Queens,11429,QUEENS,NY,40.703079,-73.740517
1298863,DOLLAR GENERAL 19234,Other,1815 Gates Ave,Ridgewood,Queens,11385,QUEENS,NY,40.703575,-73.908188
1406652,Confe Park Deli Grocery Corp,Convenience Store,4666 Park Ave,Bronx,Bronx,10458,BRONX,NY,40.858082,-73.892632
1658364,4003 Church Farm Market Inc,Grocery Store,4003 Church Ave,Brooklyn,Brooklyn,11203,KINGS,NY,40.651417,-73.939896
1664599,Queen A.a Grocery Inc.,Convenience Store,7214 18th Ave,Brooklyn,Brooklyn,11204,KINGS,NY,40.614918,-73.994659
1299006,DOLLARTREE 7139,Other,4660 3rd Ave,Bronx,Bronx,10458,BRONX,NY,40.857689,-73.891052
1651057,856 E 180th Food Market Inc,Convenience Store,856 E 180th St,Bronx,Bronx,10460,BRONX,NY,40.845455,-73.883659
1645886,Deli Delights Mini Market Corp.,Convenience Store,153 Avenue A,New York,Manhattan,10009,NEW YORK,NY,40.727676,-73.982529
913843,194 Manhattan Deli Inc,Grocery Store,194 Manhattan Ave,New York,Manhattan,10025,NEW YORK,NY,40.800037,-73.960297
1070846,194 Throop Food Corp,Grocery Store,777 Park Ave,Brooklyn,Brooklyn,11206,KINGS,NY,40.698315,-73.94426
1587628,Midtown West Gourmet Inc,Convenience Store,740 10th Ave,New York,Manhattan,10019,NEW YORK,NY,40.764904,-73.991417
914456,Sam Neighborhood Grocery Store,Grocery Store,974 Fulton St,Brooklyn,Brooklyn,11238,KINGS,NY,40.682415,-73.961945
894011,Sunny Grocery & Discount Inc. 1,Grocery Store,13113 Jamaica Ave,Richmond Hill,Queens,11418,QUEENS,NY,40.702236,-73.820679
1575889,E&S Custom Kosher Meat Market Inc,Other,6371 108th St,Forest Hills,Queens,11375,QUEENS,NY,40.733234,-73.849503
962691,CVS Pharmacy  6054,Other,2465 Richmond Ave,Staten Island,Staten Island,10314,RICHMOND,NY,40.587429,-74.166931
962692,CVS Pharmacy  7067,Other,1916 Williamsbridge Rd,Bronx,Bronx,10461,BRONX,NY,40.85289,-73.853149
962698,CVS Pharmacy 8968,Other,222 E 34th St,New York,Manhattan,10016,NEW YORK,NY,40.745285,-73.97715
1626600,108 Dyckman Finest Deli & Grill Inc,Convenience Store,108 Dyckman St,New York,Manhattan,10040,NEW YORK,NY,40.861893,-73.925148
1078286,CVS Pharmacy 10041,Other,500A W 23rd St,New York,Manhattan,10011,NEW YORK,NY,40.747681,-74.00457
1061552,Dollar Tree 4938,Other,3172A 31st St,Astoria,Queens,11106,QUEENS,NY,40.759666,-73.927315
1063228,CVS Pharmacy 7576,Other,3101 Ditmars Blvd,Astoria,Queens,11105,QUEENS,NY,40.776161,-73.910637
1078315,1622 Voorhies Ave Pharmacy Inc,Other,1622 Voorhies Ave,Brooklyn,Brooklyn,11235,KINGS,NY,40.585823,-73.952103
1627665,Gshmak Bakery,Specialty Store,164 Wallabout St,Brooklyn,Brooklyn,11206,KINGS,NY,40.699707,-73.956299
1623840,Stars Mini Market Deli Corp.,Convenience Store,317 Bushwick Ave,Brooklyn,Brooklyn,11206,KINGS,NY,40.705406,-73.939301
1112361,SYL Fish Market,Specialty Store,684 E 187th St,Bronx,Bronx,10458,BRONX,NY,40.854145,-73.884857
868665,Meat Mart 13th Ave Corp,Specialty Store,4521 Fort Hamilton Pkwy,Brooklyn,Brooklyn,11219,KINGS,NY,40.639797,-73.995255
867273,Walgreens 10941,Other,3000 Church Ave,Brooklyn,Brooklyn,11226,KINGS,NY,40.650719,-73.949226
867275,Walgreens 11555,Other,6628 18th Ave,Brooklyn,Brooklyn,11204,KINGS,NY,40.617977,-73.991562
1634353,Don Alex Food Market,Grocery Store,353 Knickerbocker Ave,Brooklyn,Brooklyn,11237,KINGS,NY,40.70092,-73.921814
1113268,Kassim Bakery & Restaurant,Convenience Store,16928 Jamaica Ave,Jamaica,Queens,11432,QUEENS,NY,40.707172,-73.789803
1591404,Shining Stars Store Inc.,Convenience Store,724 Broadway,Brooklyn,Brooklyn,11206,KINGS,NY,40.70108,-73.942741
868905,4 Season & Deli Grocery,Grocery Store,911 Coney Island Ave,Brooklyn,Brooklyn,11230,KINGS,NY,40.63512,-73.967392
867393,Ameen Grocery & Halal Meat Inc,Grocery Store,11109 Liberty Ave,South Richmond Hill,Queens,11419,QUEENS,NY,40.68491,-73.830673
866757,Granite Fine Foods Inc,Specialty Store,437 Jersey St,Staten Island,Staten Island,10301,RICHMOND,NY,40.637726,-74.087021
866909,Food Choice No 1 Corp,Grocery Store,333 E 184th St,Bronx,Bronx,10458,BRONX,NY,40.85844,-73.89621
869112,Shorty Farm and Meat Corp.,Grocery Store,2949 Fulton St,Brooklyn,Brooklyn,11207,KINGS,NY,40.679653,-73.885956
1112795,Walgreens 11267,Other,244 E 161st St,Bronx,Bronx,10451,BRONX,NY,40.825653,-73.919205
868607,Walgreens 07627,Other,3575 Boston Rd,Bronx,Bronx,10469,BRONX,NY,40.878742,-73.843727
867106,Chinelos II Corp,Convenience Store,530 W 136th Street,New York,Manhattan,10031,NEW YORK,NY,40.820267,-73.953476
1053024,2300 Deli Corp,Grocery Store,2300 Crotona Ave,Bronx,Bronx,10458,BRONX,NY,40.851952,-73.884453
1103355,Walgreens 15352,Other,1281 Fulton St,Brooklyn,Brooklyn,11216,KINGS,NY,40.680561,-73.950218
1107083,Jun 0709 Inc,Grocery Store,600 W 42nd St,New York,Manhattan,10036,NEW YORK,NY,40.76083,-73.998825
1107131,Dollar Tree 5099,Other,1701 Utica Ave,Brooklyn,Brooklyn,11234,KINGS,NY,40.630726,-73.928108
1441531,Brownsville Gourmet Deli Plus Corp,Convenience Store,489 Rockaway Ave,Brooklyn,Brooklyn,11212,KINGS,NY,40.667908,-73.909904
1049939,CVS Pharmacy 5847,Other,6831 Bay Pkwy,Brooklyn,Brooklyn,11204,KINGS,NY,40.611137,-73.984001
1104237,Co-Op City African Market,Grocery Store,2829 Edson Ave,Bronx,Bronx,10469,BRONX,NY,40.868855,-73.833908
1049945,Walgreens 13752,Other,2325 Flatbush Ave,Brooklyn,Brooklyn,11234,KINGS,NY,40.613804,-73.926834
1104811,CVS Pharmacy 10235,Other,800 10th Ave,New York,Manhattan,10019,NEW YORK,NY,40.766926,-73.989929
1105219,Rachels Garden,Grocery Store,116 Nassau Ave,Brooklyn,Brooklyn,11222,KINGS,NY,40.724342,-73.948944
1050145,Rosedale 99 Cents Inc,Convenience Store,1741 Lafayette Ave,Bronx,Bronx,10473,BRONX,NY,40.820938,-73.866402
1051320,Ralph Avenue Fresh Farm Corp,Grocery Store,2 Ralph Ave,Brooklyn,Brooklyn,11221,KINGS,NY,40.690594,-73.924286
1441623,Fresh Pond Deli Grocery Corp.,Convenience Store,60-02 Fresh Pond Rd,Maspeth,Queens,11378,QUEENS,NY,40.716881,-73.901955
1441635,New Deli Food Inc,Convenience Store,2168 Bath Ave,Brooklyn,Brooklyn,11214,KINGS,NY,40.598537,-73.997803
1441797,Ann Clair's Salumeria Inc,Grocery Store,1130 Morris Park Ave,Bronx,Bronx,10461,BRONX,NY,40.849964,-73.85173
1441800,Chafa's Deli Corp,Grocery Store,144-12 Lakewood Ave,Jamaica,Queens,11433,QUEENS,NY,40.68948,-73.803513
1441900,Amiga De China Supermarket Inc.,Grocery Store,5707 4th Ave,Brooklyn,Brooklyn,11220,KINGS,NY,40.642246,-74.016678
1442292,Farida Fresh Fruits And Vegetables Inc,Grocery Store,424 Ditmas Ave,Brooklyn,Brooklyn,11218,KINGS,NY,40.635845,-73.974213
1443039,Salem Fish Market Inc,Specialty Store,2704 Avenue U,Brooklyn,Brooklyn,11229,KINGS,NY,40.600018,-73.944489
1441955,Sagara Food City,Grocery Store,98 Victory Blvd,Staten Island,Staten Island,10301,RICHMOND,NY,40.637672,-74.079735
1442853,Pitkin Deli Corp.,Convenience Store,2227 Pitkin Ave,Brooklyn,Brooklyn,11207,KINGS,NY,40.672874,-73.890114
1442924,Farmers Market,Grocery Store,234-16 Linde Blvd,Cambria Heights,Queens,11411,QUEENS,NY,40.690632,-73.727852
1442986,Kiszka Market Corp,Grocery Store,5511 13th Ave,Brooklyn,Brooklyn,11219,KINGS,NY,40.631123,-73.995972
1442325,1289 Jc Deli Grocery Corp,Grocery Store,1289 Walton Ave,Bronx,Bronx,10452,BRONX,NY,40.837055,-73.918068
896772,Austro Grocery & Deli Corp,Convenience Store,6715 Woodside Ave,Woodside,Queens,11377,QUEENS,NY,40.743126,-73.896957
1443090,21 Ave Pharmacy & Medical Supply Inc,Convenience Store,8511 21st Ave,Brooklyn,Brooklyn,11214,KINGS,NY,40.603485,-73.995476
896820,Mi Casa Bakery Corp,Other,18 Bedford Park Blvd E,Bronx,Bronx,10468,BRONX,NY,40.872795,-73.888954
896839,V.M.D. Deli Grocery,Grocery Store,6901 Queens Blvd,Woodside,Queens,11377,QUEENS,NY,40.740429,-73.895622
1442391,Lucky Spot Convenience Corp,Convenience Store,3401 Jerome Ave,Bronx,Bronx,10467,BRONX,NY,40.880745,-73.883766
894971,Duane Reade 14417,Other,568 W 125th St,New York,Manhattan,10027,NEW YORK,NY,40.815338,-73.958031
1443178,V I P Deli And Grill Corp,Convenience Store,11602 Merrick Blvd,Jamaica,Queens,11434,QUEENS,NY,40.68821,-73.776642
1443179,Guadalupana Mexicana Grocery Inc.,Grocery Store,8630 85th St,Woodhaven,Queens,11421,QUEENS,NY,40.692741,-73.859276
1442431,Famous Convenience Inc,Convenience Store,416 Broadway,Staten Island,Staten Island,10310,RICHMOND,NY,40.630886,-74.116791
1442450,99c And More Corp I,Grocery Store,225 Broad St,Staten Island,Staten Island,10304,RICHMOND,NY,40.62402,-74.082253
1442100,Omar Grocery Inc,Grocery Store,692 5th Ave,Brooklyn,Brooklyn,11215,KINGS,NY,40.661331,-73.993637
897126,MJP Deli & Grocery Inc,Grocery Store,1010 Beverley Rd,Brooklyn,Brooklyn,11218,KINGS,NY,40.643677,-73.969627
1586392,T & T Organic Market Inc,Convenience Store,1030 Nostrand Ave,Brooklyn,Brooklyn,11225,KINGS,NY,40.663414,-73.951088
1442548,Y & R Deli & Grocery Inc,Convenience Store,345 Victory Blvd,Staten Island,Staten Island,10301,RICHMOND,NY,40.633839,-74.086128
1443334,Rockaway Gourmet Deli Inc,Convenience Store,13102 Rockaway Blvd,South Ozone Park,Queens,11420,QUEENS,NY,40.674732,-73.807304
1055817,Green Planet Organics Inc,Grocery Store,969 Fulton St,Brooklyn,Brooklyn,11238,KINGS,NY,40.68298,-73.964394
1134403,Stanley Mini Market Corp/Pioneer Fresh Market,Grocery Store,689 Stanley Ave,Brooklyn,Brooklyn,11207,KINGS,NY,40.659641,-73.883308
1592856,Victory Convenience & Smoke Shop Corp,Convenience Store,320 Victory Blvd,Staten Island,Staten Island,10301,RICHMOND,NY,40.634224,-74.085365
1056807,Lorimer Express Food Inc,Convenience Store,574B Broadway,Brooklyn,Brooklyn,11206,KINGS,NY,40.703938,-73.947685
1059084,Duane Reade 14489,Other,3387 Broadway,New York,Manhattan,10031,NEW YORK,NY,40.821693,-73.954247
1443761,Utica Deli & Smoke Shop I Corp,Convenience Store,321 Utica Ave,Brooklyn,Brooklyn,11213,KINGS,NY,40.66684,-73.931152
1653160,Quick Bities Deli Corp,Convenience Store,460 E 149th St,Bronx,Bronx,10455,BRONX,NY,40.81525,-73.915863
1107739,Morelos Inc,Grocery Store,298 Irving Ave,Brooklyn,Brooklyn,11237,KINGS,NY,40.699085,-73.914703
1646524,City Star 1 Gourmet Deli,Convenience Store,1608 Avenue U,Brooklyn,Brooklyn,11229,KINGS,NY,40.598862,-73.955109
1443823,Tavares Deli Grocery Corp,Grocery Store,575 Woodward Ave,Ridgewood,Queens,11385,QUEENS,NY,40.706612,-73.90847
1444140,Stop And Go Grocery Store Inc,Convenience Store,2028 Mermaid Ave,Brooklyn,Brooklyn,11224,KINGS,NY,40.576077,-73.98777
1641292,438 Putnam Deli Corp,Convenience Store,438 Nostrand Ave,Brooklyn,Brooklyn,11216,KINGS,NY,40.684174,-73.95047
1443539,Catania Bakery,Other,487 Harman St,Brooklyn,Brooklyn,11237,KINGS,NY,40.704769,-73.91433
1641492,Corner Bites & Brews Corp.,Convenience Store,9401 Avenue L,Brooklyn,Brooklyn,11236,KINGS,NY,40.637398,-73.897537
1631846,Canarsie Super Express Deli Inc.,Convenience Store,9801 Avenue L,Brooklyn,Brooklyn,11236,KINGS,NY,40.639503,-73.894272
1651123,M & P Deli And Gorcery Corp,Convenience Store,803 Morris Park Ave,Bronx,Bronx,10462,BRONX,NY,40.846146,-73.86245
987016,El Paisano 2 Fruits & Vegetables Llc,Grocery Store,1555 Watson Ave,Bronx,Bronx,10472,BRONX,NY,40.826389,-73.876923
1650727,Sea Town Seafood Llc,Specialty Store,4818 5th Ave,Brooklyn,Brooklyn,11220,KINGS,NY,40.645943,-74.009659
1110026,Dollar Tree 5328,Other,1562 Fulton St,Brooklyn,Brooklyn,11213,KINGS,NY,40.679722,-73.938225
1443912,Lopez Deli Grocery Corp,Convenience Store,4824 7th Ave,Brooklyn,Brooklyn,11220,KINGS,NY,40.643173,-74.005363
1135612,Rohs Fish Market Inc,Specialty Store,776 Flatbush Ave,Brooklyn,Brooklyn,11226,KINGS,NY,40.653873,-73.959549
1647087,Fulton Finest Deli & Grocery Corp,Convenience Store,2059 Fulton St,Brooklyn,Brooklyn,11233,KINGS,NY,40.678398,-73.910683
1443942,3413 Meat Market Shop Corp,Other,3413 Boston Rd,Bronx,Bronx,10469,BRONX,NY,40.875881,-73.850266
1638070,M & A Deli Market Corp,Convenience Store,3915 9th Ave,Brooklyn,Brooklyn,11232,KINGS,NY,40.645512,-73.995354
1665392,M & W Deli Inc,Other,5400 Myrtle Ave,Ridgewood,Queens,11385,QUEENS,NY,40.699497,-73.910751
1443705,Ratna Enterprises Inc Dba Richmond Hill Grocery &v,Grocery Store,111-09 101st Avenue,Richmond Hill,Queens,11419,QUEENS,NY,40.688141,-73.832626
1443711,Lucero Deli Grocery Corp,Grocery Store,5401 6th Ave,Brooklyn,Brooklyn,11220,KINGS,NY,40.641384,-74.010406
1670847,Gaston Food Center Corp,Convenience Store,16 Mother Gaston Blvd,Brooklyn,Brooklyn,11233,KINGS,NY,40.681889,-73.908989
1444367,S & A 99 Cents Plus Corp,Convenience Store,248 W 231st St,Bronx,Bronx,10463,BRONX,NY,40.879635,-73.906532
1658088,Halal Deli & Grocery Llc,Convenience Store,3419 14th Ave,Brooklyn,Brooklyn,11218,KINGS,NY,40.641617,-73.981476
1645260,Tremont Deli Corp,Convenience Store,4011 E Tremont Ave,Bronx,Bronx,10465,BRONX,NY,40.820263,-73.817734
1444783,Greenland Deli And Supermarket Corp,Convenience Store,244 Schenectady Ave,Brooklyn,Brooklyn,11213,KINGS,NY,40.670921,-73.933838
1444814,Cp Mini Market Corp,Grocery Store,101 Audubon Ave,New York,Manhattan,10032,NEW YORK,NY,40.841827,-73.937202
1444876,Samy Mini Mart And Deli Corp,Grocery Store,2444 Williamsbridge Rd,Bronx,Bronx,10469,BRONX,NY,40.86195,-73.857513
1444471,Jehova Jireh Deli Grocery Corp,Grocery Store,7204 13th Ave,Brooklyn,Brooklyn,11228,KINGS,NY,40.621975,-74.005898
1571400,20th Ave Deli & Convenience Inc.,Convenience Store,12620 20th Ave,College Point,Queens,11356,QUEENS,NY,40.781601,-73.841553
1444586,Ujamaa Health Foods,Other,406 Utica Ave,Brooklyn,Brooklyn,11213,KINGS,NY,40.664627,-73.931702
1444659,Mon Win Food Market Inc 162,Grocery Store,162 Mott St,New York,Manhattan,10013,NEW YORK,NY,40.719669,-73.996124
1444666,Valentina Deli & Grocery Inc NO,Grocery Store,241 Ridgewood Ave,Brooklyn,Brooklyn,11208,KINGS,NY,40.683842,-73.879829
1137204,Ao Xin Zhou Supermarket Inc.,Grocery Store,8811 Liberty Ave,Ozone Park,Queens,11417,QUEENS,NY,40.679939,-73.850296
1570240,Stuytown Marketplace Inc.,Grocery Store,279 1st Ave,New York,Manhattan,10003,NEW YORK,NY,40.732658,-73.981857
1571615,Sanaa Gourmet Deli Grocery,Convenience Store,611 E 182nd St,Bronx,Bronx,10457,BRONX,NY,40.85181,-73.889267
1137631,7 Eleven 39308,Other,535 8th Ave North Side,New York,Manhattan,10018,NEW YORK,NY,40.753883,-73.992264
1597752,Paradise Gourmet Deli & Grill Inc.,Convenience Store,175 Avenue B,New York,Manhattan,10009,NEW YORK,NY,40.727531,-73.979286
899750,Duane Reade 14436,Other,200 Water St,New York,Manhattan,10038,NEW YORK,NY,40.707375,-74.004211
898691,Walgreens 19794,Other,4302 Ditmars Blvd,Astoria,Queens,11105,QUEENS,NY,40.771088,-73.903618
898700,Walgreens 17517,Other,7575 31st Ave,East Elmhurst,Queens,11370,QUEENS,NY,40.75869,-73.891884
898702,Rite Aid 10600,Other,5015 Roosevelt Ave,Woodside,Queens,11377,QUEENS,NY,40.74371,-73.914116
898704,Rite Aid 10601,Other,6026 Woodside Ave,Woodside,Queens,11377,QUEENS,NY,40.744881,-73.903717
898717,Rite Aid 4205,Other,81 1st Ave,New York,Manhattan,10003,NEW YORK,NY,40.725719,-73.986916
898770,Rite Aid 03870,Other,3700 Junction Blvd,Corona,Queens,11368,QUEENS,NY,40.751469,-73.870842
898774,Rite Aid 03581,Other,8510 Northern Blvd,Jackson Heights,Queens,11372,QUEENS,NY,40.755871,-73.88208
1067592,Benjamin's Pharmacy & Surgical,Other,987 Allerton Ave,Bronx,Bronx,10469,BRONX,NY,40.865555,-73.859093
1139410,CVS Pharmacy 4014,Other,2182 Broadway,New York,Manhattan,10024,NEW YORK,NY,40.782745,-73.98053
1638212,Mount Green Supermarket,Grocery Store,4006 68th Street,Woodside,Queens,11377,QUEENS,NY,40.745907,-73.897293
1647323,Speedway 7808,Convenience Store,7733 Queens Blvd,Elmhurst,Queens,11373,QUEENS,NY,40.738808,-73.885963
1063543,Dollar Tree 4974,Other,864 Remsen Ave,Brooklyn,Brooklyn,11236,KINGS,NY,40.646553,-73.913261
1657102,Hong Fu Baby Inc.,Convenience Store,4514 5th Ave,Brooklyn,Brooklyn,11220,KINGS,NY,40.647663,-74.007866
1666512,M3 Deli & Grill Corp,Convenience Store,6816 3rd Ave,Brooklyn,Brooklyn,11220,KINGS,NY,40.636292,-74.025993
900758,DOLLAR TREE 4091,Other,680 Meeker Ave,Brooklyn,Brooklyn,11222,KINGS,NY,40.722687,-73.939644
1652304,132 Express Deli Inc,Convenience Store,132 Graham Ave,Brooklyn,Brooklyn,11206,KINGS,NY,40.706028,-73.942818
899903,Run Feng Trading Inc.,Other,123 Mott St,New York,Manhattan,10013,NEW YORK,NY,40.718109,-73.997002
1232693,Aden Deli Grocery Corp I,Convenience Store,1519 Nostrand Ave,Brooklyn,Brooklyn,11226,KINGS,NY,40.649063,-73.949356
1642931,City Slice Deli Corp,Convenience Store,545 Marcy Ave,Brooklyn,Brooklyn,11206,KINGS,NY,40.696476,-73.94928
1233386,CVS 2551,Other,3125 Bainbridge Ave,Bronx,Bronx,10467,BRONX,NY,40.874454,-73.87941
1016888,DOLLAR TREE 4695,Other,4469 Broadway,New York,Manhattan,10040,NEW YORK,NY,40.857506,-73.932457
1590824,Farmers Market,Grocery Store,1045 Eastern Pkwy,Brooklyn,Brooklyn,11213,KINGS,NY,40.669209,-73.933655
1233329,Bisbas Gourmet Deli Inc,Convenience Store,24306 Merrick Blvd,Rosedale,Queens,11422,QUEENS,NY,40.673946,-73.730453
1446669,Qiang Ge Seafood Inc,Other,6307 Fort Hamilton Pkwy,Brooklyn,Brooklyn,11219,KINGS,NY,40.63129,-74.007759
1446670,El Corral Meat Market Corp,Grocery Store,1187 Morrison Ave,Bronx,Bronx,10472,BRONX,NY,40.829086,-73.874649
1446698,El Pueblo Mexicano Fruit & Grocery Corp,Grocery Store,530 E 138th St,Bronx,Bronx,10454,BRONX,NY,40.807053,-73.918434
1574520,Sabrosura 718 Deli Inc,Convenience Store,2258 Morris Ave,Bronx,Bronx,10453,BRONX,NY,40.85725,-73.902008
1574577,Nostrand A& R Pharmacy Inc,Grocery Store,936 Kings Hwy,Brooklyn,Brooklyn,11223,KINGS,NY,40.606964,-73.962669
1447431,La Union Deli Grocery Corp,Grocery Store,4011 5th Ave,Brooklyn,Brooklyn,11232,KINGS,NY,40.650375,-74.004631
1447498,Lucky Lotto Grocery Deli Corp,Convenience Store,1864 Nostrand Ave,Brooklyn,Brooklyn,11226,KINGS,NY,40.640221,-73.948586
1447046,De Charlotte Mini Market,Other,518 W 207th St,New York,Manhattan,10034,NEW YORK,NY,40.865047,-73.919685
1447540,Tremont Gourmet Deli Inc,Convenience Store,706 E Tremont Ave,Bronx,Bronx,10457,BRONX,NY,40.845078,-73.891045
1638870,82nd Stop Corp,Convenience Store,4014 82nd St,Elmhurst,Queens,11373,QUEENS,NY,40.747169,-73.883965
1447068,Jvy Deli Grocery Corp,Convenience Store,1685 University Ave,Bronx,Bronx,10453,BRONX,NY,40.849037,-73.917755
1646974,Speedway 7813,Convenience Store,914 Coney Island Ave,Brooklyn,Brooklyn,11230,KINGS,NY,40.634827,-73.967896
1445165,El Punto Deli Grocery Corp,Convenience Store,1168 Colgate Ave,Bronx,Bronx,10472,BRONX,NY,40.828178,-73.881813
1446213,Miandav Food Corp/Food Universe,Grocery Store,1187 Jerome Ave,Bronx,Bronx,10452,BRONX,NY,40.835869,-73.923035
1446843,Camila Deli Market Llc,Grocery Store,950 Anderson Ave,Bronx,Bronx,10452,BRONX,NY,40.830891,-73.92804
1446271,European Meat Boutique,Grocery Store,4212 43rd Ave,Sunnyside,Queens,11104,QUEENS,NY,40.745163,-73.921692
1446344,K & K Seafood Inc,Specialty Store,5518 8th Ave,Brooklyn,Brooklyn,11220,KINGS,NY,40.638008,-74.007156
1446871,Jayran Deli Grocery Inc,Convenience Store,1050 Dean St,Brooklyn,Brooklyn,11216,KINGS,NY,40.677326,-73.955399
1446880,Sweet Deli Grocery Corp,Grocery Store,3001 Albany Cres,Bronx,Bronx,10463,BRONX,NY,40.876537,-73.90287
1447295,Bh Gourmet Deli Corp,Convenience Store,2550 Bainbridge Ave,Bronx,Bronx,10458,BRONX,NY,40.862534,-73.89299
1082510,Choes Blue Fruit & Vegetable Inc,Other,1907 Avenue M,Brooklyn,Brooklyn,11230,KINGS,NY,40.618477,-73.955925
1647014,Aziz Enterprise Corp,Specialty Store,603 Morris Park Ave,Bronx,Bronx,10460,BRONX,NY,40.844219,-73.869545
1629048,Top Deli 1 Corp NA,Convenience Store,4125 White Plains Rd,Bronx,Bronx,10466,BRONX,NY,40.891495,-73.85865
1634319,The Market On 7th,Convenience Store,194 7th Ave,New York,Manhattan,10011,NEW YORK,NY,40.743122,-73.996597
1388248,Rd & R Deli & Grocery,Convenience Store,612 Richmond Rd,Staten Island,Staten Island,10304,RICHMOND,NY,40.611702,-74.088287
1153165,CVS Pharmacy 5830,Other,108-11 Queens Blvd,Forest Hlls,Queens,11375,QUEENS,NY,40.721336,-73.843163
1152297,Guyana Choice Bakery,Grocery Store,10404 Liberty Ave,Ozone Park,Queens,11417,QUEENS,NY,40.681961,-73.836746
1668774,Del Campo Fruits & Vegetables Corp,Grocery Store,275 Ridgewood Ave,Brooklyn,Brooklyn,11208,KINGS,NY,40.684078,-73.878555
1667911,944 Hegeman Deli Grocery Inc,Convenience Store,944 Hegeman Ave,Brooklyn,Brooklyn,11208,KINGS,NY,40.66576,-73.877838
1153556,CVS Pharmacy 3146,Other,30-97 Steinway St,Astoria,Queens,11103,QUEENS,NY,40.761471,-73.916924
1153680,Caribbean Variety Store,Grocery Store,1483 Westchester Ave,Bronx,Bronx,10472,BRONX,NY,40.828613,-73.880791
1569468,Legacy Africana Market Inc 1,Grocery Store,651 Bay St,Staten Island,Staten Island,10304,RICHMOND,NY,40.626125,-74.075172
1550104,1 In The Middle Grocery Inc N/A,Grocery Store,615 W 173rd St,New York,Manhattan,10032,NEW YORK,NY,40.844688,-73.938469
1236155,Mannan Supermarket,Grocery Store,7519 101st Ave,Ozone Park,Queens,11416,QUEENS,NY,40.679855,-73.861603
1662470,Mario Mini Market Inc,Grocery Store,12214 18th Ave,College Point,Queens,11356,QUEENS,NY,40.783138,-73.845222
1590725,Rosedale Deli Market Inc/Rosedale Fantastic Deli,Convenience Store,14501 243rd St,Rosedale,Queens,11422,QUEENS,NY,40.659542,-73.739784
1018701,Kehilla Butcher LLC,Specialty Store,1183 49th St,Brooklyn,Brooklyn,11219,KINGS,NY,40.63652,-73.99437
1476178,Joy Deli & Mini Mart Inc.,Convenience Store,1617 Bay Ridge Pkwy,Brooklyn,Brooklyn,11204,KINGS,NY,40.616104,-74.000145
1649070,Wholesome Farms Market Vi Corp.,Grocery Store,3-13 27th Ave,Astoria,Queens,11102,QUEENS,NY,40.775631,-73.936043
1648669,Sk Sea World Ii Inc.,Specialty Store,6824 18th Ave,Brooklyn,Brooklyn,11204,KINGS,NY,40.617001,-73.992554
872357,Liberty Star Deli,Convenience Store,8802 Liberty Ave,Ozone Park,Queens,11417,QUEENS,NY,40.679787,-73.850479
1017908,2185 Adam 99C Corp,Convenience Store,2185 Adam Clayton Powell Jr Blvd,New York,Manhattan,10027,NEW YORK,NY,40.811687,-73.946198
1238988,Family Dollar 11760,Other,40 Prospect St,Staten Island,Staten Island,10304,RICHMOND,NY,40.628574,-74.075867
1660658,Plata Grocery,Convenience Store,3105 24th Ave,Astoria,Queens,11102,QUEENS,NY,40.772194,-73.915009
1116232,Dollar Tree 5345,Other,612 Westchester Ave,Bronx,Bronx,10455,BRONX,NY,40.815914,-73.910461
1021066,Christopher Mini Market Corp,Grocery Store,1539 Watson Ave,Bronx,Bronx,10472,BRONX,NY,40.826252,-73.877937
1589185,Elm Mini Mart Corporation,Convenience Store,169 Elm St,Staten Island,Staten Island,10310,RICHMOND,NY,40.637604,-74.113655
1114418,Sedgwick Deli & Grocery,Convenience Store,2701 Sedgwick Ave,Bronx,Bronx,10468,BRONX,NY,40.870079,-73.903305
1114716,CVS 8969,Other,50-56th E 167th St,Bronx,Bronx,10452,BRONX,NY,40.834641,-73.917801
1083243,Qiang Wang Market Inc,Grocery Store,5624 7th Ave,Brooklyn,Brooklyn,11220,KINGS,NY,40.638699,-74.010033
1117305,Walgreens 14503,Other,711 3rd Ave,New York,Manhattan,10017,NEW YORK,NY,40.752392,-73.973228
1117626,New Dreamland Deli Grocery Corp,Grocery Store,501 Grandview Ave,Ridgewood,Queens,11385,QUEENS,NY,40.709763,-73.907646
1242140,Dollar Tree 6209,Other,344 Pennsylvania Ave,Brooklyn,Brooklyn,11207,KINGS,NY,40.668995,-73.895172
1576769,Healthmax Pharmacy,Other,8007 Jamaica Ave,Woodhaven,Queens,11421,QUEENS,NY,40.692261,-73.862122
1239137,Sunny Deli Inc,Convenience Store,231 W 230th St,Bronx,Bronx,10463,BRONX,NY,40.877823,-73.907448
1239163,DOLLARTREE 5774,Other,2026 Westchester Ave,Bronx,Bronx,10462,BRONX,NY,40.833664,-73.856537
1447626,1223 Je Deli Grocery Corp.,Convenience Store,1223 Boston Rd,Bronx,Bronx,10456,BRONX,NY,40.829933,-73.90229
1085614,CVS Pharmacy 10042,Other,859 Manhattan Ave,Brooklyn,Brooklyn,11222,KINGS,NY,40.729397,-73.954048
1447636,New Stadium Discount Inc,Convenience Store,880 River Ave,Bronx,Bronx,10452,BRONX,NY,40.828384,-73.92543
1240731,Five Star Mart,Grocery Store,4015 104th St,Corona,Queens,11368,QUEENS,NY,40.749287,-73.861252
1448655,Jamaica Avenue Fish Market,Specialty Store,17527 Jamaica Ave,Jamaica,Queens,11432,QUEENS,NY,40.708008,-73.784691
1448725,Kingz Gourmet Deli Inc,Convenience Store,144 Lewis Ave,Brooklyn,Brooklyn,11221,KINGS,NY,40.692097,-73.937012
1448799,Familia Fruit Market,Grocery Store,3430 Broadway,New York,Manhattan,10031,NEW YORK,NY,40.822899,-73.952454
1448810,Cherry Gourmet Deli And Grocery 1 Inc,Convenience Store,1575 Lexington Ave,New York,Manhattan,10029,NEW YORK,NY,40.788876,-73.94857
1448262,Acatlan De Osorio Deli Grocery Corp,Grocery Store,1324 Newkirk Ave,Brooklyn,Brooklyn,11230,KINGS,NY,40.634876,-73.964371
1448333,Victor's Bakery Corp.,Specialty Store,2031 Grand Concourse,Bronx,Bronx,10453,BRONX,NY,40.852081,-73.904289
1448350,La Flota Deli Grocery Corp,Grocery Store,7 E 172nd St,Bronx,Bronx,10452,BRONX,NY,40.842209,-73.915604
1448386,Lizzie's Supermarket Food Universe,Grocery Store,3201 Layton Ave,Bronx,Bronx,10465,BRONX,NY,40.835136,-73.820473
1448405,Fruit Market Of Kings Llc,Grocery Store,3126 Perry Ave,Bronx,Bronx,10467,BRONX,NY,40.873131,-73.878326
1587021,461 Gourmet Deli Inc,Convenience Store,461 Willis Ave,Bronx,Bronx,10455,BRONX,NY,40.814064,-73.919495
1448436,Fresh Ibakery Inc,Convenience Store,2210 86th St,Brooklyn,Brooklyn,11214,KINGS,NY,40.601604,-73.993591
965591,Walgreens 11808,Other,4915 Flatlands Ave,Brooklyn,Brooklyn,11234,KINGS,NY,40.626564,-73.927925
1589078,Dariel Grocery Inc,Convenience Store,2085 Valentine Ave,Bronx,Bronx,10457,BRONX,NY,40.852718,-73.900101
964876,Dollar Tree 4399,Other,590 Hamilton Ave,Brooklyn,Brooklyn,11232,KINGS,NY,40.66674,-73.996681
1660204,Feng Ze Trading Inc,Grocery Store,2211 86th St,Brooklyn,Brooklyn,11214,KINGS,NY,40.601849,-73.993286
965050,Walgreens 14465,Other,939 3rd Ave,New York,Manhattan,10022,NEW YORK,NY,40.759872,-73.967575
1654370,Zhong Xing Trading Llc,Other,1651 Bath Ave,Brooklyn,Brooklyn,11214,KINGS,NY,40.605717,-74.008919
1649741,1st Ave Deli & Grocery Corp. 1,Convenience Store,2021 1st Ave,New York,Manhattan,10029,NEW YORK,NY,40.78857,-73.941078
1448873,O & V Deli Grocery Corp,Convenience Store,1379 Franklin Ave,Bronx,Bronx,10456,BRONX,NY,40.833607,-73.900917
1448904,Riverdale Neighborhood House Farmstand,Specialty Store,5521 Mosholu Ave,Bronx,Bronx,10471,BRONX,NY,40.903374,-73.90387
1650442,O Grocery Inc,Grocery Store,1665 Clay Ave,Bronx,Bronx,10457,BRONX,NY,40.843285,-73.905113
1447731,Halal Food Garden Supermarket Inc,Grocery Store,8792 Parsons Blvd,Jamaica,Queens,11432,QUEENS,NY,40.706898,-73.802391
1648130,Sosua Food Center Corp,Grocery Store,2634 3rd Ave,Bronx,Bronx,10454,BRONX,NY,40.812466,-73.924255
1296279,La Bodeguita De Rosa Corp,Convenience Store,160 E 174th St,Bronx,Bronx,10457,BRONX,NY,40.844738,-73.909195
1448047,Olabisifaruk Enterprises Llc,Other,361 New Lots Ave,Brooklyn,Brooklyn,11207,KINGS,NY,40.661694,-73.893837
1449006,Uncle Joe Deli And Grocery Corp,Convenience Store,3323 Church Ave,Brooklyn,Brooklyn,11203,KINGS,NY,40.651123,-73.945862
1449033,1247 Deli & Grocery Corp,Grocery Store,1247 Webster Ave,Bronx,Bronx,10456,BRONX,NY,40.833206,-73.909317
1242464,Family Dollar 11754,Other,2054 Cross Bronx Expy,Bronx,Bronx,10472,BRONX,NY,40.831322,-73.854912
1642740,Dora Grocery Grill Corp,Convenience Store,684 Central Ave,Brooklyn,Brooklyn,11207,KINGS,NY,40.687496,-73.906776
1653935,Universal Deli & Grocery Inc.,Convenience Store,1864 Nostrand Ave,Brooklyn,Brooklyn,11226,KINGS,NY,40.640228,-73.948586
1588519,New Star Deli Inc,Convenience Store,59 W 170th St,Bronx,Bronx,10452,BRONX,NY,40.84045,-73.921036
1578174,Mk Ny Fish & Vegetables Inc.,Grocery Store,44 E 167th St,Bronx,Bronx,10452,BRONX,NY,40.835522,-73.921066
1663394,U Fine Grocery Inc,Grocery Store,87 Avenue U,Brooklyn,Brooklyn,11223,KINGS,NY,40.596249,-73.981102
1654563,169 Habibi Deli Corp,Grocery Store,1251 Rev James A Polite Ave,Bronx,Bronx,10459,BRONX,NY,40.828644,-73.896652
1157679,Walgreens 14499,Other,133-141 Dyckman St,New York,Manhattan,10040,NEW YORK,NY,40.863113,-73.925682
1242717,M & L Family Deli Grocery Corp,Convenience Store,4524 7th Ave,Brooklyn,Brooklyn,11220,KINGS,NY,40.644741,-74.003555
1154285,Walgreens 13750,Other,7001 Amboy Rd,Staten Island,Staten Island,10307,RICHMOND,NY,40.515839,-74.233513
1243941,CVS/PHARMACY 10530,Other,475 6th Ave,New York,Manhattan,10011,NEW YORK,NY,40.735821,-73.998009
1635424,Supermarket El Bodegon Latino LLC,Grocery Store,10465 Roosevelt Ave,Corona,Queens,11368,QUEENS,NY,40.750664,-73.85952
1154914,Family Dollar Store 9193,Other,11710 Guy r Brewer Blvd,Jamaica,Queens,11434,QUEENS,NY,40.684124,-73.782967
1023444,Merrick Deli & Grocery Inc,Convenience Store,22720 Merrick Blvd,Springfield Gardens,Queens,11413,QUEENS,NY,40.676796,-73.742905
1669483,Super Classic Meat Market Corp,Grocery Store,3641 Broadway,New York,Manhattan,10031,NEW YORK,NY,40.829567,-73.948494
1119453,Dollar Tree 5312,Other,7802 Metropolitan Ave,Middle Village,Queens,11379,QUEENS,NY,40.713108,-73.875206
1119454,Dollar Tree 5232,Other,32-63 Steinway St,Astoria St,Queens,11103,QUEENS,NY,40.757496,-73.92012
1119458,Dollar Tree 5185,Other,2027 Flatbush Ave,Brooklyn,Brooklyn,11234,KINGS,NY,40.620144,-73.934143
1631049,Greene Ave Deli & Market Inc.,Convenience Store,19 Greene Ave,Brooklyn,Brooklyn,11238,KINGS,NY,40.68605,-73.972595
1119973,CVS Pharmacy 10086,Other,30 Flatbush Ave,Brooklyn,Brooklyn,11217,KINGS,NY,40.688107,-73.980438
1658265,Ny Fresh Mini Market,Other,106 Mott St,New York,Manhattan,10013,NEW YORK,NY,40.71764,-73.997139
1650473,204 Gourmet Deli Corp,Grocery Store,371 E 204th Street,Bronx,Bronx,10467,BRONX,NY,40.871422,-73.876915
1637719,Ariannet Deli & Grocery,Convenience Store,1382 Crotona Ave,Bronx,Bronx,10456,BRONX,NY,40.833344,-73.897903
1638438,Marquense's Deli Grocery,Convenience Store,236 E Gun Hill Rd,Bronx,Bronx,10467,BRONX,NY,40.879936,-73.876465
1604486,1286 Grocery Corp,Convenience Store,1286 Southern Blvd,Bronx,Bronx,10459,BRONX,NY,40.830364,-73.891655
1601944,Tremont Food Market Inc.,Convenience Store,920 E Tremont Ave,Bronx,Bronx,10460,BRONX,NY,40.841656,-73.883797
1025840,La Granja Meat Market Inc,Grocery Store,1111D E Tremont Ave,Bronx,Bronx,10460,BRONX,NY,40.840023,-73.876671
1520725,Fatima Grocery Inc,Grocery Store,16711 Hillside Ave,Jamaica,Queens,11432,QUEENS,NY,40.710037,-73.795212
1583888,Leah Minimarket Corp,Grocery Store,3484 Broadway,New York,Manhattan,10031,NEW YORK,NY,40.824631,-73.951447
1449144,Wing Fung 2019,Grocery Store,4160 Main Street,Flushing,Queens,11355,QUEENS,NY,40.756088,-73.828934
1520774,4457 Natural Deli Inc,Convenience Store,4457 3rd Ave,Bronx,Bronx,10457,BRONX,NY,40.852669,-73.892456
1520799,Buki Deli Grocery Corp,Grocery Store,430 Mother Gaston Blvd,Brooklyn,Brooklyn,11212,KINGS,NY,40.668499,-73.906731
1520806,Bushwick Organic Deli Corp.,Convenience Store,1222 Bushwick Ave,Brooklyn,Brooklyn,11221,KINGS,NY,40.687737,-73.915421
1637624,Rake Deli Grocery Corp.,Convenience Store,107 Marcus Garvey Blvd,Brooklyn,Brooklyn,11206,KINGS,NY,40.695259,-73.9403
1449282,Calderon Brothers Fruit Market Inc,Convenience Store,272 Knickerbocker Ave,Brooklyn,Brooklyn,11237,KINGS,NY,40.702049,-73.924545
1656476,Rocks Deli Grocery Corp.,Convenience Store,1597 Rockaway Pkwy,Brooklyn,Brooklyn,11236,KINGS,NY,40.642002,-73.89856
372421,EGHE AFRICAN MARKET,Grocery Store,1782 Pitkin Ave,Brooklyn,Brooklyn,11212,KINGS,NY,40.670029,-73.907318
1449298,764 Yemen Deli Corp,Convenience Store,764 Rogers Ave,Brooklyn,Brooklyn,11226,KINGS,NY,40.652237,-73.952797
1520902,Malik & Sons Food Inc,Convenience Store,9724 Church Ave,Brooklyn,Brooklyn,11212,KINGS,NY,40.65654,-73.91391
1074039,Dollar Tree 4930,Other,21450 Jamaica Ave,Queens Village,Queens,11428,QUEENS,NY,40.716789,-73.741989
1416734,3 Herman's Grocery,Grocery Store,1231 White Plains Rd,Bronx,Bronx,10472,BRONX,NY,40.831581,-73.86232
1074074,CVS Pharmacy 7186,Other,420A 5th Ave,New York,Manhattan,10018,NEW YORK,NY,40.750935,-73.982811
1630290,Harlem Mini Produce 1,Convenience Store,2109 1st Ave,New York,Manhattan,10029,NEW YORK,NY,40.79126,-73.939095
1521228,4th Avenue Convenience Inc,Other,246 11th St,Brooklyn,Brooklyn,11215,KINGS,NY,40.668995,-73.989601
1661673,Ainslie Deli Inc,Convenience Store,64 Ainslie St,Brooklyn,Brooklyn,11211,KINGS,NY,40.712677,-73.952545
1521364,N Cozy Gourmet Inc.,Grocery Store,565 Grand St,New York,Manhattan,10002,NEW YORK,NY,40.713783,-73.979851
1521462,New Lots Deli Mini Market Corp,Convenience Store,679 Van Sinderen Ave,Brooklyn,Brooklyn,11207,KINGS,NY,40.659962,-73.899353
1665249,Raidan Deli 1 Corp,Convenience Store,1508 Saint Johns Pl,Brooklyn,Brooklyn,11213,KINGS,NY,40.670303,-73.928322
1521406,868 Juquila Bakery And Deli Grocery Corp. NO,Other,868 E 180th St,Bronx,Bronx,10460,BRONX,NY,40.845226,-73.883209
1520983,Fish Town Llc,Specialty Store,3215 Beach Channel Dr,Far Rockaway,Queens,11691,QUEENS,NY,40.597996,-73.766151
1091126,Bravo Mini Market Inc,Grocery Store,6909 Woodside Ave,Woodside,Queens,11377,QUEENS,NY,40.742668,-73.895279
1615986,Gomez Grocery Deli & Grill Corp,Convenience Store,1131 Sutter Ave,Brooklyn,Brooklyn,11208,KINGS,NY,40.672268,-73.876373
1521502,Ave Y Gourmet Basket And Grill Inc,Convenience Store,3773 Nostrand Ave,Brooklyn,Brooklyn,11235,KINGS,NY,40.591877,-73.940041
1521505,Grocery El Rocio Corp,Specialty Store,9215A 37th Ave,Jackson Heights,Queens,11372,QUEENS,NY,40.750919,-73.874397
1610984,707 Deli & Grill Inc,Convenience Store,6059 Myrtle Ave,Ridgewood,Queens,11385,QUEENS,NY,40.700779,-73.896194
1521519,La Bahia Deli Grocery Corp,Convenience Store,1975 Lafontaine Ave,Bronx,Bronx,10457,BRONX,NY,40.846931,-73.89444
1521059,Los Muchachos Deli Grocery Corp,Convenience Store,120 Autumn Ave,Brooklyn,Brooklyn,11208,KINGS,NY,40.687328,-73.87117
1521063,Valentine Gift & Flowers Corp,Convenience Store,243 E 198th St,Bronx,Bronx,10458,BRONX,NY,40.869312,-73.889313
1614709,7 Eleven Store #33549c,Convenience Store,6604 Queens Blvd,Woodside,Queens,11377,QUEENS,NY,40.740322,-73.898323
1521086,B & B Gourmet Market,Convenience Store,790 Lexington Ave,New York,Manhattan,10065,NEW YORK,NY,40.763783,-73.967224
1521580,Cloud Deli Convenience Corp,Convenience Store,507 W 159th St,New York,Manhattan,10032,NEW YORK,NY,40.834335,-73.941391
1521121,M N S Deli Grocery Corp.,Convenience Store,3169 E Tremont Ave,Bronx,Bronx,10461,BRONX,NY,40.837395,-73.834122
1521600,Morris Mini Market Corp.,Convenience Store,554 Morris Ave,Bronx,Bronx,10451,BRONX,NY,40.817596,-73.922501
1089536,Dollar Tree 5118,Other,16610 Archer Ave,Jamaica,Queens,11433,QUEENS,NY,40.704628,-73.792206
1090324,Dollar Tree 5172,Other,131-09 101st Ave,South Richmond Hill,Queens,11419,QUEENS,NY,40.692875,-73.815804
1521214,900 King Deli Corporation,Convenience Store,900 Columbus Ave,New York,Manhattan,10025,NEW YORK,NY,40.798107,-73.963928
1521218,99 C Rock Inc,Convenience Store,1055 Beach 20th St,Far Rockaway,Queens,11691,QUEENS,NY,40.603813,-73.75309
1124795,Family Dollar Store 10358,Other,8601 Rockaway Beach Blvd,Rockaway Beach,Queens,11693,QUEENS,NY,40.587467,-73.81131
1124950,Duane Reade 14202,Other,700 Columbus Ave,New York,Manhattan,10025,NEW YORK,NY,40.791859,-73.9683
1121827,Dollar Tree 5398,Other,1726 McDonald Ave,Brooklyn,Brooklyn,11230,KINGS,NY,40.610352,-73.973358
1074739,B & K Fish Mini Market,Grocery Store,1161 Broadway,Brooklyn,Brooklyn,11221,KINGS,NY,40.693089,-73.928093
968887,Walgreens 11807,Other,5001 Church Ave,Brooklyn,Brooklyn,11203,KINGS,NY,40.651875,-73.930183
1570264,Valdez Deli And Grocery Inc,Convenience Store,1661 Saint Johns Pl,Brooklyn,Brooklyn,11233,KINGS,NY,40.670246,-73.921806
1571725,Brooklyn Heights Deli Corp,Grocery Store,302 Stuyvesant Ave,Brooklyn,Brooklyn,11233,KINGS,NY,40.684433,-73.932487
1121322,Family Dollar 11777,Other,130 New Lots Ave,Brooklyn,Brooklyn,11212,KINGS,NY,40.658394,-73.90078
1121331,Dollar Tree 5348,Other,1750 E Gun Hill Rd,Bronx,Bronx,10469,BRONX,NY,40.8634,-73.835243
1307432,JSS Manhattan Fruit,Convenience Store,678 Manhattan Ave,Brooklyn,Brooklyn,11222,KINGS,NY,40.725002,-73.951347
1617321,BK Nutrition Inc,Convenience Store,5203 7th Ave,Brooklyn,Brooklyn,11220,KINGS,NY,40.641129,-74.007088
1618230,New Best Fish Market,Specialty Store,422A Westchester Ave,Bronx,Bronx,10455,BRONX,NY,40.816296,-73.916054
1625513,7-Eleven Inc. 36799J,Convenience Store,135 W 3rd St,New York,Manhattan,10012,NEW YORK,NY,40.730915,-74.000877
1617259,Jewel Convenience Inc,Convenience Store,6934 Main St,Flushing,Queens,11367,QUEENS,NY,40.730442,-73.823921
1616002,Tasty Bites Deli Inc,Convenience Store,1560 Grand Concourse,Bronx,Bronx,10457,BRONX,NY,40.842422,-73.911835
1618995,Hidalgo Mexican Deli & Grocery Corp,Convenience Store,3509 Vernon Blvd,Astoria,Queens,11106,QUEENS,NY,40.763371,-73.941452
1606812,Fast N Fresh Deli Plus Corp,Convenience Store,114 Cozine Ave,Brooklyn,Brooklyn,11207,KINGS,NY,40.654243,-73.88678
1619244,Merrick Deli & Grill 1 Corp,Convenience Store,21830 Merick Blvd.,Laurelton,Queens,11413,QUEENS,NY,40.67926,-73.750496
1619210,Sheffield Ave Mini Market Inc.,Convenience Store,634 Sheffield Ave,Brooklyn,Brooklyn,11207,KINGS,NY,40.661282,-73.893837
1091461,Van Cortlandt Park Alliance,Specialty Store,ORLOFF AVE & GALE PLACE,Bronx,Bronx,10463,BRONX,NY,40.884533,-73.892166
1595915,Los Tres Hermanitos Deli Grocery Corp,Grocery Store,654 Morris Park Ave,Bronx,Bronx,10462,BRONX,NY,40.844784,-73.867531
1582305,Alcantara 05 Deli Grocery Corp.,Grocery Store,1736 Zerega Ave,Bronx,Bronx,10462,BRONX,NY,40.840614,-73.85202
1643454,Columbia Gourmet Deli & Grill Corp,Convenience Store,766 Melrose Ave,Bronx,Bronx,10451,BRONX,NY,40.821716,-73.914986
1645183,322 Deli Corp.,Convenience Store,322 E 34th St,New York,Manhattan,10016,NEW YORK,NY,40.744179,-73.974831
1638871,Ginseng1668 & Herbs Inc.,Convenience Store,8110A Broadway,Elmhurst,Queens,11373,QUEENS,NY,40.743126,-73.883606
1188181,Family Dollar 11386,Other,3150 Webster Ave,Bronx,Bronx,10467,BRONX,NY,40.872417,-73.875443
1092493,Ny 99 Cents And More Corp,Other,5213 Broadway,Bronx,Bronx,10463,BRONX,NY,40.874897,-73.909653
1092611,4192 Akram Deli & Grocery Corp,Convenience Store,4192 White Plains Rd,Bronx,Bronx,10466,BRONX,NY,40.893078,-73.857346
1633954,2430 Deli Corp.,Convenience Store,2430 E Tremont Ave,Bronx,Bronx,10461,BRONX,NY,40.842457,-73.852165
1648461,Gourmet Deli Grill Hot Food Inc.,Convenience Store,6902 5th Ave,Brooklyn,Brooklyn,11209,KINGS,NY,40.63343,-74.021194
1184517,Ridge Organic Inc.,Convenience Store,8204 3rd Ave,Brooklyn,Brooklyn,11209,KINGS,NY,40.626278,-74.030083
1662193,Jm Grocery & Deli Corp,Convenience Store,774 Rockaway Ave,Brooklyn,Brooklyn,11212,KINGS,NY,40.660801,-73.908615
1646541,Euro Market Diaspora 2 Inc,Convenience Store,1058 Morris Park Ave,Bronx,Bronx,10461,BRONX,NY,40.848866,-73.854195
1075846,Raymunda Humberta Chazari Uraga GC,Specialty Store,2018 3rd Ave,New York,Manhattan,10029,NEW YORK,NY,40.794739,-73.942589
1669415,Gregorio M. Garcia Delgado 93-4972963,Convenience Store,2516 Adam Clayton Powell Jr Blvd,New York,Manhattan,10039,NEW YORK,NY,40.822277,-73.93895
1215913,SKKM Enterprises Inc,Grocery Store,1056 Beach 20th St,Far Rockaway,Queens,11691,QUEENS,NY,40.603374,-73.753044
1215987,Dollar Tree 5305,Other,2294 Nostrand Ave,Brooklyn,Brooklyn,11210,KINGS,NY,40.628716,-73.947258
1216001,Dollar Tree 6153,Other,1720 Atlantic Ave,Brooklyn,Brooklyn,11213,KINGS,NY,40.677471,-73.933594
1216250,Central Pharmacy Of Brooklyn Ny. Inc 1,Grocery Store,252 Brighton Beach Ave,Brooklyn,Brooklyn,11235,KINGS,NY,40.576752,-73.965363
1211025,Y.b. Farm,Grocery Store,1902 Avenue M,Brooklyn,Brooklyn,11230,KINGS,NY,40.618416,-73.956062
1214206,CVS 10654,Other,757 3rd Ave,Manhattan,Manhattan,10017,NEW YORK,NY,40.754139,-73.971954
1211869,Family Dollar 11618,Other,415 Soundview Ave,Bronx,Bronx,10473,BRONX,NY,40.814156,-73.858574
1212010,Dollar Tree 5924,Other,15004 115th Dr,Jamaica,Queens,11434,QUEENS,NY,40.683369,-73.792366
1212388,Teller Mart LLC,Convenience Store,920 Teller Ave,Bronx,Bronx,10451,BRONX,NY,40.826107,-73.915352
1214784,Dollar Tree 4928,Other,13525 79th St,Howard Beach,Queens,11414,QUEENS,NY,40.671585,-73.856148
1217138,Friendz Deli & Grocery Inc,Grocery Store,6404 Flushing Ave,Maspeth,Queens,11378,QUEENS,NY,40.722836,-73.9011
1317285,99c Star Discount Inc,Other,1929 3rd Ave,New York,Manhattan,10029,NEW YORK,NY,40.791851,-73.944252
1658201,Westervelt New Way Deli Inc,Convenience Store,20 Westervelt Ave,Staten Island,Staten Island,10301,RICHMOND,NY,40.647038,-74.08712
1662113,Yalla I Market LLC,Convenience Store,3579 Victory Blvd,Staten Island,Staten Island,10314,RICHMOND,NY,40.601021,-74.176849
1649121,Allah Tawakal Meat Shop Inc,Other,24912 Hillside Ave,Bellerose,Queens,11426,QUEENS,NY,40.735134,-73.717857
1636073,Hanu Deli & Grocery Inc.,Convenience Store,9713 Astoria Blvd,East Elmhurst,Queens,11369,QUEENS,NY,40.762623,-73.871826
1216887,CVS 10828,Other,51 Astor Pl,Manhattan,Manhattan,10003,NEW YORK,NY,40.72982,-73.990692
1522141,Cocopastel Bakery Inc,Specialty Store,440 E 138th St,Bronx,Bronx,10454,BRONX,NY,40.808361,-73.921509
1484382,Arif 99c & Superior Market,Convenience Store,763 Rogers Ave,Brooklyn,Brooklyn,11226,KINGS,NY,40.652225,-73.952469
1627718,Jabar Famous Bites Deli Inc,Convenience Store,11160 Van Wyck Expy,South Ozone Park,Queens,11420,QUEENS,NY,40.682919,-73.806404
1521773,Corner 4295 Inc,Grocery Store,4295 Main St,Flushing,Queens,11355,QUEENS,NY,40.752743,-73.826828
1521812,Okin Market Place,Grocery Store,1309 Forest Ave,Staten Island,Staten Island,10302,RICHMOND,NY,40.626518,-74.133469
1521874,New Jersey Deli & Grill Corp,Convenience Store,403 New Jersey Ave,Brooklyn,Brooklyn,11207,KINGS,NY,40.669426,-73.89402
1635544,Warren Street Deli & Grocery Inc,Grocery Store,38 Warren St,Staten Island,Staten Island,10304,RICHMOND,NY,40.621727,-74.082527
1522467,Ocky Way 1 Corp,Convenience Store,480 Sutter Ave,Brooklyn,Brooklyn,11207,KINGS,NY,40.668369,-73.901329
1631081,Zain Market Corp,Convenience Store,3300 Northern Blvd,Long Island City,Queens,11101,QUEENS,NY,40.751846,-73.931152
1642864,43 Flavor Taste Corp,Convenience Store,43 E 167th St,Bronx,Bronx,10452,BRONX,NY,40.835796,-73.921021
1631425,53 W 167 Variety 99 Cent Discount Store,Convenience Store,53 W 167th St,Bronx,Bronx,10452,BRONX,NY,40.8363,-73.924843
1468191,Tony's Jamaica Market 1,Grocery Store,9420 Sutphin Blvd,Jamaica,Queens,11435,QUEENS,NY,40.698471,-73.806679
1628797,Forever Young Health Food,Convenience Store,2391 Grand Concourse,Bronx,Bronx,10468,BRONX,NY,40.859894,-73.898903
1645275,Foodigo Inc.,Grocery Store,437 Euclid Ave,Brooklyn,Brooklyn,11208,KINGS,NY,40.676338,-73.872017
1522196,Soundview Convenience Inc,Convenience Store,1740 Lafayette Ave,Bronx,Bronx,10473,BRONX,NY,40.820831,-73.866615
1522204,Mexican Products El Queretaro,Grocery Store,1090 Bay St,Staten Island,Staten Island,10305,RICHMOND,NY,40.616302,-74.067917
1521948,Jerome 99 Cent Plus Corp,Grocery Store,1769 Jerome Ave,Bronx,Bronx,10453,BRONX,NY,40.84848,-73.912025
1522523,Royalty Deli Grocery,Convenience Store,1171 Nelson Ave,Bronx,Bronx,10452,BRONX,NY,40.836784,-73.92614
1521949,82nd Elmhurst Deli & Grill Corporation,Convenience Store,40-46 82nd St,Elmhurst,Queens,11373,QUEENS,NY,40.7463,-73.883812
1521955,2676 7th Ave Grocery Inc,Grocery Store,2626 7th Ave,New York,Manhattan,10039,NEW YORK,NY,40.825615,-73.936356
1522020,Bushwick Deli Inc. V,Convenience Store,1449 Myrtle Ave,Brooklyn,Brooklyn,11237,KINGS,NY,40.698967,-73.917885
1522024,266 Deli & Gourmet Corp.,Convenience Store,266 E Gun Hill Rd,Bronx,Bronx,10467,BRONX,NY,40.87952,-73.87561
1522025,Peoples Organic Market Inc,Grocery Store,319 Rogers Ave,Brooklyn,Brooklyn,11225,KINGS,NY,40.665436,-73.953552
1522045,184 King Deli Grocery Llc,Convenience Store,2374 Jerome Ave,Bronx,Bronx,10468,BRONX,NY,40.860622,-73.902306
1522126,Rsh Flowers 99 Cents Corp,Convenience Store,5601 Broadway,Bronx,Bronx,10463,BRONX,NY,40.87962,-73.904541
1522132,Cerry's Deli Grocery,Convenience Store,8220 31st Ave,East Elmhurst,Queens,11370,QUEENS,NY,40.759197,-73.885239
1522551,Natural Mini Market Corp,Grocery Store,220 Kosciusko St,Brooklyn,Brooklyn,11216,KINGS,NY,40.691162,-73.946083
1641089,Pelham Candy Store Corp,Convenience Store,3040 Buhre Ave,Bronx,Bronx,10461,BRONX,NY,40.847404,-73.830856
1188879,251 Grocery & Deli Corp,Grocery Store,251 W Kingsbridge Rd,Bronx,Bronx,10463,BRONX,NY,40.872662,-73.904694
1522580,31st Avenue Grocery & 99 Cent Store,Convenience Store,8005 31st Ave,East Elmhurst,Queens,11370,QUEENS,NY,40.759205,-73.887619
1522598,Bello Deli Food Corp.,Convenience Store,5009 Broadway,New York,Manhattan,10034,NEW YORK,NY,40.869328,-73.917114
1522620,American International Food Inc,Grocery Store,8022 20th Ave,Brooklyn,Brooklyn,11214,KINGS,NY,40.607632,-73.995338
1522638,King Fruit Ii Corp,Grocery Store,268 Knickerbocker Ave,Brooklyn,Brooklyn,11237,KINGS,NY,40.702229,-73.924591
1399891,7 Eleven 32153E,Convenience Store,24615 Northern Blvd,Little Neck,Queens,11362,QUEENS,NY,40.76638,-73.740494
1648826,Sams Bodega Corp,Convenience Store,67 Underhill Ave,Brooklyn,Brooklyn,11238,KINGS,NY,40.678673,-73.965248
1522365,CANARSIE FOOD CENTER INC,Convenience Store,245 Stanley Ave,Brooklyn,Brooklyn,11207,KINGS,NY,40.653633,-73.897614
1661113,3a Produce Llc,Convenience Store,7305 37th Rd,Jackson Heights,Queens,11372,QUEENS,NY,40.747253,-73.892235
1223269,Skeldon Marketplace Grocery,Grocery Store,20505 Jamaica Ave,Hollis,Queens,11423,QUEENS,NY,40.713833,-73.754875
1603341,Chaama Market,Convenience Store,137 5th Ave,Brooklyn,Brooklyn,11217,KINGS,NY,40.678463,-73.97892
1522737,Mendoza Fish Market Corp,Specialty Store,5123 Church Ave,Brooklyn,Brooklyn,11203,KINGS,NY,40.652287,-73.928612
1657596,Liel Deli Grill Minimarket Corp.,Grocery Store,6906 Myrtle Ave,Glendale,Queens,11385,QUEENS,NY,40.701694,-73.882515
1652591,Duran Deli Corp,Convenience Store,7020 Central Ave,Glendale,Queens,11385,QUEENS,NY,40.704449,-73.88121
1667696,Gs Deli N Grocery Corp,Convenience Store,367 Rockaway Ave,Brooklyn,Brooklyn,11212,KINGS,NY,40.671097,-73.910957
1522873,Cai Po Grocery,Other,136-10B Booth Memorial Avenue,Flushing,Queens,11355,QUEENS,NY,40.747082,-73.828674
1127006,CVS Pharmacy 10298,Other,241 West St,New York,Manhattan,10013,NEW YORK,NY,40.721222,-74.011787
1221310,Dollar Tree 5428,Other,11502 Jamaica Ave,Richmond Hill,Queens,11418,QUEENS,NY,40.698685,-73.83403
1130466,Family Dollar Store 9389,Other,188-33 Linden Blvd,Saint Albans,Queens,11412,QUEENS,NY,40.691769,-73.763046
1631782,2095 Deli Grocery Corp,Convenience Store,2095 Madison Ave,New York,Manhattan,10037,NEW YORK,NY,40.809967,-73.937241
1647127,Golden Mini Mart,Other,3 W 137th St,New York,Manhattan,10037,NEW YORK,NY,40.814312,-73.937042
1623427,Hoe Candy Grocery Corp,Convenience Store,937 E 172nd St,Bronx,Bronx,10460,BRONX,NY,40.833923,-73.889008
1637487,Town Food Market,Grocery Store,4702 White Plains Rd,Bronx,Bronx,10470,BRONX,NY,40.903599,-73.849976
1641331,Bronx Chopped Cheese & Grill Corp.,Convenience Store,4800 White Plains Rd,Bronx,Bronx,10470,BRONX,NY,40.905785,-73.849297
1630633,K & S Gourmet Deli,Convenience Store,429 Malcolm X Blvd,New York,Manhattan,10037,NEW YORK,NY,40.811905,-73.942642
1649633,Lenxo Deli & Salad Corp,Convenience Store,460 Lenox Ave,New York,Manhattan,10037,NEW YORK,NY,40.812668,-73.941742
1129521,Fresh Fruit & Cafe Organic Inc,Grocery Store,3303 Broadway,Astoria,Queens,11106,QUEENS,NY,40.761246,-73.923515
1129806,Westchester Grocery & Candy Corp,Convenience Store,1849 Westchester Ave,Bronx,Bronx,10472,BRONX,NY,40.832588,-73.863991
1027421,Dollar Tree 4798,Other,300 Wyckoff Ave,Brooklyn,Brooklyn,11237,KINGS,NY,40.699306,-73.910706
1649400,Shambhu 15009 Inc,Convenience Store,15009 Bayside Ave,Flushing,Queens,11354,QUEENS,NY,40.771648,-73.815491
1651050,Stratton Market LLC,Specialty Store,3007 Stratton St,Flushing,Queens,11354,QUEENS,NY,40.769562,-73.83432
1648791,Alma Market Inc,Grocery Store,4210 30th Ave,Astoria,Queens,11103,QUEENS,NY,40.762878,-73.913116
1158979,CVS Pharmacy 10407,Other,298 Mulberry St,Manhatten,Manhattan,10012,NEW YORK,NY,40.725212,-73.994743
1027028,CVS Pharmacy 13019,Other,218 Myrtle Ave,Brooklyn,Brooklyn,11201,KINGS,NY,40.693394,-73.979568
1027217,Wealth Of Health 2,Convenience Store,1616 Avenue M,Brooklyn,Brooklyn,11230,KINGS,NY,40.618141,-73.958519
1027266,Lenox Gourmet Deli & Grocery Corp,Grocery Store,217 Malcolm X Blvd,New York,Manhattan,10027,NEW YORK,NY,40.805187,-73.947556
1029170,Dollar Tree 4787,Other,3909 Queens Blvd,Sunnyside,Queens,11104,QUEENS,NY,40.744221,-73.925713
1029186,Family Dollar 8829,Other,3710 Nostrand Ave,Brooklyn,Brooklyn,11235,KINGS,NY,40.593342,-73.940536
1029268,S&t 99 & More,Convenience Store,851 E 180th St,Bronx,Bronx,10460,BRONX,NY,40.845745,-73.883659
1647415,Food Town Deli Market,Convenience Store,280 Henry St,New York,Manhattan,10002,NEW YORK,NY,40.713837,-73.983673
1163500,7-Eleven 36100H,Convenience Store,79-37 Metropolitan Ave,Middle Village,Queens,11379,QUEENS,NY,40.713291,-73.87281
1647240,Chopped Cheeze I Corp,Convenience Store,113 Avenue D,New York,Manhattan,10009,NEW YORK,NY,40.723835,-73.976097
1647475,Singh's Fish Meat & Grocery,Other,12520 111th Ave,South Ozone Park,Queens,11420,QUEENS,NY,40.682091,-73.815231
1318451,94th Deli & Grill,Convenience Store,94-20 Jamaica Ave,Woodhaven,Queens,11421,QUEENS,NY,40.694103,-73.85054
1245872,99 Cents Rush,Grocery Store,3107 51st St,Woodside,Queens,11377,QUEENS,NY,40.756798,-73.907852
1160677,Family Dollar Store 11071,Other,144-01 Liberty Ave,Jamaica,Queens,11435,QUEENS,NY,40.692684,-73.808823
1246810,Dollar Tree 6089,Other,128-06 Merrick Blvd,Queens,Queens,11434,QUEENS,NY,40.680946,-73.764404
1159458,RJM Minimarket Corp,Convenience Store,1422 Flatbush Ave,Brooklyn,Brooklyn,11210,KINGS,NY,40.63604,-73.951111
1577831,Cuna De Azucar Inc,Grocery Store,3912 104th St,Corona,Queens,11368,QUEENS,NY,40.750553,-73.862183
1332282,J.E.P. Deli Grocery Corp,Convenience Store,10201 44th Ave,Corona,Queens,11368,QUEENS,NY,40.746758,-73.862389
1637988,Deli Delights & Waffle Wonder,Convenience Store,105 Avenue A,New York,Manhattan,10009,NEW YORK,NY,40.725883,-73.983849
1632932,Flavor Taste Deli & Grocery Corp,Convenience Store,197 Madison St,New York,Manhattan,10002,NEW YORK,NY,40.712749,-73.990311
1602081,Carniceria La Malinche Corp.,Grocery Store,480 60th Street,Brooklyn,Brooklyn,11220,KINGS,NY,40.639526,-74.016472
1657022,Finca Fresh Market LLC,Convenience Store,1506 Saint Nicholas Ave,New York,Manhattan,10033,NEW YORK,NY,40.851875,-73.931641
1665369,Bagel House And Grill Corp,Convenience Store,1688 E 16th St,Brooklyn,Brooklyn,11229,KINGS,NY,40.608551,-73.95742
1635002,Quik Stop Deli Corp.,Grocery Store,3401 Olinville Ave,Bronx,Bronx,10467,BRONX,NY,40.875423,-73.868256
1649685,2321 Mini Market Inc.,Convenience Store,2321 Mermaid Ave,Brooklyn,Brooklyn,11224,KINGS,NY,40.576096,-73.990807
1662956,Nash Food Deli Ii Corp.,Convenience Store,4102 Broadway,Astoria,Queens,11103,QUEENS,NY,40.758427,-73.918106
1667931,CARLITO'S DELI GROCERY,Convenience Store,290 Rogers Ave,Brooklyn,Brooklyn,11225,KINGS,NY,40.666332,-73.953758
973743,J & F Meat Market Corp,Grocery Store,1975 Amsterdam Ave,New York,Manhattan,10032,NEW YORK,NY,40.833309,-73.941498
1192804,Croes Grocery Deli Corp Croes Grocery Deli,Grocery Store,1701 E 174th St,Bronx,Bronx,10472,BRONX,NY,40.834557,-73.871727
1634146,Healthy Ways Pharmacy,Convenience Store,3170 Coney Island Ave,Brooklyn,Brooklyn,11235,KINGS,NY,40.578743,-73.959892
1192889,O & B Ranch Deli Grocery Corp,Grocery Store,559 W 158th St,New York,Manhattan,10032,NEW YORK,NY,40.83419,-73.943169
1523066,Los Pinos Deli Grocery Incorporated,Convenience Store,6609 18th Ave,Brooklyn,Brooklyn,11204,KINGS,NY,40.61821,-73.990913
1637569,Star Deli Gourmet,Convenience Store,260 Utica Ave,Brooklyn,Brooklyn,11213,KINGS,NY,40.669598,-73.931198
1646875,Harry Coffee Grocery Shop,Other,1102 Saint Johns Pl,Brooklyn,Brooklyn,11213,KINGS,NY,40.671024,-73.941673
1635978,Troy Deli Gourmet,Convenience Store,73 Troy Ave,Brooklyn,Brooklyn,11213,KINGS,NY,40.677029,-73.935768
1645654,Jibril Mini Market Corp,Convenience Store,289 Beach 14th St,Far Rockaway,Queens,11691,QUEENS,NY,40.597866,-73.748268
973118,Walgreens 14426,Other,250 Bedford Ave,Brooklyn,Brooklyn,11211,KINGS,NY,40.715843,-73.96003
1194949,U & H Meat Market Deli & Grocery,Grocery Store,55 Church Avenue,Brooklyn,Brooklyn,11218,KINGS,NY,40.642117,-73.981133
1668442,Canarsie Super Express Deli Inc.,Convenience Store,9801 Avenue L,Brooklyn,Brooklyn,11236,KINGS,NY,40.639503,-73.894272
1195060,Dollar Tree 5069,Other,250 E 144th St,Bronx,Bronx,10451,BRONX,NY,40.815586,-73.924667
1195134,Juana Francisca Deli Inc,Convenience Store,13640 Hook Creek Blvd,Rosedale,Queens,11422,QUEENS,NY,40.667831,-73.729454
1571864,P And A Food Market Inc,Convenience Store,978 Rutland Rd,Brooklyn,Brooklyn,11212,KINGS,NY,40.662106,-73.927025
1523564,Highland Park Grocery Corp,Convenience Store,272 Jamaica Ave,Brooklyn,Brooklyn,11207,KINGS,NY,40.68103,-73.891136
1523214,Linden 2 Guys Deli Inc,Convenience Store,20549 Linden Blvd,Saint Albans,Queens,11412,QUEENS,NY,40.696278,-73.746475
1654354,Elders Gourmet & Crepes Corp,Convenience Store,1513 Westchester Ave,Bronx,Bronx,10472,BRONX,NY,40.828712,-73.879524
1226165,European Taste Inc.,Grocery Store,6666 Fresh Pond Rd,Ridgewood,Queens,11385,QUEENS,NY,40.706875,-73.897163
1523232,Soha Marketplace Inc,Convenience Store,301 W 96th St,New York,Manhattan,10025,NEW YORK,NY,40.795551,-73.973503
1230086,Family Dollar 11428,Other,475 Southern Blvd,Bronx,Bronx,10455,BRONX,NY,40.810757,-73.906258
1230202,ROCKAWAY KOSHER,Grocery Store,1913 Cornaga Ave,Far Rockaway,Queens,11691,QUEENS,NY,40.602222,-73.752037
1228967,Guyana Choice Fish And Meat Market Llc,Grocery Store,10414 Liberty Ave,Ozone Park,Queens,11417,QUEENS,NY,40.682186,-73.836525
1523273,Healthy Choice Gourmet III Inc,Grocery Store,4507-09 3rd Avenue,Bronx,Bronx,10457,BRONX,NY,40.853664,-73.891411
1523777,Star Gourmet Deli & Grill Inc.,Convenience Store,938A 4th Ave,Brooklyn,Brooklyn,11232,KINGS,NY,40.654842,-74.004074
1664625,144 Mini Maret Corp,Convenience Store,14432 Liberty Ave,Jamaica,Queens,11435,QUEENS,NY,40.693108,-73.807983
1574602,Mr Green Juice & Grill Inc.,Convenience Store,1601 McDonald Ave,Brooklyn,Brooklyn,11230,KINGS,NY,40.613819,-73.973755
1615496,Chana Deli Grocery Corp,Convenience Store,2386 Webster Ave,Bronx,Bronx,10458,BRONX,NY,40.858608,-73.89386
1616361,Dely Grocery Metro Los Reyes Inc.,Convenience Store,531 E 184th St,Bronx,Bronx,10458,BRONX,NY,40.855183,-73.891068
1524082,Oso Minimarket Corp,Convenience Store,1341 Bushwick Ave,Brooklyn,Brooklyn,11207,KINGS,NY,40.685886,-73.911385
1523847,Green Meat Market,Other,14916 41st Ave,Flushing,Queens,11355,QUEENS,NY,40.762135,-73.815178
1619825,1 Fordham Convenience Corp,Convenience Store,605B E 187th St,Bronx,Bronx,10458,BRONX,NY,40.855549,-73.887253
1524098,Ralph Food Center Inc,Convenience Store,1061 Ralph Ave,Brooklyn,Brooklyn,11236,KINGS,NY,40.649433,-73.920242
1524134,Guru Health Foods,Convenience Store,8602 Parsons Blvd,Jamaica,Queens,11432,QUEENS,NY,40.709332,-73.804993
1523928,165 Street Market,Grocery Store,245 E 165th St,Bronx,Bronx,10456,BRONX,NY,40.829811,-73.917374
1523417,Deli Grocery God Bless You Inc,Convenience Store,6210 20th Ave,Brooklyn,Brooklyn,11204,KINGS,NY,40.618073,-73.984467
1523960,Taishan Trading Ny Inc.,Grocery Store,143 Mott St,New York,Manhattan,10013,NEW YORK,NY,40.718758,-73.996719
1524195,Dream Grocery Corp,Convenience Store,2121 Belmont Ave,Bronx,Bronx,10457,BRONX,NY,40.849358,-73.88945
1523484,Fatima Discount Store Corporation,Convenience Store,1970 3rd Ave,New York,Manhattan,10029,NEW YORK,NY,40.793175,-73.943726
1271180,A & L Deli Meat Market Corp,Grocery Store,10202 37th Ave,Corona,Queens,11368,QUEENS,NY,40.753025,-73.865204
1131139,Dollar Tree 5477,Other,63-14 Queens Blvd,Woodside,Queens,11377,QUEENS,NY,40.741047,-73.902313
1660929,Nobeno Deli Grocery Corp,Convenience Store,430 E 138th St,Bronx,Bronx,10454,BRONX,NY,40.808472,-73.921776
1035071,Akshar 18 Inc,Convenience Store,3917 18th Ave,Brooklyn,Brooklyn,11218,KINGS,NY,40.63258,-73.972916
1035225,Avenue A Deli & Food Inc.,Convenience Store,24 Avenue A,New York,Manhattan,10009,NEW YORK,NY,40.72303,-73.985558
1031657,Family Values Household Goods & Products Inc,Convenience Store,3449 Boston Rd,Bronx,Bronx,10469,BRONX,NY,40.876453,-73.848686
1270901,Nostrand Food Corp. 1,Convenience Store,1294 Nostrand Ave,Brooklyn,Brooklyn,11226,KINGS,NY,40.655556,-73.950241
1031908,CVS Pharmacy 2962,Other,300 Park Ave S,New York,Manhattan,10010,NEW YORK,NY,40.739799,-73.986877
1642072,Third Ave Cafe & Deli Inc.dba- Eastville mkt.place,Convenience Store,1642 3rd Ave,New York,Manhattan,10128,NEW YORK,NY,40.782612,-73.951447
1273537,Tejeda Bros Food Corp,Convenience Store,7269 61st St,Glendale,Queens,11385,QUEENS,NY,40.698753,-73.893913
1035946,MD African Market & Discount Store,Grocery Store,2252 Webster Ave,Bronx,Bronx,10457,BRONX,NY,40.855583,-73.895973
1661940,Joker Deli Grocery Inc,Convenience Store,1174 Shakespeare Ave,Bronx,Bronx,10452,BRONX,NY,40.836018,-73.923294
1644826,Fresh Food Deli Corp.,Convenience Store,3890 Sedgwick Ave,Bronx,Bronx,10463,BRONX,NY,40.882591,-73.893211
1634120,636 Flower & Beverage Corp,Convenience Store,636 Nereid Ave,Bronx,Bronx,10470,BRONX,NY,40.899132,-73.856461
1036050,Kisma Corp DBA Metropolitan Citymarket,Grocery Store,9310 4th Ave,Brooklyn,Brooklyn,11209,KINGS,NY,40.617294,-74.030655
1272523,Family Dollar 11640,Other,109-50 Merrick Blvd,Jamaica,Queens,11433,QUEENS,NY,40.696358,-73.78331
1273998,Valery Deli Grocery Corp,Convenience Store,216 Knickerbocker Ave,Brooklyn,Brooklyn,11237,KINGS,NY,40.703239,-73.926369
1274057,Zak Market Inc.,Grocery Store,2815 Mermaid Ave,Brooklyn,Brooklyn,11224,KINGS,NY,40.575638,-73.994942
1271703,Family Dollar 11821,Other,231 Merrick Blvd,Laurelton,Queens,11413,QUEENS,NY,40.675037,-73.737106
1272696,Market Fresh Supermarket,Grocery Store,10910 Sutphin Blvd,Jamaica,Queens,11435,QUEENS,NY,40.691601,-73.798042
1274367,276 Bedstuy Deli Corp,Convenience Store,276 Malcolm X Blvd,Brooklyn,Brooklyn,11233,KINGS,NY,40.683563,-73.929237
1273318,El Chuchi Deli & Grocery Corp,Convenience Store,2890 Jerome Ave,Bronx,Bronx,10468,BRONX,NY,40.871613,-73.890884
1272862,Clear Pharmacy Inc,Convenience Store,1707 Kings Hwy,Brooklyn,Brooklyn,11229,KINGS,NY,40.609814,-73.95623
1272947,Steinway Gourmet Deli Inc,Convenience Store,3234 Steinway St,Astoria,Queens,11103,QUEENS,NY,40.758171,-73.919861
1153797,K&s West Indian Deli And Grocery Inc,Grocery Store,11004 101st Ave,South Richmond Hill,Queens,11419,QUEENS,NY,40.687744,-73.833328
1272330,The Sherpaz Deli And Grocery,Convenience Store,2172 21st St,Astoria,Queens,11105,QUEENS,NY,40.780735,-73.91655
1600628,Sams Deli Express 2 Corporation,Convenience Store,214 Central Ave,Brooklyn,Brooklyn,11221,KINGS,NY,40.697922,-73.925095
1169574,Dollar Tree 5747,Other,34-45 Francis Lewis Blvd,Flushing,Queens,11358,QUEENS,NY,40.765079,-73.78875
1169593,Walgreens 15097,Other,589 Prospect Ave,Brooklyn,Brooklyn,11215,KINGS,NY,40.656574,-73.977966
1164310,Dollar Tree 5468,Other,105-02 Rockaway Blvd,Ozone Park,Queens,11417,QUEENS,NY,40.678802,-73.834
1276049,Mocha Deli Grocery Corp,Convenience Store,2 E 132nd St,New York,Manhattan,10037,NEW YORK,NY,40.810795,-73.938934
1169176,Chang Shun Market Inc,Other,57 E Broadway,New York,Manhattan,10002,NEW YORK,NY,40.713593,-73.995369
1635804,Grab And Go Convenience Plus Llc,Convenience Store,32 W Burnside Ave,Bronx,Bronx,10453,BRONX,NY,40.853706,-73.908981
1169564,Dollar Tree 5072,Other,2847 W 8th St,Brooklyn,Brooklyn,11224,KINGS,NY,40.578529,-73.976265
1604854,Total Care Pharmacy Inc,Other,4531 3rd Ave,Bronx,Bronx,10458,BRONX,NY,40.854298,-73.890938
1171392,Kings 99 Cents & Up Inc,Grocery Store,464 Kings Hwy,Brooklyn,Brooklyn,11223,KINGS,NY,40.604214,-73.972816
1312550,President Deli & Grill Corp,Convenience Store,876 Nostrand Ave,Brooklyn,Brooklyn,11225,KINGS,NY,40.668209,-73.950806
1312562,Carlos Deli & Grocery Inc,Grocery Store,2118 Westchester Ave,Bronx,Bronx,10462,BRONX,NY,40.833839,-73.853783
1312604,Zee Deli & Grill Corp,Convenience Store,373 Neptune Ave,Brooklyn,Brooklyn,11235,KINGS,NY,40.580566,-73.966667
1312681,Deli Basket Corp,Convenience Store,1700 Sterling Pl,Brooklyn,Brooklyn,11233,KINGS,NY,40.670921,-73.922684
1312927,H & K Produce Inc - ABC Fruit & Vegetables,Grocery Store,13848 84th Dr,Jamaica,Queens,11435,QUEENS,NY,40.709152,-73.817947
1250698,Dollar Tree 5611,Other,2114 Coyle St,Brooklyn,Brooklyn,11229,KINGS,NY,40.600765,-73.937141
1313337,Leroy Pharmacy,Convenience Store,1448 Metropolitan Ave,Bronx,Bronx,10462,BRONX,NY,40.8363,-73.860748
1313369,Brighton Food Group,Grocery Store,281 Brighton Beach Ave,Brooklyn,Brooklyn,11235,KINGS,NY,40.577103,-73.964668
1277039,Court Side Gourmet Corp,Convenience Store,906 Morris Ave,Bronx,Bronx,10451,BRONX,NY,40.826393,-73.917969
1313455,Pom Group Ii Inc,Grocery Store,31 Lincoln Rd,Brooklyn,Brooklyn,11225,KINGS,NY,40.660759,-73.961761
1311961,Shapla Bazar Inc,Grocery Store,1472 Saint Peters Ave,Bronx,Bronx,10461,BRONX,NY,40.839516,-73.845924
1635556,New Castile Deli And Grocery Corp,Convenience Store,1105 Castle Hill Ave,Bronx,Bronx,10472,BRONX,NY,40.830009,-73.850792
1646604,3rd Ave Blue Star Corp,Convenience Store,2614 3rd Ave,Bronx,Bronx,10454,BRONX,NY,40.812115,-73.924942
1647158,Makey Deli Grocery #1 Inc,Convenience Store,2704 3rd Ave,Bronx,Bronx,10454,BRONX,NY,40.813587,-73.922073
1313116,Brownsville Deli & Grocery Inc,Convenience Store,784 Saratoga Ave,Brooklyn,Brooklyn,11212,KINGS,NY,40.661388,-73.915596
1313143,Whole Fruit Inc.,Grocery Store,1901 Kings Hwy,Brooklyn,Brooklyn,11229,KINGS,NY,40.610355,-73.954506
1313185,Intervale Deli Corp,Convenience Store,1103 Intervale Ave,Bronx,Bronx,10459,BRONX,NY,40.826267,-73.897209
1313235,Fresh Food Usa Inc,Grocery Store,1820 Church Ave,Brooklyn,Brooklyn,11226,KINGS,NY,40.649635,-73.962502
1312222,Alex Deli Corp,Convenience Store,324A Brighton Beach Ave,Brooklyn,Brooklyn,11235,KINGS,NY,40.57703,-73.963913
1312269,Lee Stop 1 Market Corp,Grocery Store,5520 103rd St,Corona,Queens,11368,QUEENS,NY,40.740425,-73.85659
1343837,Denny Food Mart Corp,Grocery Store,574 Wilson Ave,Brooklyn,Brooklyn,11207,KINGS,NY,40.690548,-73.907951
1343923,735 Supermarket Corp,Grocery Store,735 E 166th St,Bronx,Bronx,10456,BRONX,NY,40.826595,-73.902946
1344060,Rodriguez Grocery Store 2 Corp,Grocery Store,10115 Northern Blvd,Corona,Queens,11368,QUEENS,NY,40.757652,-73.866867
1342810,Cleveland Deli & Organic Corp,Grocery Store,2959 Fulton St,Brooklyn,Brooklyn,11208,KINGS,NY,40.679741,-73.885399
1343622,Valentine Food Corp.,Convenience Store,2840 Valentine Ave,Bronx,Bronx,10458,BRONX,NY,40.86932,-73.889946
1173387,90-47 Corona Mini Market Corp,Grocery Store,9047 Corona Ave,Elmhurst,Queens,11373,QUEENS,NY,40.74181,-73.874626
1173434,CVS 10612,Other,65 5th Ave,Manhattan,Manhattan,10003,NEW YORK,NY,40.735607,-73.993851
1580893,Green Land Grocery Corp,Other,4225 Broadway,New York,Manhattan,10033,NEW YORK,NY,40.849167,-73.93708
1584876,Ouris Market 1160,Grocery Store,1160 3rd Ave,New York,Manhattan,10065,NEW YORK,NY,40.767014,-73.96283
1342596,1268 Deli Grocery Corp,Convenience Store,1268 Sutter Ave,Brooklyn,Brooklyn,11208,KINGS,NY,40.672855,-73.871155
1599603,Anoud Deli Corp.,Convenience Store,374 Van Duzer St,Staten Island,Staten Island,10304,RICHMOND,NY,40.629093,-74.07972
1343725,Shan Halal Meat & Grocery N/A,Grocery Store,141-20 Northern blvd,Flushing,Queens,11354,QUEENS,NY,40.764313,-73.825104
1279877,Los Castillos Mini Market Corp,Grocery Store,1601 University Ave,Bronx,Bronx,10453,BRONX,NY,40.847012,-73.92057
1196228,GS Galaxy Inc Family Grocery,Convenience Store,12506 84th Rd,Kew Gardens,Queens,11415,QUEENS,NY,40.708061,-73.826981
1278365,La Finquita Fruits And Vegetable Market Inc.,Grocery Store,602 Courtlandt Ave,Bronx,Bronx,10451,BRONX,NY,40.817768,-73.918968
1280312,P & K Produce Corp,Grocery Store,449 Kings Hwy,Brooklyn,Brooklyn,11223,KINGS,NY,40.604359,-73.973511
1665178,Cuevas Deli Food Corp,Convenience Store,940 Utica Ave,Brooklyn,Brooklyn,11203,KINGS,NY,40.649971,-73.930389
1585463,Am Deli And Mini Mart Corp,Convenience Store,1902 Mermaid Ave,Brooklyn,Brooklyn,11224,KINGS,NY,40.576302,-73.985924
977771,7 Ave Gourmet Inc,Grocery Store,75 7th Ave,Brooklyn,Brooklyn,11217,KINGS,NY,40.674938,-73.974968
1195895,Happy JT Trading Inc,Other,71 E Broadway,New York,Manhattan,10002,NEW YORK,NY,40.71365,-73.994766
1594212,Gourmet Square Organic Market,Convenience Store,248 9th Ave,New York,Manhattan,10001,NEW YORK,NY,40.747688,-74.000351
978308,Pitkin Mini Food Mart Inc,Convenience Store,1625 Pitkin Ave,Brooklyn,Brooklyn,11212,KINGS,NY,40.66935,-73.913239
1314543,Gleason Foods And Vegetables Inc,Specialty Store,1889 Gleason Ave,Bronx,Bronx,10472,BRONX,NY,40.830524,-73.861961
1314721,Kopernik Foods Corp,Grocery Store,11507 Rockaway Beach Blvd,Rockaway Park,Queens,11694,QUEENS,NY,40.579971,-73.836586
1314792,Bargain Center Inc,Other,600 E 138th St,Bronx,Bronx,10454,BRONX,NY,40.806129,-73.915932
1314801,Very Good 99 Cent Discount Inc,Convenience Store,1147 Boston Rd,Bronx,Bronx,10456,BRONX,NY,40.828373,-73.903725
1314890,Sagal Food,Grocery Store,3430 Jerome Ave,Bronx,Bronx,10467,BRONX,NY,40.881287,-73.882622
1313924,Les Gourmet Deli Corp,Convenience Store,207 Henry St,New York,Manhattan,10002,NEW YORK,NY,40.71365,-73.987221
1198703,Broad Fish Market Inc,Specialty Store,3519 Broadway,New York,Manhattan,10031,NEW YORK,NY,40.825943,-73.950958
1198903,497 Myrtle Deli Corp,Grocery Store,497 Myrtle Ave,Brooklyn,Brooklyn,11205,KINGS,NY,40.693546,-73.965233
1314994,Acero Produce Inc,Grocery Store,1171 Stratford Ave,Bronx,Bronx,10472,BRONX,NY,40.828831,-73.875542
1315105,Nancy Food Deli Corp,Convenience Store,796 Greene Ave,Brooklyn,Brooklyn,11221,KINGS,NY,40.690002,-73.936295
1313620,Abo Sefein Inc,Grocery Store,6331 Forest Ave,Ridgewood,Queens,11385,QUEENS,NY,40.709904,-73.904671
1315258,CVS Pharmacy 11014,Other,969 2nd Ave,New York,Manhattan,10022,NEW YORK,NY,40.755756,-73.967979
1315304,Mi Pueblo Meat Market Inc,Grocery Store,189 Port Richmond Ave,Staten Island,Staten Island,10302,RICHMOND,NY,40.636658,-74.134201
1314065,Yeyo Food Corp,Grocery Store,107 Ditmas Ave,Brooklyn,Brooklyn,11218,KINGS,NY,40.635723,-73.977707
1314066,Colombos Fruit Market Corp,Grocery Store,7549 Metropolitan Ave,Middle Village,Queens,11379,QUEENS,NY,40.713211,-73.875809
1314191,Latin Deli Grocery Llc,Grocery Store,1700 Zerega Ave,Bronx,Bronx,10462,BRONX,NY,40.83989,-73.851074
1314198,7 Eleven 32127B,Convenience Store,8716 Astoria Blvd,East Elmhurst,Queens,11369,QUEENS,NY,40.763954,-73.881477
1314211,Antony Deli Grocery Inc,Convenience Store,665 Onderdonk Ave,Ridgewood,Queens,11385,QUEENS,NY,40.704311,-73.907547
1314256,Quick Deli & Grill Corp,Convenience Store,432 Kings Hwy,Brooklyn,Brooklyn,11223,KINGS,NY,40.604298,-73.974205
1314273,King 3 Deli Grocery Corp,Convenience Store,4918 New Utrecht Ave,Brooklyn,Brooklyn,11219,KINGS,NY,40.63623,-73.994949
1314385,Samatha's 178 Deli Grocery Corp,Grocery Store,178-02 Sayres Ave,Jamaica,Queens,11433,QUEENS,NY,40.697231,-73.775551
1197142,NYM Prime Market Inc,Specialty Store,17102 Northern Blvd,Flushing,Queens,11358,QUEENS,NY,40.758015,-73.795654
1313700,Miranda Deli Food Corp,Convenience Store,4402 Avenue J,Brooklyn,Brooklyn,11234,KINGS,NY,40.627804,-73.933464
1315407,Ny2 Food Market Corp,Grocery Store,769 10th Ave,New York,Manhattan,10019,NEW YORK,NY,40.765911,-73.991127
1313872,Myrtle Ave Family Market Inc,Grocery Store,1470 Myrtle Ave,Brooklyn,Brooklyn,11237,KINGS,NY,40.699028,-73.915802
1315446,All Madina Halal Meat Corp,Other,155-15 Aguilar Avenue,Flushing,Queens,11367,QUEENS,NY,40.728123,-73.812996
1656868,New Morris Deli & Grocery Inc,Grocery Store,744 Morris Park Ave,Bronx,Bronx,10462,BRONX,NY,40.845436,-73.864403
1315463,La Mansion Mini Market Corp,Grocery Store,1809 Archer St,Bronx,Bronx,10460,BRONX,NY,40.837589,-73.866608
1315478,Burke Candy & Convenience Corp,Grocery Store,702 Burke Ave,Bronx,Bronx,10467,BRONX,NY,40.871407,-73.866936
1315479,Vivi Deli Grocery Corp,Grocery Store,890 E 180th St,Bronx,Bronx,10460,BRONX,NY,40.844948,-73.882637
1315548,G & J Deli Food Corp,Convenience Store,445 Audubon Ave,New York,Manhattan,10040,NEW YORK,NY,40.852634,-73.929314
1313475,Victory Deli Food Corp,Convenience Store,164 Victory Blvd,Staten Island,Staten Island,10301,RICHMOND,NY,40.636627,-74.081551
1345056,Al Baraka Deli Corp,Convenience Store,10659 Guy r Brewer Blvd,Jamaica,Queens,11433,QUEENS,NY,40.698311,-73.792351
1317852,Adam's Deli On King Highway Corp,Grocery Store,922 Kings Hwy,Brooklyn,Brooklyn,11223,KINGS,NY,40.606922,-73.963097
1317940,Dani Grocery,Grocery Store,9701 23rd Ave,East Elmhurst,Queens,11369,QUEENS,NY,40.76852,-73.873207
1344754,Good Neighbors 1 Supermarket Inc,Grocery Store,5929 Myrtle Ave,Ridgewood,Queens,11385,QUEENS,NY,40.700638,-73.898819
1318070,El Molino Supermarket Inc,Grocery Store,9415 Roosevelt Ave,Jackson Heights,Queens,11372,QUEENS,NY,40.749004,-73.872154
1574615,Emilys Grocery & Deli Corp,Grocery Store,2196 Amsterdam Ave,New York,Manhattan,10032,NEW YORK,NY,40.840675,-73.936569
1173859,Poshora Market Corp,Grocery Store,2142 Starling Ave,Bronx,Bronx,10462,BRONX,NY,40.836067,-73.853745
1344434,La Flor De Puebla Deli & Grocery Corp,Grocery Store,1259B Castleton Ave,Staten Island,Staten Island,10310,RICHMOND,NY,40.634018,-74.12455
1653377,Fulton Eatery & Grill Corp.,Grocery Store,2887 Fulton St,Brooklyn,Brooklyn,11207,KINGS,NY,40.678967,-73.888046
1344554,Tlalix Deli Corp,Grocery Store,38 New Dorp Plz S,Staten Island,Staten Island,10306,RICHMOND,NY,40.573734,-74.116501
1344574,La Placita De Brooklyn,Other,4219 8th Ave,Brooklyn,Brooklyn,11232,KINGS,NY,40.645142,-73.999336
1344711,Mb Deli Grocery Corp,Convenience Store,141 Evergreen Ave,Brooklyn,Brooklyn,11206,KINGS,NY,40.698864,-73.930641
1318096,Nicholas Discount Inc,Grocery Store,1238 Saint Nicholas Ave,New York,Manhattan,10032,NEW YORK,NY,40.84362,-73.937668
1318601,Prime Gourmet Market Inc.,Grocery Store,1770 1st Ave,New York,Manhattan,10128,NEW YORK,NY,40.780479,-73.94664
1318607,Frutera El Buen Camino Corp,Grocery Store,3888 Broadway,New York,Manhattan,10032,NEW YORK,NY,40.83736,-73.942146
1344890,1240 Deli Corp,Convenience Store,1240 Union Ave,Bronx,Bronx,10459,BRONX,NY,40.829876,-73.898773
1345140,M.a.z.d. Corp/ European Gourmet,Grocery Store,5622 Mosholu Ave,Bronx,Bronx,10471,BRONX,NY,40.904404,-73.90255
1344894,CVS Pharmacy 10827,Other,3534 Broadway,New York,Manhattan,10031,NEW YORK,NY,40.826092,-73.950539
1318709,CVS Pharmacy 11038,Other,15253 10th Ave,Whitestone,Queens,11357,QUEENS,NY,40.793472,-73.808388
1318712,CVS Pharmacey 11075,Other,2833 Broadway,New York,Manhattan,10025,NEW YORK,NY,40.803997,-73.966988
1345213,AMG Retail I LLC 91,Convenience Store,1149 Utica Ave,Brooklyn,Brooklyn,11203,KINGS,NY,40.644947,-73.929626
1318334,The Spot On 79th Corp.,Convenience Store,7901 18th Ave,Brooklyn,Brooklyn,11214,KINGS,NY,40.61084,-73.998367
1318381,Hengtong Grocery Inc,Convenience Store,3533 149th St,Flushing,Queens,11354,QUEENS,NY,40.765652,-73.817245
1568380,Santo Entierro De Xalpatlahuac,Convenience Store,2106 Amsterdam Ave,New York,Manhattan,10032,NEW YORK,NY,40.837627,-73.938782
1318413,628 Morris Food Corp.,Grocery Store,628 Morris Ave,Bronx,Bronx,10451,BRONX,NY,40.819103,-73.921814
1345009,AMP USA Corp - Dual East West Market,Grocery Store,321 Broadway,Brooklyn,Brooklyn,11211,KINGS,NY,40.708168,-73.956802
1345304,Featherbed Lane Grocery Corp,Convenience Store,117A Featherbed Lane,Bronx,Bronx,10452,BRONX,NY,40.846188,-73.919037
1566106,276 Grill & Deli Inc,Convenience Store,276 Wilson Ave,Brooklyn,Brooklyn,11237,KINGS,NY,40.697056,-73.919525
1357953,Williamsburg Bagel,Specialty Store,73 Lee Ave,Brooklyn,Brooklyn,11211,KINGS,NY,40.705654,-73.959648
1179551,87th Road Mini Market Inc,Grocery Store,14403 87th Rd,Briarwood,Queens,11435,QUEENS,NY,40.706001,-73.811859
1280546,Shopper Stop And Deli Corp,Convenience Store,218 Ralph Ave,Brooklyn,Brooklyn,11233,KINGS,NY,40.682159,-73.922707
1174134,Mama Winners African Market Inc.,Other,379 Thomas S Boyland St,Brooklyn,Brooklyn,11233,KINGS,NY,40.671577,-73.914024
1282555,Dollar Tree 5849,Other,1709 Saint Marks Ave,Brooklyn,Brooklyn,11233,KINGS,NY,40.673027,-73.910004
1630141,Farm Fresh Deli Inc.,Convenience Store,685 Washington Ave,Brooklyn,Brooklyn,11238,KINGS,NY,40.676823,-73.963417
1282399,728 East Food Corp,Convenience Store,728 E 149th St,Bronx,Bronx,10455,BRONX,NY,40.813122,-73.908661
1409489,Gourmet Kosher Market Inc.,Grocery Store,718 Avenue U,Brooklyn,Brooklyn,11223,KINGS,NY,40.597919,-73.963493
1594522,Great Tokyo Mart,Grocery Store,517 Grand St,Brooklyn,Brooklyn,11211,KINGS,NY,40.711143,-73.950516
1635282,Habibi's Deli And Grill Inc,Convenience Store,2436 Stillwell Ave,Brooklyn,Brooklyn,11223,KINGS,NY,40.587959,-73.983803
1175096,M Perricone LLC - Anthony's Butcher And Deli,Grocery Store,7324 3rd Ave,Brooklyn,Brooklyn,11209,KINGS,NY,40.632301,-74.027611
1176325,Family Dollar 11160,Other,294 MacDougal St,Brooklyn,Brooklyn,11233,KINGS,NY,40.680569,-73.908455
1625510,East Village Deli Grocery Corp,Convenience Store,89 Avenue A,New York,Manhattan,10009,NEW YORK,NY,40.72541,-73.984192
1626258,Orlando 7 Corp,Convenience Store,1190 Cromwell Ave,Bronx,Bronx,10452,BRONX,NY,40.835743,-73.922348
1281703,Dollar Tree 5848,Other,817 Van Siclen Ave,Brooklyn,Brooklyn,11207,KINGS,NY,40.659618,-73.884972
1176040,Fahman Famous Deli Inc 1,Grocery Store,16310 89th Ave,Jamaica,Queens,11432,QUEENS,NY,40.707069,-73.798042
1627699,7 Eleven,Convenience Store,2477 Hylan Blvd,Staten Island,Staten Island,10306,RICHMOND,NY,40.5709,-74.109962
1637796,8325 Deli On 5th Corp,Convenience Store,8325 5th Ave,Brooklyn,Brooklyn,11209,KINGS,NY,40.62281,-74.025047
1524282,Zazas Of Brooklyn Inc.,Convenience Store,3602 Nostrand Ave,Brooklyn,Brooklyn,11229,KINGS,NY,40.596256,-73.941261
1633819,Z Deli & Grocery Corp.,Convenience Store,202 W Fordham Rd,Bronx,Bronx,10468,BRONX,NY,40.86224,-73.909424
1525361,Ahehuete Deli & Grocery Corp,Convenience Store,340 Wilson Ave,Brooklyn,Brooklyn,11221,KINGS,NY,40.695591,-73.916954
1202538,T Famous Gourmet Deli Corp,Grocery Store,3431 Baychester Ave,Bronx,Bronx,10469,BRONX,NY,40.87989,-73.838181
1524678,Sami Convenience Store Inc,Convenience Store,384 Bedford Park Blvd,Bronx,Bronx,10458,BRONX,NY,40.867702,-73.884216
1525172,Heberton Food Corp,Convenience Store,69 Heberton Ave,Staten Island,Staten Island,10302,RICHMOND,NY,40.638008,-74.130302
1524382,Deli Grill Vape And Conveniences Inc.,Convenience Store,1510 Cortelyou Rd,Brooklyn,Brooklyn,11226,KINGS,NY,40.641197,-73.964134
1525190,Y N Campus Gourmet Deli Inc,Convenience Store,386 E 161st St,Bronx,Bronx,10451,BRONX,NY,40.82423,-73.914459
1524885,Adamh 20th Ave Inc,Convenience Store,6722 20th Ave,Brooklyn,Brooklyn,11204,KINGS,NY,40.614975,-73.987694
1583646,Majesty Deli & Convenience,Convenience Store,220 Malcolm X Blvd,Brooklyn,Brooklyn,11221,KINGS,NY,40.685749,-73.929764
1524727,Taste Of Sea Inc,Other,5502 8th Ave,Brooklyn,Brooklyn,11220,KINGS,NY,40.638313,-74.006851
1525343,Green Park Deli Inc,Grocery Store,102 W 79th St,New York,Manhattan,10024,NEW YORK,NY,40.78196,-73.975899
1525465,Fish Market Ary Inc,Grocery Store,81 Brook St,Staten Island,Staten Island,10301,RICHMOND,NY,40.637024,-74.083405
1525467,Park View Deli Corp,Convenience Store,392 E 10th St,New York,Manhattan,10009,NEW YORK,NY,40.725941,-73.977959
1524964,El Economico 99 & Up Corp,Convenience Store,600 W 192nd St,New York,Manhattan,10040,NEW YORK,NY,40.856232,-73.929077
1525474,Al Dar Halal Market Corp,Grocery Store,2832 Steinway St,Astoria,Queens,11103,QUEENS,NY,40.764713,-73.91452
1524971,Jalapeno Brothers Market,Grocery Store,1498 Rockaway Pkwy,Brooklyn,Brooklyn,11236,KINGS,NY,40.643833,-73.901039
1525486,Corner Fresh Market Corp,Convenience Store,1133 Morris Ave,Bronx,Bronx,10456,BRONX,NY,40.831631,-73.915245
1524794,Amazing Deli Market Corp.,Convenience Store,299 E 158th St,Bronx,Bronx,10451,BRONX,NY,40.823349,-73.917946
1524795,Daniel's Farm Corp,Grocery Store,920 Kings Hwy,Brooklyn,Brooklyn,11223,KINGS,NY,40.606823,-73.963112
1570410,Brooklyn's Finest Deli & Grill Corp.,Convenience Store,1402 Cortelyou Rd,Brooklyn,Brooklyn,11226,KINGS,NY,40.640732,-73.965134
1525019,Hooper Garden Food Corp,Grocery Store,381 Hooper St,Brooklyn,Brooklyn,11211,KINGS,NY,40.710133,-73.952248
1524509,Add African Market Inc,Grocery Store,195 Broad St,Staten Island,Staten Island,10304,RICHMOND,NY,40.62418,-74.081375
1525033,Somers Deli Grocery Corp,Convenience Store,3 Somers St,Brooklyn,Brooklyn,11233,KINGS,NY,40.678608,-73.913452
1315642,Fordham Of The Bronx Deli Inc,Convenience Store,152 E 188th St,Bronx,Bronx,10468,BRONX,NY,40.861576,-73.898529
1315724,Mualla Deli Corp,Convenience Store,8610 Rockaway Beach Blvd,Rockaway Beach,Queens,11693,QUEENS,NY,40.587605,-73.811714
1315778,Hells Kitchen Deli Food Corp/Hell's Kitchen Deli,Convenience Store,535 9th Ave,New York,Manhattan,10018,NEW YORK,NY,40.757034,-73.993874
1315904,Green Valley Food Corp,Grocery Store,13854 84th Dr,Jamaica,Queens,11435,QUEENS,NY,40.709091,-73.818153
1316084,American Choice Gourmet Deli Corp,Convenience Store,218 Broadway,Brooklyn,Brooklyn,11211,KINGS,NY,40.70945,-73.96096
1316594,Manhattan Farmers Market Llc,Grocery Store,448 W 16th St,New York,Manhattan,10011,NEW YORK,NY,40.743458,-74.007401
1316611,June Fish Inc,Specialty Store,14365 243rd St,Rosedale,Queens,11422,QUEENS,NY,40.660686,-73.738983
1316639,Maa Supermarket Inc.,Grocery Store,8781 Parsons Blvd,Jamaica,Queens,11432,QUEENS,NY,40.707153,-73.802292
1316967,Jude Ny Inc,Convenience Store,2391 Frederick Douglass Blvd,New York,Manhattan,10027,NEW YORK,NY,40.812279,-73.949867
1599675,Empire Gourmet Deli LLC,Grocery Store,3764 White Plains Rd,Bronx,Bronx,10467,BRONX,NY,40.883282,-73.862762
981985,Speedway 7815,Convenience Store,13415 Crossbay Blvd,Ozone Park,Queens,11417,QUEENS,NY,40.674309,-73.843063
982010,Speedway 7878,Convenience Store,15904 Crossbay Blvd,Howard Beach,Queens,11414,QUEENS,NY,40.658848,-73.839928
980978,57 Bayard Meat Market Inc,Specialty Store,57 Bayard St,New York,Manhattan,10013,NEW YORK,NY,40.715355,-73.99778
979636,Jerannie Deli Grocery Corp,Convenience Store,310 Nostrand Ave,Brooklyn,Brooklyn,11216,KINGS,NY,40.689407,-73.951523
982090,Dollar Tree 4538,Other,6410 Amboy Rd,Staten Island,Staten Island,10309,RICHMOND,NY,40.521614,-74.215385
1317164,Dollar Tree 6464,Other,108-03 Atlantic Ave,Richmond Hill,Queens,11418,QUEENS,NY,40.691525,-73.837517
1316462,S & R Store Ltd,Grocery Store,2002 Bath Ave,Brooklyn,Brooklyn,11214,KINGS,NY,40.601261,-74.001511
1570531,51-30 Fresh Harvest Deli & Mini Market Corp,Convenience Store,51-30 Roosevelt Ave,Queens,Queens,11377,QUEENS,NY,40.743931,-73.913124
1374899,Henry's Deli Market Corp,Grocery Store,10202 43rd Ave,Corona,Queens,11368,QUEENS,NY,40.74712,-73.862656
1319750,La Plaza Deli Mini Market Corp,Grocery Store,885 E Tremont Ave,Bronx,Bronx,10460,BRONX,NY,40.842541,-73.88501
1318906,La Huerta Frutas Y Vegetales,Convenience Store,4754 47th St,Woodside,Queens,11377,QUEENS,NY,40.74004,-73.918434
1318932,Grace International Market,Grocery Store,1009 Ogden Ave,Bronx,Bronx,10452,BRONX,NY,40.833275,-73.929222
1318982,37 Meat Corp,Grocery Store,9914 37th Ave,Corona,Queens,11368,QUEENS,NY,40.752392,-73.867607
1319226,Danny Deli Grocery Inc,Convenience Store,601 Myrtle Ave,Brooklyn,Brooklyn,11205,KINGS,NY,40.694263,-73.959984
1320543,Banglatown Inc,Grocery Store,3566B Jerome Ave,Bronx,Bronx,10467,BRONX,NY,40.884518,-73.879822
1320662,ZW Bay Street Corp - Joann's Deli,Convenience Store,1373 Bay St,Staten Island,Staten Island,10305,RICHMOND,NY,40.610176,-74.06321
1590388,Empire City Deli Corporation,Convenience Store,706 Faile St,Bronx,Bronx,10474,BRONX,NY,40.814796,-73.886421
1612784,Grab 2 Go Deli Corp,Convenience Store,1101 Garrison Ave,Bronx,Bronx,10474,BRONX,NY,40.819675,-73.889633
1320929,The So's Kosher Fish Market Inc,Specialty Store,1602 Avenue M,Brooklyn,Brooklyn,11230,KINGS,NY,40.618027,-73.958862
1320118,205 Sb Fruits & Vegetables Corp,Grocery Store,20501 Hillside Ave,Hollis,Queens,11423,QUEENS,NY,40.720737,-73.760246
1649430,American Halal Markets 3,Specialty Store,1035 Coney Island Ave,Brooklyn,Brooklyn,11230,KINGS,NY,40.632496,-73.966751
1320143,Mala 99 Cent Plus Discount Store Inc,Convenience Store,13108 Rockaway Blvd,South Ozone Park,Queens,11420,QUEENS,NY,40.674721,-73.807091
1321026,Good Fortune Discount Inc,Convenience Store,3175 Bainbridge Ave,Bronx,Bronx,10467,BRONX,NY,40.8755,-73.8797
1320162,Dollar Tree 7424,Other,19-80 Steinway St,Astoria,Queens,11105,QUEENS,NY,40.776855,-73.901268
1320170,Dollar Tree 7524,Other,77 Richmond Hill Rd,Staten Island,Staten Island,10314,RICHMOND,NY,40.587772,-74.165466
1317392,Schreibers Homestyle Bakery Inc.,Other,4204 14th Ave,Brooklyn,Brooklyn,11219,KINGS,NY,40.637562,-73.986115
1319349,Deli & Food Corp,Grocery Store,222 E 198th St,Bronx,Bronx,10458,BRONX,NY,40.869617,-73.89019
1317420,Firo Food Market Corp,Convenience Store,5215 Avenue D,Brooklyn,Brooklyn,11203,KINGS,NY,40.642418,-73.926918
1345802,Yoselin Grocery Corp,Grocery Store,1183 Pugsley Ave,Bronx,Bronx,10472,BRONX,NY,40.830997,-73.85717
1345880,La Dura Food Corp,Grocery Store,73 Featherbed Ln,Bronx,Bronx,10452,BRONX,NY,40.846478,-73.917465
1345919,Salda Management Corp,Convenience Store,1912 Kings Hwy,Brooklyn,Brooklyn,11229,KINGS,NY,40.610298,-73.954247
1346183,Oceania Chemist Inc 1,Grocery Store,388 Neptune Ave,Brooklyn,Brooklyn,11235,KINGS,NY,40.580444,-73.966957
1319472,J.w. Trading Inc,Grocery Store,205 Grand St,New York,Manhattan,10013,NEW YORK,NY,40.718971,-73.996361
1320285,Zibber Food Corp,Convenience Store,8920 Northern Blvd,Jackson Heights,Queens,11372,QUEENS,NY,40.756283,-73.878036
1317602,Wing Fat Company Inc,Other,1 Division St,New York,Manhattan,10002,NEW YORK,NY,40.713959,-73.99733
1319521,165th & Anderson Superette Inc,Grocery Store,64 W 165th St,Bronx,Bronx,10452,BRONX,NY,40.833683,-73.926422
1346290,153 Deli Grocery Inc,Convenience Store,153 E 149th St,Bronx,Bronx,10451,BRONX,NY,40.81871,-73.927734
1346618,Mtb Halal Inc,Grocery Store,1104 Webster Ave,Bronx,Bronx,10456,BRONX,NY,40.829498,-73.91114
1346353,Mary Grocery Inc,Grocery Store,5721 Fort Hamilton Pkwy,Brooklyn,Brooklyn,11219,KINGS,NY,40.634003,-74.003731
1319658,Eldert Food Market Corp,Grocery Store,233 Eldert St,Brooklyn,Brooklyn,11207,KINGS,NY,40.69104,-73.908981
1654692,Carniceria Cesina & Enchilada #2 Incorporated,Convenience Store,8417 Jamaica Ave,Woodhaven,Queens,11421,QUEENS,NY,40.692513,-73.860291
1319670,Davids Deli,Convenience Store,2336 1st Ave,New York,Manhattan,10035,NEW YORK,NY,40.798401,-73.933441
1319703,Golan Farm Inc,Grocery Store,1494 Coney Island Ave,Brooklyn,Brooklyn,11230,KINGS,NY,40.62109,-73.964508
1181802,1 Guadalupe Victoria Inc,Grocery Store,1484 St Nicholas Ave,New York,Manhattan,10033,NEW YORK,NY,40.851334,-73.932228
1347344,Villa Trina Meat Market Inc,Convenience Store,4077 Broadway,New York,Manhattan,10032,NEW YORK,NY,40.843777,-73.939095
1347353,Walton Convenience Store Corp,Convenience Store,68 E 174th St,Bronx,Bronx,10452,BRONX,NY,40.8447,-73.912521
1587206,Toribio Grocery Store Corp,Convenience Store,335 S 2nd St,Brooklyn,Brooklyn,11211,KINGS,NY,40.710442,-73.954041
1347418,Bay  Gourmet Corp,Grocery Store,2279 86th St,Brooklyn,Brooklyn,11214,KINGS,NY,40.600849,-73.991646
1634857,Fresh And Clean I Inc.,Other,1755 Richmond Rd,Staten Island,Staten Island,10306,RICHMOND,NY,40.587505,-74.103683
1283672,562 Morris 99 Cents Plus Corp,Convenience Store,562 Morris Ave,Bronx,Bronx,10451,BRONX,NY,40.817951,-73.92247
1283704,Dollar Tree 5616,Other,11245 Springfield Blvd,Queens Village,Queens,11429,QUEENS,NY,40.704628,-73.739983
1347023,Gondal Food Mart Inc,Grocery Store,1891 Victory Blvd,Staten Island,Staten Island,10314,RICHMOND,NY,40.612797,-74.1269
1626199,My Sweet Deli Market Corp,Grocery Store,187 Sherman Ave,New York,Manhattan,10034,NEW YORK,NY,40.864914,-73.921951
1347085,Sagal Fish Market Inc.,Specialty Store,3438 Jerome Ave,Bronx,Bronx,10467,BRONX,NY,40.881371,-73.88253
1347201,Sutter Minimart Inc,Convenience Store,8619 Sutter Ave,Ozone Park,Queens,11417,QUEENS,NY,40.676071,-73.849876
1347260,Isaac Fish Market Inc,Specialty Store,28 W Burnside Ave,Bronx,Bronx,10453,BRONX,NY,40.853775,-73.908867
1181114,New World Deli Grocery Corp,Grocery Store,4150 White Plains Rd,Bronx,Bronx,10466,BRONX,NY,40.892242,-73.857925
1181326,E & E Sophia Farms Corp.,Grocery Store,6008 Fresh Pond Rd,Maspeth,Queens,11378,QUEENS,NY,40.716717,-73.901909
1181419,J S Atlantic Deli Grocery Inc.,Grocery Store,8720 Atlantic Ave,Ozone Park,Queens,11416,QUEENS,NY,40.686493,-73.854034
1181534,Dollar Closeouts Inc,Convenience Store,561 Southern Blvd,Bronx,Bronx,10455,BRONX,NY,40.812447,-73.90313
1183331,I Love My Deli Grocery Inc,Grocery Store,200 Rhine Ave,Staten Island,Staten Island,10304,RICHMOND,NY,40.609161,-74.089172
1284315,Stiles Farmers Market,Specialty Store,476 9th Ave,New York,Manhattan,10018,NEW YORK,NY,40.754951,-73.994957
1284372,Raja Brothers Inc.,Convenience Store,2010 Church Ave,Brooklyn,Brooklyn,11226,KINGS,NY,40.650021,-73.960838
1182729,Dollar Tree 5249,Other,2244 Church Ave,Brooklyn,Brooklyn,11226,KINGS,NY,40.650414,-73.958
1182732,Dollar Tree 5551,Other,39 Belmont Ave,Brooklyn,Brooklyn,11212,KINGS,NY,40.668686,-73.908981
1180621,E & K African Market,Other,56 East Tremont Ave,Bronx,Bronx,10453,BRONX,NY,40.851227,-73.908264
978998,Bp Gas Station And Convinience Store,Convenience Store,3333 E Tremont Ave,Bronx,Bronx,10461,BRONX,NY,40.835072,-73.830139
1182811,A.B.M. Superette Inc,Other,101 Guyon Ave,Staten Island,Staten Island,10306,RICHMOND,NY,40.564854,-74.127312
1284595,Moran M Inc Dba La Iguana Azul Mexican Market,Convenience Store,14 Giffords Ln,Staten Island,Staten Island,10308,RICHMOND,NY,40.551136,-74.150398
1576919,Super Tasty Deli Inc,Convenience Store,3522 Broadway,New York,Manhattan,10031,NEW YORK,NY,40.825867,-73.950539
1526700,Smsong Seafood Corp.,Specialty Store,11914 Sutphin Blvd,Jamaica,Queens,11434,QUEENS,NY,40.67886,-73.791588
1526738,181 Gourmet Deli Corp,Convenience Store,54 E 181st St,Bronx,Bronx,10453,BRONX,NY,40.855198,-73.90461
1526819,Myrtle Food Corp I,Convenience Store,440 Myrtle Ave,Brooklyn,Brooklyn,11205,KINGS,NY,40.693104,-73.967949
1525901,Los Vecinos Grocery Store Inc,Grocery Store,4701 Junction Blvd,Corona,Queens,11368,QUEENS,NY,40.743187,-73.86734
1525930,416 Inlet Market Corp.,Grocery Store,416 Monroe St,Brooklyn,Brooklyn,11221,KINGS,NY,40.686375,-73.941788
1525933,Rajouri Inc,Convenience Store,6824 4th Ave,Brooklyn,Brooklyn,11220,KINGS,NY,40.634819,-74.023651
1525934,Bay Deli Market Corp,Grocery Store,3967 Laconia Ave,Bronx,Bronx,10466,BRONX,NY,40.884178,-73.849556
1525959,MR.P.A.I.N LLC,Convenience Store,2220 Forest Ave,Staten Island,Staten Island,10303,RICHMOND,NY,40.626278,-74.163445
1525574,Nick's Deli & Grill Inc.,Convenience Store,109 Van Pelt Ave,Staten Island,Staten Island,10303,RICHMOND,NY,40.633667,-74.154968
1526199,BEST H&H INC.,Grocery Store,4368 White Plains Rd,Bronx,Bronx,10466,BRONX,NY,40.897614,-73.85479
1526234,Addiction Juice Bar And Grill Corp,Convenience Store,16807 Union Tpke,Fresh Meadows,Queens,11366,QUEENS,NY,40.723198,-73.79995
1576357,Aljazeera Halal Meat Market Corp.,Grocery Store,1095 Hylan Blvd,Staten Island,Staten Island,10305,RICHMOND,NY,40.598797,-74.07917
1526313,Sanaa Convenient Store Corp,Convenience Store,3422 Broadway,New York,Manhattan,10031,NEW YORK,NY,40.822678,-73.95298
1526374,Hipster Deli Grocery 1 Corp,Convenience Store,168 7th Ave,Brooklyn,Brooklyn,11215,KINGS,NY,40.671921,-73.977577
1526414,Stop 77 Deli Corp.,Convenience Store,7625 5th Ave,Brooklyn,Brooklyn,11209,KINGS,NY,40.628006,-74.023079
1285691,Dollar Tree 6068,Other,1253 Utica Ave,Brooklyn,Brooklyn,11203,KINGS,NY,40.641914,-73.929314
1285893,Plaza Deli,Convenience Store,2185 Pacific St,Brooklyn,Brooklyn,11233,KINGS,NY,40.675819,-73.914001
1207226,CVS Pharmacy 10613,Other,5 Penn Plz,New York,Manhattan,10001,NEW YORK,NY,40.751873,-73.993744
1525781,PINE APPLE FARM CO,Grocery Store,7402 5th Ave,Brooklyn,Brooklyn,11209,KINGS,NY,40.630283,-74.022484
1525813,Of Off 52nd Gourmet Deli Corp.,Convenience Store,769 9th Ave,New York,Manhattan,10019,NEW YORK,NY,40.764534,-73.988411
1525819,Delicious Grocery Deli & Kitchen Corp,Convenience Store,3136 Miles Ave,Bronx,Bronx,10465,BRONX,NY,40.821507,-73.808846
1207748,Dollar Tree 5582,Other,248-56 Rockaway Blvd,Rosedale,Queens,11422,QUEENS,NY,40.639008,-73.741928
1375281,7 Eleven Store 39793B,Convenience Store,Bldg 37 Laguardia Airport,Flushing,Queens,11371,QUEENS,NY,40.768864,-73.886078
986852,East Coast Privilege Bakery Inc,Grocery Store,2914 Coney Island Ave,Brooklyn,Brooklyn,11235,KINGS,NY,40.585369,-73.960487
1375310,Walgreens 21210,Other,526 W 30th St,New York,Manhattan,10001,NEW YORK,NY,40.752487,-74.002335
1564640,1506 Deli & Juice Bar Corp,Convenience Store,1506 Sheepshead Bay Rd,Brooklyn,Brooklyn,11235,KINGS,NY,40.587185,-73.953827
1573510,Flushing Fei Long Inc,Grocery Store,4444 College Point Blvd,Flushing,Queens,11355,QUEENS,NY,40.75256,-73.832672
1375525,Palmas Meat Market Corp,Grocery Store,1541 Westchester Ave,Bronx,Bronx,10472,BRONX,NY,40.828831,-73.87809
1374937,Gold Organic Farm Inc,Grocery Store,277 Gold St,Brooklyn,Brooklyn,11201,KINGS,NY,40.69627,-73.983162
1208112,Queens Blvd Organic Inc/Hi ! Mango Natural Market,Grocery Store,13775 Queens Blvd,Jamaica,Queens,11435,QUEENS,NY,40.708981,-73.818657
983818,Graham Live Poultry Inc,Specialty Store,94B Moore St,Brooklyn,Brooklyn,11206,KINGS,NY,40.703785,-73.94175
1603081,New Santiago Deli Corp,Convenience Store,3415 Broadway,New York,Manhattan,10031,NEW YORK,NY,40.822536,-73.953629
1375005,La Finca Frutas Y Vegetales,Grocery Store,101 Moore St,Brooklyn,Brooklyn,11206,KINGS,NY,40.703876,-73.94162
1658632,Bushwick Best Deli & Gril Inc,Grocery Store,671 Bushwick Ave,Brooklyn,Brooklyn,11221,KINGS,NY,40.697487,-73.932297
1375129,Xing Fu Yuan Inc,Convenience Store,5802 Fort Hamilton Pkwy,Brooklyn,Brooklyn,11219,KINGS,NY,40.63409,-74.004379
1375170,New Apon Grocery Inc N/A,Grocery Store,415 Church Ave,Brooklyn,Brooklyn,11218,KINGS,NY,40.644249,-73.97612
1598785,New Jersey Deli Market Inc.,Convenience Store,2672 Fulton St,Brooklyn,Brooklyn,11207,KINGS,NY,40.677303,-73.895958
1600108,Livonia Deli And Mini Market Corp.,Convenience Store,479 Livonia Ave,Brooklyn,Brooklyn,11207,KINGS,NY,40.664043,-73.899788
1321974,La Vakana Grocery Corp,Grocery Store,1157 Willmohr St,Brooklyn,Brooklyn,11212,KINGS,NY,40.658298,-73.916046
1322008,Flushing Food Market,Specialty Store,541 Marcy Ave,Brooklyn,Brooklyn,11206,KINGS,NY,40.696575,-73.949425
1322695,Giffords Lane Bagels & Deli Inc,Convenience Store,27 Giffords Ln,Staten Island,Staten Island,10308,RICHMOND,NY,40.551502,-74.150383
1375893,Hilcena Family Mini-market Corp.,Convenience Store,10520 177th St,Jamaica,Queens,11433,QUEENS,NY,40.702972,-73.781067
1347901,Star Brite Flatbush Inc,Grocery Store,1508 Flatbush Ave,Brooklyn,Brooklyn,11210,KINGS,NY,40.633865,-73.949013
1323106,G & A Deli Grocery Corp,Grocery Store,129 W Tremont Ave,Bronx,Bronx,10453,BRONX,NY,40.850079,-73.913651
1347910,Almedina Live Poultry Corp,Other,15124 Beaver Rd,Jamaica,Queens,11433,QUEENS,NY,40.700581,-73.802094
1321549,CVS Pharmacy 10970,Other,305 E 86th St,New York,Manhattan,10028,NEW YORK,NY,40.777866,-73.951553
1321587,Alrawda Candy Store Inc,Grocery Store,2565 Steinway St,Astoria,Queens,11103,QUEENS,NY,40.766273,-73.912865
1376334,Monther Food Mart And Deli Corp,Convenience Store,1078 E 165th St,Bronx,Bronx,10459,BRONX,NY,40.825043,-73.890724
1321857,Wing Tak Ny Inc,Convenience Store,137 Mott St,New York,Manhattan,10013,NEW YORK,NY,40.718555,-73.996811
1321879,Seven Brothers African And Carribean Market Inc,Other,228 E 181st St,Bronx,Bronx,10457,BRONX,NY,40.854294,-73.90065
1321190,Krupa Food Inc,Grocery Store,23320 Hillside Ave,Queens Village,Queens,11427,QUEENS,NY,40.733337,-73.736229
1376407,Sweet Chelsea Grocery Inc,Grocery Store,4708 7th Ave,Brooklyn,Brooklyn,11220,KINGS,NY,40.643951,-74.004364
1321226,L & L Mp Inc,Specialty Store,292 Broadway,Brooklyn,Brooklyn,11211,KINGS,NY,40.708534,-73.958305
1321243,The Heights Deli Foods Inc,Grocery Store,1649 Amsterdam Ave,New York,Manhattan,10031,NEW YORK,NY,40.822922,-73.949081
1321250,Mo Deli & Grill Corp,Convenience Store,665 Lenox Ave,New York,Manhattan,10037,NEW YORK,NY,40.819317,-73.937187
1347700,S&M Country Store,Other,2001 Atlantic Ave,Brooklyn,Brooklyn,11233,KINGS,NY,40.676704,-73.915894
1597734,J & B Fruit Market Corp,Grocery Store,182 Avenue U,Brooklyn,Brooklyn,11223,KINGS,NY,40.596413,-73.977257
1592854,Sunrise Bakery 88 Inc.,Convenience Store,316 Kings Hwy,Brooklyn,Brooklyn,11223,KINGS,NY,40.604881,-73.978653
1322839,Mg Deli Grocery Corp,Grocery Store,917 Sheridan Ave,Bronx,Bronx,10451,BRONX,NY,40.827999,-73.920403
1322869,Bbc Deli Grocery Corp,Convenience Store,51 E Tremont Ave,Bronx,Bronx,10453,BRONX,NY,40.851303,-73.908287
1321277,Ruane Deli Of Edgewater Inc,Convenience Store,2 Centre Edgewater Park Dr,Bronx,Bronx,10465,BRONX,NY,40.822376,-73.810905
1322946,Tasty Picks 2 Corp,Grocery Store,89 E Gun Hill Rd,Bronx,Bronx,10467,BRONX,NY,40.881775,-73.879402
1321423,Y & M Glatt Minimart Inc,Grocery Store,11633 Metropolitan Ave,Richmond Hill,Queens,11418,QUEENS,NY,40.707355,-73.835419
1348060,Los Castillos Meat & Fish Market,Specialty Store,1601 University Ave,Bronx,Bronx,10453,BRONX,NY,40.847012,-73.92057
1348195,390 Jackson Deli Grocery Corp.,Convenience Store,390 Jackson Ave,Bronx,Bronx,10454,BRONX,NY,40.808922,-73.910599
1348230,Rockaway Express Deli Corp X,Convenience Store,9017 Rockaway Beach Blvd,Rockaway Beach,Queens,11693,QUEENS,NY,40.586971,-73.814003
1348240,Queens Prime Meat Inc,Specialty Store,2362 Steinway St,Astoria,Queens,11105,QUEENS,NY,40.769836,-73.909981
1322560,U Flower Deli Grocery Corp,Grocery Store,2101 Avenue U,Brooklyn,Brooklyn,11229,KINGS,NY,40.599537,-73.950226
1661447,A1 Health Pharmacy,Convenience Store,1003 Ogden Ave,Bronx,Bronx,10452,BRONX,NY,40.833118,-73.929436
1322575,Halal Meat & Fish Supermarket Inc,Grocery Store,280 E Burnside Ave,Bronx,Bronx,10457,BRONX,NY,40.850994,-73.901749
1422971,Fresh Pond Gourmet Deli Corp,Convenience Store,6620 Fresh Pond Rd,Ridgewood,Queens,11385,QUEENS,NY,40.70845,-73.898224
1376172,New York Ginseng City Inc,Other,13519 Roosevelt Ave,Flushing,Queens,11354,QUEENS,NY,40.759312,-73.831291
1375756,Mc Fresh Market Inc,Grocery Store,840 Nostrand Ave,Brooklyn,Brooklyn,11225,KINGS,NY,40.669342,-73.950554
1375857,Amazon Go INY4,Other,599 Lexington Ave,New York,Manhattan,10022,NEW YORK,NY,40.757954,-73.971268
1366226,Jar Deli Market Corp,Grocery Store,501 W 134th St,New York,Manhattan,10031,NEW YORK,NY,40.818439,-73.952919
1566307,Green Village Meat Market II Corp,Grocery Store,116 E 170th St,Bronx,Bronx,10452,BRONX,NY,40.839195,-73.915421
1349034,Gf Meat Market Corp.,Grocery Store,144 W Burnside Ave,Bronx,Bronx,10453,BRONX,NY,40.853867,-73.914452
1641082,Bismillah Supermarket 1 Inc.,Grocery Store,1950 Bath Ave,Brooklyn,Brooklyn,11214,KINGS,NY,40.601662,-74.002197
1569691,Lucky Farmers Market Inc.,Convenience Store,8431 Jamaica Ave,Woodhaven,Queens,11421,QUEENS,NY,40.692566,-73.859886
1564556,56 Deli And Grill Inc,Convenience Store,5604 Avenue H,Brooklyn,Brooklyn,11234,KINGS,NY,40.633144,-73.922386
1647561,784 DELI GROCERY INC,Convenience Store,784 E 163rd St,Bronx,Bronx,10456,BRONX,NY,40.822506,-73.902901
1647152,Speedway 7838,Convenience Store,1201 Webster Ave,Bronx,Bronx,10456,BRONX,NY,40.832241,-73.910156
1365962,Los Morontas Supermarket Corp,Grocery Store,475 Castle Hill Ave,Bronx,Bronx,10473,BRONX,NY,40.816723,-73.847534
1348330,Aaa Plus Deli Inc.,Convenience Store,4012 Hampton St,Elmhurst,Queens,11373,QUEENS,NY,40.746819,-73.882721
1348513,Queens Candy Smoke Shop Inc,Convenience Store,9710 Rockaway Beach Blvd,Rockaway Beach,Queens,11693,QUEENS,NY,40.587456,-73.811996
1570861,4307 W & M Deli Grocery Corp,Grocery Store,4307 National St,Corona,Queens,11368,QUEENS,NY,40.746624,-73.86367
1348614,Keshav 102 Inc.,Grocery Store,10210 159th Rd,Howard Beach,Queens,11414,QUEENS,NY,40.659725,-73.830894
1348623,J A M W Deli & Grocery Inc Hill Top Deli,Convenience Store,1253 Castle Hill Ave,Bronx,Bronx,10462,BRONX,NY,40.833138,-73.851357
1348641,Maruti 6903 Corp,Convenience Store,6903 Northern Blvd,Woodside,Queens,11377,QUEENS,NY,40.754406,-73.896957
1348815,D & J Meat And Produce Llc,Other,385 City Island Ave,Bronx,Bronx,10464,BRONX,NY,40.849209,-73.787437
1348829,Joe's Grocery Corp,Convenience Store,168 Lenox Ave,New York,Manhattan,10026,NEW YORK,NY,40.803543,-73.948402
1183953,Speedway 7877,Convenience Store,2121 Forest Ave,Staten Island,Staten Island,10303,RICHMOND,NY,40.626511,-74.160065
1631571,Fordham Mini Market Corp.,Convenience Store,29 E Fordham Rd,Bronx,Bronx,10468,BRONX,NY,40.862434,-73.899719
1597776,Heng Xing Grocery Store Inc. 95B,Grocery Store,95B Elizabeth St,New York,Manhattan,10013,NEW YORK,NY,40.718449,-73.995964
1392935,Jamaica Rythms Fish Market 2,Grocery Store,3963 Bronxwood Ave,Bronx,Bronx,10466,BRONX,NY,40.885571,-73.854973
1527803,El Arroyo Deli Corp,Grocery Store,705 Seneca Ave,Ridgewood,Queens,11385,QUEENS,NY,40.702766,-73.907387
1527817,Everyday Grocery,Grocery Store,1711 Avenue M,Brooklyn,Brooklyn,11230,KINGS,NY,40.618404,-73.957642
1527825,La Presion Deli Grocery Corp,Grocery Store,269 E 188th St,Bronx,Bronx,10458,BRONX,NY,40.860928,-73.895554
1527050,Lotstop,Convenience Store,450 7th Ave,New York,Manhattan,10123,NEW YORK,NY,40.751427,-73.990547
1632598,Leile Deli Corp,Convenience Store,486 E 138th St,Bronx,Bronx,10454,BRONX,NY,40.807838,-73.920258
1392669,New York Bread,Grocery Store,2201 Neptune Ave,Brooklyn,Brooklyn,11224,KINGS,NY,40.578545,-73.990387
1366413,523 Deli & Grill Corp,Convenience Store,523 Grand St,New York,Manhattan,10002,NEW YORK,NY,40.714443,-73.981705
1384721,452 Gourmet Deli Corp.,Other,452 W 238th St,Bronx,Bronx,10463,BRONX,NY,40.887218,-73.905144
1527234,S Deli And Grill Corp,Convenience Store,3601 Avenue S,Brooklyn,Brooklyn,11234,KINGS,NY,40.609936,-73.93132
1366420,Beach 116 Deli & Grocery Corp,Convenience Store,201 Beach 116th St,Rockaway Park,Queens,11694,QUEENS,NY,40.579849,-73.837433
1571424,Macca Inc,Grocery Store,609 Morris Park Ave,Bronx,Bronx,10460,BRONX,NY,40.844326,-73.86937
1527244,E & R Deli Juice Bar Corp.,Grocery Store,308 E 116th St,New York,Manhattan,10029,NEW YORK,NY,40.796619,-73.937256
1366429,Sunny Dale,Convenience Store,4901 Avenue N,Brooklyn,Brooklyn,11234,KINGS,NY,40.619156,-73.927773
1527273,Gateway Center Pharmacy Llc,Other,1184 Elton St,Brooklyn,Brooklyn,11239,KINGS,NY,40.655334,-73.87339
1527279,Tongtong Trading Inc,Grocery Store,8514 23rd Ave,Brooklyn,Brooklyn,11214,KINGS,NY,40.600948,-73.991432
1660854,Eats On Columbus Marketplace Inc.,Convenience Store,501 Columbus Ave,New York,Manhattan,10024,NEW YORK,NY,40.785213,-73.972885
1527358,Aldo's Deli & Grocery Ny Corp,Convenience Store,6320 18th Ave,Brooklyn,Brooklyn,11204,KINGS,NY,40.619949,-73.989555
1527528,CVS Pharmacy CVS11502,Other,79 Jay St,Brooklyn,Brooklyn,11201,KINGS,NY,40.702198,-73.98658
1527545,942 E Gun Hill Deli Corp,Grocery Store,942 E Gun Hill Rd,Bronx,Bronx,10469,BRONX,NY,40.874893,-73.859123
1596689,USA Deli & Grill Inc,Convenience Store,1624 Newkirk Ave,Brooklyn,Brooklyn,11226,KINGS,NY,40.636177,-73.961716
1527157,Oasis Deli Inc.,Convenience Store,338 Wilson Ave,Brooklyn,Brooklyn,11221,KINGS,NY,40.695629,-73.91703
1527164,New Evelina Grocery Inc.,Convenience Store,1339 Flatbush Ave,Brooklyn,Brooklyn,11226,KINGS,NY,40.638565,-73.953522
1527167,Winthrop Food Corp,Convenience Store,994 Winthrop St,Brooklyn,Brooklyn,11212,KINGS,NY,40.659664,-73.926468
1527186,Coney Deli & Grill Corp,Convenience Store,1638 Coney Island Ave,Brooklyn,Brooklyn,11230,KINGS,NY,40.617393,-73.963982
1527660,Prince Gourmet Deli & Grill Inc,Grocery Store,176 Johnson St,Brooklyn,Brooklyn,11201,KINGS,NY,40.69471,-73.982674
1660805,Nyc Express Deli Llc,Convenience Store,18 1st Ave,New York,Manhattan,10009,NEW YORK,NY,40.72353,-73.98806
1527783,Hegeman Minimarket Food Corp,Convenience Store,1017 Hegeman Ave,Brooklyn,Brooklyn,11208,KINGS,NY,40.667023,-73.875542
1604718,Deli Food Center Corp,Convenience Store,79 E 18th St,Brooklyn,Brooklyn,11226,KINGS,NY,40.649246,-73.962906
1527931,Best Food Mini Market 3 Corporation,Convenience Store,1249 Sutter Ave,Brooklyn,Brooklyn,11208,KINGS,NY,40.673069,-73.871681
1527944,Associated,Grocery Store,2243 Adam Clayton Powell Jr Blvd,New York,Manhattan,10027,NEW YORK,NY,40.813156,-73.944946
1527964,Bani Deli Grocery Corp,Convenience Store,1965 Webster Ave,Bronx,Bronx,10457,BRONX,NY,40.849373,-73.900208
1527986,Son Sonateca Grocery Store Corp.,Convenience Store,945 Aldus St,Bronx,Bronx,10459,BRONX,NY,40.8232,-73.891441
1526891,O & A Hassan Corp,Convenience Store,1810 Forest Ave,Staten Island,Staten Island,10303,RICHMOND,NY,40.624931,-74.149368
1576113,DOLLARTREE 9514,Other,175-06 Hillside Ave.,Jamaica,Queens,11432,QUEENS,NY,40.711349,-73.787277
1366880,Shengtai Jiayuan Grocery Store Inc,Convenience Store,455 Kings Hwy,Brooklyn,Brooklyn,11223,KINGS,NY,40.604294,-73.9729
1574033,Dyker Natural Deli,Convenience Store,691 86th St,Brooklyn,Brooklyn,11228,KINGS,NY,40.619164,-74.022018
1367294,Yan Feng Market Inc,Specialty Store,5023 8th Ave,Brooklyn,Brooklyn,11220,KINGS,NY,40.640617,-74.004166
1574893,Jp Bxwood Grocery Corp NO,Convenience Store,884 E 233rd St,Bronx,Bronx,10466,BRONX,NY,40.891514,-73.851959
1527003,Appel Fish Store,Specialty Store,145 Division Ave,Brooklyn,Brooklyn,11211,KINGS,NY,40.707817,-73.96286
1367324,Lupin & Tapin LLC - Ananda Bazar & Grocery,Grocery Store,16306 109th Ave,Jamaica,Queens,11433,QUEENS,NY,40.694958,-73.789955
1367416,N & Y Classic Deli Inc,Convenience Store,3155 Villa Ave,Bronx,Bronx,10468,BRONX,NY,40.875832,-73.887245
1367449,Jose Grocery Corp,Grocery Store,1881 Amsterdam Ave,New York,Manhattan,10032,NEW YORK,NY,40.830299,-73.94368
1625040,1037 Nostrand Deli,Convenience Store,1037 Nostrand Ave,Brooklyn,Brooklyn,11225,KINGS,NY,40.662949,-73.950706
1625254,Yan Candy Grocery Corp.,Other,810 Franklin Ave,Brooklyn,Brooklyn,11225,KINGS,NY,40.670204,-73.95829
1393626,5265 Food Market Llc,Grocery Store,5265 65th Pl,Maspeth,Queens,11378,QUEENS,NY,40.731728,-73.900093
1324755,E.s. Deli Grocery Corp,Convenience Store,980 Bronx Park S,Bronx,Bronx,10460,BRONX,NY,40.844917,-73.878838
1324858,Juquilita Green Market Inc,Grocery Store,6745 Myrtle Ave,Glendale,Queens,11385,QUEENS,NY,40.701729,-73.884842
1323929,Hot Corner Meat Market Inc,Grocery Store,205 E 167th St,Bronx,Bronx,10456,BRONX,NY,40.834126,-73.916306
1393094,Sam Detox Deli & Grill Inc.,Grocery Store,1144 Halsey St,Brooklyn,Brooklyn,11207,KINGS,NY,40.690063,-73.910774
1393820,Lucky Star Mini Market Etc Corp,Convenience Store,1201 White Plains Rd,Bronx,Bronx,10472,BRONX,NY,40.830524,-73.861717
1324966,R-k Deli Grocery Corp,Grocery Store,919 E Tremont Ave,Bronx,Bronx,10460,BRONX,NY,40.841942,-73.884041
1578476,Dream Frame Queens Inc.,Convenience Store,3801 Beach Channel Dr,Far Rockaway,Queens,11691,QUEENS,NY,40.595688,-73.77092
1324151,Fearn Industires Inc,Specialty Store,16825 Liberty Ave,Jamaica,Queens,11433,QUEENS,NY,40.703213,-73.789635
1324287,Castillo Deli Mini Market Inc,Convenience Store,2239 Adams Pl,Bronx,Bronx,10457,BRONX,NY,40.852795,-73.889053
1394374,Gaspare The Meat Boss,Grocery Store,6843 Myrtle Ave,Glendale,Queens,11385,QUEENS,NY,40.701794,-73.883057
1624264,Chelsea Convenience And Snacks Corp,Convenience Store,142 9th Ave,New York,Manhattan,10011,NEW YORK,NY,40.743855,-74.003029
1394515,Stop 1-45 Food Mart Corp,Convenience Store,1975 Union St,Brooklyn,Brooklyn,11233,KINGS,NY,40.667469,-73.922943
1393268,Home Essentials And Discount Market Inc,Convenience Store,564 Flatbush Ave,Brooklyn,Brooklyn,11225,KINGS,NY,40.659885,-73.960762
1394285,Aicha African Market Inc.,Grocery Store,218 McClellan St,Bronx,Bronx,10456,BRONX,NY,40.832241,-73.916641
1325035,Aziz Deli & Grill Crop,Convenience Store,10302 Liberty Ave,Ozone Park,Queens,11417,QUEENS,NY,40.681606,-73.837631
1187794,L & J Supermarket II Inc,Convenience Store,1252 Avenue U,Brooklyn,Brooklyn,11229,KINGS,NY,40.598495,-73.958374
1187838,Yafranny Deli Corp,Grocery Store,2728 Mermaid Ave,Brooklyn,Brooklyn,11224,KINGS,NY,40.575649,-73.993607
1323619,D&K Deli And Grocery Inc,Convenience Store,1272 Bay St,Staten Island,Staten Island,10305,RICHMOND,NY,40.612259,-74.064934
1323639,San Francis Deli Grocery Inc.,Convenience Store,2915 Avenue P,Brooklyn,Brooklyn,11229,KINGS,NY,40.611961,-73.944473
1323687,BigkatLLC/Bedford Fruit Market,Convenience Store,146 Bedford Ave,Brooklyn,Brooklyn,11249,KINGS,NY,40.718868,-73.956635
1323788,Vista H. Deli & Grocery Inc.,Grocery Store,1782 Westchester Ave,Bronx,Bronx,10472,BRONX,NY,40.831535,-73.866989
1323853,9411 Zocalo De Atlixco Deli Grocery Inc.,Grocery Store,9411 37th Ave,Jackson Heights,Queens,11372,QUEENS,NY,40.751091,-73.872726
1323855,First Stop Grocery 3 Inc,Grocery Store,1094 Hancock St,Brooklyn,Brooklyn,11221,KINGS,NY,40.689266,-73.91394
1528188,Gourmet Deli And Grill Zone Inc,Convenience Store,629 Church Ave,Brooklyn,Brooklyn,11218,KINGS,NY,40.645565,-73.973267
1528225,Woodside Super Convenience,Convenience Store,5101 Skillman Ave,Woodside,Queens,11377,QUEENS,NY,40.746147,-73.913223
1528228,S & H Mini Food Mart Inc,Convenience Store,4136 Junction Blvd,Corona,Queens,11368,QUEENS,NY,40.74683,-73.868446
1528249,Protein House,Grocery Store,1291 Walton Ave,Bronx,Bronx,10452,BRONX,NY,40.837318,-73.917877
1528280,Brooklyn Finest Deli Grocery Inc,Convenience Store,483 Ralph Ave,Brooklyn,Brooklyn,11233,KINGS,NY,40.672661,-73.922081
1653999,Tony 787 Deli Grocery Corp,Convenience Store,787 MacDonough St,Brooklyn,Brooklyn,11233,KINGS,NY,40.684441,-73.914932
1395286,Romero Fruit Market Inc.,Grocery Store,835 E 152nd St,Bronx,Bronx,10455,BRONX,NY,40.815228,-73.904144
1367705,Tian Xuan Trading Inc,Other,5623 8th Ave,Brooklyn,Brooklyn,11220,KINGS,NY,40.63726,-74.00766
1368580,115 Leffertblvd Newstand Inc.,Convenience Store,11507 Lefferts Blvd,South Ozone Park,Queens,11420,QUEENS,NY,40.676765,-73.819351
1368626,Patricia Jimenez,Specialty Store,519 E 138th St,Bronx,Bronx,10454,BRONX,NY,40.807499,-73.918663
1577768,AMG 190,Convenience Store,2350 Jerome Ave,Bronx,Bronx,10468,BRONX,NY,40.860096,-73.902504
1570364,Hollis Deli Number One Inc,Convenience Store,20602 Hollis Ave,Queens Village,Queens,11429,QUEENS,NY,40.707241,-73.750961
1571308,Charlie's Deli & Grill,Convenience Store,2434 Creston Ave,Bronx,Bronx,10468,BRONX,NY,40.861366,-73.898758
1368744,Fresh Deli And Grocery 1 Corp,Convenience Store,62-74 Fresh Pond Rd,Ridgewood,Queens,11385,QUEENS,NY,40.71196,-73.900406
1395314,1414 Castleton Corp,Convenience Store,1414 Castleton Ave,Staten Island,Staten Island,10302,RICHMOND,NY,40.633709,-74.129616
1022972,Akshar 108 Inc,Grocery Store,6415 108th St,Forest Hills,Queens,11375,QUEENS,NY,40.732582,-73.849365
1367903,Loe Apple Grocery & Produce Inc,Convenience Store,2034 Eastchester Rd,Bronx,Bronx,10461,BRONX,NY,40.854057,-73.843475
1395031,Aroma Rich Inc,Grocery Store,3924 18th Ave,Brooklyn,Brooklyn,11218,KINGS,NY,40.632717,-73.973053
1245523,Vicjona Meat Market Inc,Specialty Store,733 E Tremont Ave,Bronx,Bronx,10457,BRONX,NY,40.844849,-73.889938
1021511,Santo De La Cruz GC,Specialty Store,1963 Grand Concourse,Bronx,Bronx,10468,BRONX,NY,40.858177,-73.899498
1308113,KMB Deli Inc,Convenience Store,8821 31st Ave,East Elmhurst,Queens,11369,QUEENS,NY,40.760033,-73.879753
1254290,La Liga Deli Food Corp,Convenience Store,350 E 149th St,Bronx,Bronx,10451,BRONX,NY,40.816566,-73.91967
1368208,Estrella Meats Fruits And Grocery Corp,Grocery Store,276 E 198th St,Bronx,Bronx,10458,BRONX,NY,40.868694,-73.888573
1368235,Ginseng Palace Trading Inc.,Other,8235 Broadway,Elmhurst,Queens,11373,QUEENS,NY,40.742405,-73.881561
1395438,Beach Channel Deli & Grocery Corp.,Grocery Store,1165 Beach Channel Dr,Far Rockaway,Queens,11691,QUEENS,NY,40.605263,-73.755547
1395491,J&j Fresh Market N/A,Grocery Store,1815 Avenue U,Brooklyn,Brooklyn,11229,KINGS,NY,40.599216,-73.952995
1395533,1411 Savory Deli Corp,Convenience Store,1411 5th Ave,New York,Manhattan,10029,NEW YORK,NY,40.80032,-73.946487
1395101,K & T Meats,Grocery Store,3711 Broadway,Astoria,Queens,11103,QUEENS,NY,40.759624,-73.920082
1626716,6 Brother Gourmet Deli Corp,Convenience Store,500 W 157th St,New York,Manhattan,10032,NEW YORK,NY,40.832924,-73.942398
1627807,Dar Alhadjar Market Ltd,Grocery Store,666 Morris Park Ave,Bronx,Bronx,10462,BRONX,NY,40.844894,-73.86702
1395205,Family Dollar 12473,Other,130 E Burnside Ave,Bronx,Bronx,10453,BRONX,NY,40.852753,-73.904724
1394675,Platho Deli Grocery Inc,Convenience Store,5380 65th Pl,Maspeth,Queens,11378,QUEENS,NY,40.729134,-73.900261
1367532,Grand Petroleum Llc 9,Convenience Store,1049 Grand St,Brooklyn,Brooklyn,11211,KINGS,NY,40.713776,-73.933517
1367538,AMG Retail I LLC 25,Convenience Store,3804 Boston Rd,Bronx,Bronx,10475,BRONX,NY,40.881275,-73.838509
1367549,4201 Webster Petroleum Llc 30,Convenience Store,4201 Webster Ave,Bronx,Bronx,10470,BRONX,NY,40.895748,-73.86338
1367607,Stillwell's Deli And Grocery Inc. N/A,Convenience Store,1806 Stillwell Ave,Brooklyn,Brooklyn,11223,KINGS,NY,40.602375,-73.986565
1367664,1930 Bartow Ave Petroleum Llc 54,Convenience Store,1930 Bartow Ave,Bronx,Bronx,10469,BRONX,NY,40.868034,-73.833839
1367678,Checo Grocery & Grill Corp,Convenience Store,620 Howard Ave,Brooklyn,Brooklyn,11212,KINGS,NY,40.666897,-73.919815
1367685,Mask Grocery LLC - C-Town Supermarket,Grocery Store,5696 Mosholu Ave,Bronx,Bronx,10471,BRONX,NY,40.905354,-73.900848
1624826,R & N Caribbean Meat Llc,Convenience Store,4206 White Plains Rd,Bronx,Bronx,10466,BRONX,NY,40.89373,-73.856987
1368300,Bronx Gourmet Ltd,Convenience Store,760 E Tremont Ave,Bronx,Bronx,10460,BRONX,NY,40.844288,-73.888901
1577568,Los Siso Grocery Corp,Grocery Store,1138 Castleton Ave,Staten Island,Staten Island,10310,RICHMOND,NY,40.634186,-74.120522
1327066,Wing Fat Company Inc,Other,5818 8th Ave,Brooklyn,Brooklyn,11220,KINGS,NY,40.636333,-74.008904
1326311,Mdm Irving Corp,Grocery Store,180 Irving Ave,Brooklyn,Brooklyn,11237,KINGS,NY,40.701725,-73.919228
1326472,Ameer Gourmet Deli Corp,Convenience Store,209 Lewis Ave,Brooklyn,Brooklyn,11221,KINGS,NY,40.689297,-73.935997
1268276,Aloaf Bakery & Coffee Inc.,Other,170 E 110th St,New York,Manhattan,10029,NEW YORK,NY,40.794384,-73.943481
1588417,A And M Deli Grocery Corp. I,Convenience Store,14718 Rockaway Blvd,Jamaica,Queens,11436,QUEENS,NY,40.67318,-73.790039
1216310,Taino Fast Way Deli Corp,Grocery Store,2253 3rd Ave,New York,Manhattan,10035,NEW YORK,NY,40.801891,-73.936913
1326668,New Garden Fish Market Corp,Specialty Store,8118A Lefferts Blvd,Kew Gardens,Queens,11415,QUEENS,NY,40.706341,-73.83181
1300461,291 Dicayagua Grocery Inc.,Convenience Store,291 Evergreen Ave,Brooklyn,Brooklyn,11221,KINGS,NY,40.69495,-73.92511
1638032,Bonolata Supermarket 1,Grocery Store,3413 Church Ave,Brooklyn,Brooklyn,11203,KINGS,NY,40.651173,-73.945145
1643667,Rocky Deli & Grill 2 Inc,Convenience Store,669 Bay St,Staten Island,Staten Island,10304,RICHMOND,NY,40.625732,-74.074966
1097769,106 Deli Inc.,Convenience Store,10531 Liberty Ave,Ozone Park,Queens,11417,QUEENS,NY,40.683086,-73.83522
1255288,New Mexican Fruits & Grocery,Grocery Store,1517 Westchester Ave,Bronx,Bronx,10472,BRONX,NY,40.828609,-73.879425
1495109,Neighborhood Grocery And Deli Corp.,Convenience Store,11523 14th Rd,College Point,Queens,11356,QUEENS,NY,40.784782,-73.851364
1264702,A & M Deli & Grill Inc 1,Convenience Store,13202 Jamaica Ave,Richmond Hill,Queens,11418,QUEENS,NY,40.702114,-73.820389
1325907,Dama Food Market Corp,Convenience Store,2303 Pitkin Ave,Brooklyn,Brooklyn,11207,KINGS,NY,40.673183,-73.887245
1326040,The Highbridge Deli And Grocery Llc,Grocery Store,1150 Anderson Ave,Bronx,Bronx,10452,BRONX,NY,40.83593,-73.924339
1102332,Davids Kosher Meat Store Inc,Other,9854 63rd Rd,Rego Park,Queens,11374,QUEENS,NY,40.732334,-73.857391
1633185,United Discount Hardware 1 Corp,Convenience Store,1530 University Ave,Bronx,Bronx,10452,BRONX,NY,40.845745,-73.921661
1297893,Patchen Gourmet Grill Corp,Convenience Store,139 Patchen Ave,Brooklyn,Brooklyn,11221,KINGS,NY,40.686829,-73.926704
1634528,Mott Havens Marketplace Inc,Convenience Store,441 Gerard Ave,Bronx,Bronx,10451,BRONX,NY,40.817432,-73.929939
1637627,Fernandez Produce Llc,Specialty Store,1915 Bartow Ave,Bronx,Bronx,10469,BRONX,NY,40.868408,-73.834404
1191567,3 Bros Deli & Grocery Ny Corp,Convenience Store,6409 Bay Pkwy,Brooklyn,Brooklyn,11204,KINGS,NY,40.61412,-73.980873
1128612,Grand Advance Trading Inc.,Other,123 Bowery,New York,Manhattan,10002,NEW YORK,NY,40.718159,-73.994781
1589239,Our Dream Deli Grocery LLC 1,Convenience Store,10842 Roosevelt Ave,Corona,Queens,11368,QUEENS,NY,40.751049,-73.857162
1325416,Jacob Gourmet Food 2 Corp,Convenience Store,108 Albany Ave,Brooklyn,Brooklyn,11213,KINGS,NY,40.676907,-73.938736
1325424,89 Ave Deli,Convenience Store,164-03 89th Ave,Jamaica,Queens,11432,QUEENS,NY,40.707588,-73.797028
1325522,Melys Grocery,Convenience Store,9606 43rd Ave,Corona,Queens,11368,QUEENS,NY,40.745647,-73.867844
1325622,Sweetnes Enterprises Inc.,Other,5414 New Utrecht Ave,Brooklyn,Brooklyn,11219,KINGS,NY,40.632053,-73.995392
1395590,18 Lucky Market Inc,Grocery Store,6802 18th Ave,Brooklyn,Brooklyn,11204,KINGS,NY,40.617378,-73.992149
1395602,Los Castillo Meat Grocery Deli Corp.,Grocery Store,4006 5th Ave,Brooklyn,Brooklyn,11232,KINGS,NY,40.650536,-74.0047
1395627,Wallabout Halal Poultry Vivero Corp,Specialty Store,366 Wallabout St,Brooklyn,Brooklyn,11206,KINGS,NY,40.701729,-73.948303
1395641,Deli & Buffet Inc,Convenience Store,32 Avenue O,Brooklyn,Brooklyn,11204,KINGS,NY,40.610081,-73.984077
1395664,RSJ Deli Grocery Corp,Grocery Store,109 E Tremont Ave,Bronx,Bronx,10453,BRONX,NY,40.850739,-73.907196
1166537,Rainbow Seafood Corp,Specialty Store,9102 Sutphin Blvd,Jamaica,Queens,11435,QUEENS,NY,40.701061,-73.808044
967777,Convenience Mart Corp,Grocery Store,410 City Island Ave,Bronx,Bronx,10464,BRONX,NY,40.849998,-73.787292
1188965,Anah Minimarket Corp,Grocery Store,382 Ralph Ave,Brooklyn,Brooklyn,11233,KINGS,NY,40.675766,-73.921974
1023402,New Way Deli & Lottery Corp,Convenience Store,77 E Kingsbridge Rd,Bronx,Bronx,10468,BRONX,NY,40.866814,-73.895447
1005487,Morenita Deli & Grocery Corp,Convenience Store,1274 Bronx River Ave,Bronx,Bronx,10472,BRONX,NY,40.830856,-73.881866
1193597,Productos Mexicanos El Cilantro,Grocery Store,4264 81st St,Elmhurst,Queens,11373,QUEENS,NY,40.741726,-73.884041
1397073,Backyard Farm Inc,Grocery Store,9401 63rd Dr,Rego Park,Queens,11374,QUEENS,NY,40.728817,-73.86335
1396026,80th St Deli & Grocery,Grocery Store,8001 Jamaica Ave,Woodhaven,Queens,11421,QUEENS,NY,40.692223,-73.862343
1396419,Yedeline Deli Grocery 2,Convenience Store,271 E 166th St,Bronx,Bronx,10456,BRONX,NY,40.830494,-73.915489
1396033,Jeffrey Deli Grocery Inc,Convenience Store,2149 Valentine Ave,Bronx,Bronx,10457,BRONX,NY,40.854214,-73.899429
1653049,Xiao Mao Market 136-16,Other,13616 41st Ave,Flushing,Queens,11355,QUEENS,NY,40.758629,-73.828796
1396839,Barakat Halal Market,Grocery Store,7309 Main St,Flushing,Queens,11367,QUEENS,NY,40.724468,-73.820412
1396916,Crown Heights Deli Grocery Inc,Convenience Store,117 Rogers Ave,Brooklyn,Brooklyn,11216,KINGS,NY,40.673439,-73.952805
1396921,Shopland Minimart Corp,Grocery Store,25 W Tremont Ave,Bronx,Bronx,10453,BRONX,NY,40.852009,-73.91124
1301197,Perla Pharmacy,Grocery Store,822 E Tremont Ave,Bronx,Bronx,10460,BRONX,NY,40.843365,-73.887146
1650782,Fresh Bitez Deli,Convenience Store,16633 Jamaica Ave,Jamaica,Queens,11432,QUEENS,NY,40.706406,-73.792831
1396201,N and P Gourmet Deli Corp,Convenience Store,866 Union Ave,Bronx,Bronx,10459,BRONX,NY,40.820686,-73.902588
1396269,Lucky Deli Grocery,Grocery Store,1200 Bay St,Staten Island,Staten Island,10305,RICHMOND,NY,40.613972,-74.066078
1396292,Mdg Grocery Inc,Grocery Store,185 Ross St,Brooklyn,Brooklyn,11211,KINGS,NY,40.706181,-73.959908
1396346,Rx-spress Pharmacy,Other,12307 Liberty Ave,South Richmond Hill,Queens,11419,QUEENS,NY,40.68755,-73.820854
1396365,Franklin MJK Corp - E & E Deli & Grocery,Convenience Store,9816 Corona Ave,Corona,Queens,11368,QUEENS,NY,40.744877,-73.864632
1628270,1902 Flavorz Taste,Convenience Store,1902 7th Ave,New York,Manhattan,10026,NEW YORK,NY,40.802689,-73.953102
1621693,Ventorrillo La Bahia Corp,Convenience Store,501 West 168th Street,New York,Manhattan,10032,NEW YORK,NY,40.840107,-73.937119
1273240,Benson Mini Market Inc.,Grocery Store,1653 Benson Ave,Brooklyn,Brooklyn,11214,KINGS,NY,40.607334,-74.007324
1627575,Bangla Bazar Supermarket Inc.,Grocery Store,1450 Saint Peters Ave,Bronx,Bronx,10461,BRONX,NY,40.839371,-73.845619
1413239,Mumcee African And Caribbean Market Inc,Grocery Store,3493 Boston Rd,Bronx,Bronx,10469,BRONX,NY,40.877041,-73.846832
1395774,54 Special Market Corp,Grocery Store,5401 Flatlands Ave,Brooklyn,Brooklyn,11234,KINGS,NY,40.628941,-73.923744
1395963,Jimmy's 3 Sons Natural Plus Corp,Convenience Store,6901 Fort Hamilton Pkwy,Brooklyn,Brooklyn,11228,KINGS,NY,40.628521,-74.012085
1302005,Merriam Food Center Corp,Grocery Store,1440 University Ave,Bronx,Bronx,10452,BRONX,NY,40.843616,-73.92437
1302108,J China Market Inc,Convenience Store,4809 69th St,Woodside,Queens,11377,QUEENS,NY,40.738003,-73.895874
1633438,La Esquina Melo Grocery Corp,Convenience Store,1356 Rockaway Pkwy,Brooklyn,Brooklyn,11236,KINGS,NY,40.646469,-73.903976
1396508,El Campito Fruits & Deli Inc,Grocery Store,332 Crescent St,Brooklyn,Brooklyn,11208,KINGS,NY,40.681019,-73.871414
1616286,M & M Deli & Grocery Inc. Vi,Convenience Store,589 Seneca Ave,Ridgewood,Queens,11385,QUEENS,NY,40.704281,-73.90995
1626753,Oogatz Deli Corp,Convenience Store,1336 Beach Channel Dr,Far Rockaway,Queens,11691,QUEENS,NY,40.606174,-73.754593
1371268,Boston Fish Market Corp,Specialty Store,3717 Boston Rd,Bronx,Bronx,10466,BRONX,NY,40.880432,-73.841003
1371309,La Mexicanisima,Grocery Store,1118 Castleton Ave,Staten Island,Staten Island,10310,RICHMOND,NY,40.634239,-74.119804
1031104,Santos Deli Grocery,Convenience Store,5612 Church Ave,Brooklyn,Brooklyn,11203,KINGS,NY,40.652412,-73.924156
1370011,New Utrecht Deli Corporation,Grocery Store,6902 New Utrecht Ave,Brooklyn,Brooklyn,11228,KINGS,NY,40.620476,-73.998779
1370092,Acosta Grocery Store Corp,Convenience Store,313 Wilson Ave,Brooklyn,Brooklyn,11237,KINGS,NY,40.696728,-73.918678
1370152,B M C B Deli Grocery Corp,Grocery Store,931 Castle Hill Ave,Bronx,Bronx,10473,BRONX,NY,40.826248,-73.849915
1370243,El Desecho Deli Grocery Corp,Convenience Store,1874 Fulton St,Brooklyn,Brooklyn,11233,KINGS,NY,40.678989,-73.924408
1370977,New Utica Fish Inc,Specialty Store,246 Utica Ave,Brooklyn,Brooklyn,11213,KINGS,NY,40.670147,-73.931137
1300145,Richmond Hill Live Poultry Inc.,Specialty Store,130-42 91st. Avenue,Richmond Hill,Queens,11418,QUEENS,NY,40.69865,-73.818832
1647287,Grab & Go Mini Mart,Other,527 Malcolm X Blvd,New York,Manhattan,10037,NEW YORK,NY,40.815159,-73.940254
1190385,Ahmed's Grocery & Halal Meat,Grocery Store,2150 Bath Ave,Brooklyn,Brooklyn,11214,KINGS,NY,40.598946,-73.997963
1303667,Queens Village Pharmacy Inc.,Convenience Store,21444 Hillside Ave,Queens Village,Queens,11427,QUEENS,NY,40.726765,-73.750092
1211963,No. 1 Calle 191 Pescaderia Inc. 1609,Specialty Store,1609 Saint Nicholas Ave,New York,Manhattan,10040,NEW YORK,NY,40.855263,-73.929619
1008379,Shining Star Deli Grocery Corp,Convenience Store,3489A Boston Rd,Bronx,Bronx,10469,BRONX,NY,40.877007,-73.846977
988706,JYJ Deli Grocery Corp,Grocery Store,968 E 165th St,Bronx,Bronx,10459,BRONX,NY,40.823872,-73.89444
1146237,Issowazena African Market,Grocery Store,1158 Southern Blvd,Bronx,Bronx,10459,BRONX,NY,40.827942,-73.891701
1205147,Super 77 Market Inc,Convenience Store,7704 New Utrecht Ave,Brooklyn,Brooklyn,11214,KINGS,NY,40.614071,-74.00061
998416,Sx Gourmet Corp 115,Convenience Store,115 Rivington St,New York,Manhattan,10002,NEW YORK,NY,40.719864,-73.98774
1274939,681 Deli Grocery Store no.1 Inc,Convenience Store,681 E 187th St,Bronx,Bronx,10458,BRONX,NY,40.854465,-73.885307
1150869,Newkirk Pharmacy Inc.,Convenience Store,1402 Newkirk Ave,Brooklyn,Brooklyn,11226,KINGS,NY,40.635117,-73.964104
1171449,Espinal Meat Market Corp,Grocery Store,1039 Ogden Ave,Bronx,Bronx,10452,BRONX,NY,40.834064,-73.928902
1569043,South Beach Deli Corp,Convenience Store,125 Olympia Blvd,Staten Island,Staten Island,10305,RICHMOND,NY,40.592407,-74.072838
1368881,White Plains Good Farm Inc,Grocery Store,3754 White Plains Rd,Bronx,Bronx,10467,BRONX,NY,40.883011,-73.862915
1370589,Paqueteria Tulcingo Diamante I I  Inc,Grocery Store,3480 Broadway,New York,Manhattan,10031,NEW YORK,NY,40.824688,-73.951576
1562588,J & J Super Market Corp.,Grocery Store,14726 Brookville Blvd,Rosedale,Queens,11422,QUEENS,NY,40.6567,-73.745087
1370737,Urban Natural Valley Market Inc,Grocery Store,1725 Broadway,Brooklyn,Brooklyn,11207,KINGS,NY,40.683308,-73.911156
1370744,Gausia Foods Inc.,Grocery Store,367 E 204th St,Bronx,Bronx,10467,BRONX,NY,40.87159,-73.877228
1370774,La Bodega 193 Inc.,Grocery Store,124 Fort George Ave,New York,Manhattan,10040,NEW YORK,NY,40.856819,-73.927887
989684,7-Eleven 39222A,Convenience Store,3417 Northern Blvd,Long Island City,Queens,11101,QUEENS,NY,40.752094,-73.929573
1328310,La Finquita 1 Corp.,Grocery Store,388 Ridgewood Ave,Brooklyn,Brooklyn,11208,KINGS,NY,40.684952,-73.874435
1328361,Express Deli Grocery Inc II,Convenience Store,3008 Glenwood Rd,Brooklyn,Brooklyn,11210,KINGS,NY,40.633911,-73.947334
1327597,Mi Bakery & Cafe Corp,Specialty Store,58A W 183rd St,Bronx,Bronx,10453,BRONX,NY,40.85902,-73.905991
1327638,Foster Convenience Store,Convenience Store,1703 Foster Ave,Brooklyn,Brooklyn,11230,KINGS,NY,40.635098,-73.961037
990555,Vida Elva Corp,Grocery Store,2002 Cross Bronx Expwy,Bronx,Bronx,10472,BRONX,NY,40.831764,-73.856712
1327658,Melody Market Inc,Convenience Store,3221 Junction Blvd,East Elmhurst,Queens,11369,QUEENS,NY,40.757984,-73.874252
1327726,Phill Deli Grocery Corp,Convenience Store,22026 Merrick Blvd,Laurelton,Queens,11413,QUEENS,NY,40.678673,-73.748398
1327812,Canarsie Grocery Inc,Convenience Store,1214 Remsen Ave,Brooklyn,Brooklyn,11236,KINGS,NY,40.6399,-73.905853
1328607,Kuan Sing Grocery Inc,Grocery Store,5606 8th Ave,Brooklyn,Brooklyn,11220,KINGS,NY,40.637596,-74.007393
1328617,68 Sutphin Deli And Grill Inc,Other,8768 Sutphin Blvd,Jamaica,Queens,11435,QUEENS,NY,40.705231,-73.809502
1328682,7 Eleven Store 36478A,Convenience Store,111 John St,New York,Manhattan,10038,NEW YORK,NY,40.707703,-74.005653
1328719,Perfect Deli Inc,Convenience Store,148 E 103rd St,New York,Manhattan,10029,NEW YORK,NY,40.790215,-73.94754
1328075,Sunny Star Grocery Inc,Grocery Store,5519 5th Ave,Brooklyn,Brooklyn,11220,KINGS,NY,40.641827,-74.013542
1328102,Papa 99 Cents Inc N/A,Grocery Store,2474 Grand Concourse,Bronx,Bronx,10458,BRONX,NY,40.861687,-73.897316
1328147,Moronta's Grocery & Deli Corp,Grocery Store,2020 Pitman Ave,Bronx,Bronx,10466,BRONX,NY,40.896751,-73.844398
1302762,Luna Grocery Corp,Grocery Store,264 Sherman Ave,New York,Manhattan,10034,NEW YORK,NY,40.866421,-73.918373
1302921,7955 Ae Company Inc,Other,135-08 Roosevelt Ave,Flushing,Queens,11354,QUEENS,NY,40.759014,-73.831657
1328188,New King Fish Inc,Specialty Store,1315 Fulton St,Brooklyn,Brooklyn,11216,KINGS,NY,40.680473,-73.948738
1328203,Kiary Deli Grocery Corp,Convenience Store,1881 Grand Concourse,Bronx,Bronx,10453,BRONX,NY,40.848843,-73.906799
1327227,Ikraveit Foods Market Corp,Grocery Store,3402 30th St,Astoria,Queens,11106,QUEENS,NY,40.759987,-73.928253
1327553,Dollar Tree 7523,Other,137-20 Cross Bay Blvd,Ozone Park,Queens,11417,QUEENS,NY,40.670998,-73.843063
989634,Speedway 7873,Convenience Store,833 4th Ave,Brooklyn,Brooklyn,11232,KINGS,NY,40.657368,-74.001129
989638,Speedway 7836,Convenience Store,2400 Flatbush Ave,Brooklyn,Brooklyn,11234,KINGS,NY,40.611305,-73.924942
989644,Speedway 7829,Convenience Store,1620 Neptune Ave,Brooklyn,Brooklyn,11224,KINGS,NY,40.578659,-73.98465
1641554,Noor Halal Supermarket,Convenience Store,13838 84th Dr,Jamaica,Queens,11435,QUEENS,NY,40.709023,-73.818176
1305073,Alper Grocery Inc,Grocery Store,71 Lafayette Ave,Staten Island,Staten Island,10301,RICHMOND,NY,40.643051,-74.095329
1305486,Simply Pinoy Mart Inc.,Grocery Store,214 Avenue A,New York,Manhattan,10009,NEW YORK,NY,40.729897,-73.98056
1304178,Fresh Jenny's Farm Inc,Grocery Store,8322 5th Ave,Brooklyn,Brooklyn,11209,KINGS,NY,40.623116,-74.025421
1252844,149 Gourmet Deli Inc,Grocery Store,781 Saint Nicholas Ave,New York,Manhattan,10031,NEW YORK,NY,40.82682,-73.943184
1253151,198 Bainbridge Deli & Grocery Corp,Convenience Store,2839 Bainbridge Ave,Bronx,Bronx,10458,BRONX,NY,40.868629,-73.888206
1254382,Indulge Grill Gourmet Inc.,Convenience Store,5304 4th Ave,Brooklyn,Brooklyn,11220,KINGS,NY,40.644787,-74.014633
1252139,Fruit And  Vegetable Sinai,Grocery Store,4227 18th Ave,Brooklyn,Brooklyn,11218,KINGS,NY,40.631432,-73.975616
1253601,Family Dollar 11815,Other,741 Ralph Ave,Brooklyn,Brooklyn,11212,KINGS,NY,40.664558,-73.922073
1303413,Lele Highclass Healthy Products USA Inc,Other,4113 Kissena Blvd,Flushing,Queens,11355,QUEENS,NY,40.758316,-73.828926
1303549,Dollar Tree 7224,Other,600 E 138th St,Bronx,Bronx,10454,BRONX,NY,40.806129,-73.915932
1360595,Columbia Deli Inc,Convenience Store,1290 Amsterdam Ave,New York,Manhattan,10027,NEW YORK,NY,40.811737,-73.957497
1360661,Soho Grocery Grill Corp,Convenience Store,37 James St,New York,Manhattan,10038,NEW YORK,NY,40.712017,-73.99881
1360694,Not Just Bagel Store & Grocery Inc,Convenience Store,5913 New Utrecht Ave,Brooklyn,Brooklyn,11219,KINGS,NY,40.627903,-73.996323
1360812,1537 Grocery Corp,Grocery Store,1537 Bruckner Blvd,Bronx,Bronx,10472,BRONX,NY,40.824017,-73.877426
1604962,Nuthin' Left Deli,Convenience Store,5202 92nd St,Elmhurst,Queens,11373,QUEENS,NY,40.739258,-73.871277
1656421,American Halal Markets 2,Grocery Store,8721 18th Ave,Brooklyn,Brooklyn,11214,KINGS,NY,40.604797,-74.005028
1624847,Danna Deli Grocery Corp,Convenience Store,6801 79th St,Middle Village,Queens,11379,QUEENS,NY,40.711056,-73.873322
1397289,Liam Deli Grocery Ny Corp,Convenience Store,892 Dekalb Ave,Brooklyn,Brooklyn,11221,KINGS,NY,40.692616,-73.940262
1664775,J & R Super Deli Grocery Corp,Grocery Store,1292 Washington Ave,Bronx,Bronx,10456,BRONX,NY,40.832909,-73.905838
1397342,Grape Food Corp,Convenience Store,548 Nostrand Ave,Brooklyn,Brooklyn,11216,KINGS,NY,40.679939,-73.949699
1647870,Deli Kings Grill & Mini Mart,Convenience Store,12848 150th St,Jamaica,Queens,11436,QUEENS,NY,40.669968,-73.789001
1553520,Queens Star Mini Market Corp,Convenience Store,719 Seneca Ave,Ridgewood,Queens,11385,QUEENS,NY,40.702526,-73.90699
1329328,Aaa Poultry Corp 1,Specialty Store,10628 157th St,Jamaica,Queens,11433,QUEENS,NY,40.697475,-73.797539
1329332,New Mei Mini Market Inc,Convenience Store,1693 86th St,Brooklyn,Brooklyn,11214,KINGS,NY,40.608753,-74.005028
1359610,111 Deli & Grill Corp,Convenience Store,11052 Sutphin Blvd,Jamaica,Queens,11435,QUEENS,NY,40.68874,-73.795692
1359786,Hady Fruits & Vegetables,Specialty Store,261 Graves St,Staten Island,Staten Island,10314,RICHMOND,NY,40.599075,-74.128937
1359824,El Guano Deli Grocery Llc,Convenience Store,81 W 162nd St,Bronx,Bronx,10452,BRONX,NY,40.831329,-73.928856
1359945,Utica Big Fruits & Vegetables Inc,Grocery Store,348 Utica Ave,Brooklyn,Brooklyn,11213,KINGS,NY,40.666183,-73.93145
1397745,NY Riverside Gourmet Deli Inc,Convenience Store,837 11th Ave,New York,Manhattan,10019,NEW YORK,NY,40.770123,-73.99157
1575876,Argyle Pharmacy Inc,Convenience Store,1211 Foster Ave,Brooklyn,Brooklyn,11230,KINGS,NY,40.633133,-73.96537
1360487,Pill Box Rx Llc,Convenience Store,11042 Flatlands Ave,Brooklyn,Brooklyn,11207,KINGS,NY,40.649506,-73.888832
1360501,John's Family Fish Market Corp,Specialty Store,184 Avenue U,Brooklyn,Brooklyn,11223,KINGS,NY,40.596519,-73.977219
1397582,Blue Dolphin Fish Market Llc,Specialty Store,17202 Linden Blvd,Jamaica,Queens,11434,QUEENS,NY,40.691807,-73.778015
1656165,R & A Meat Market Llc,Specialty Store,3818 E Tremont Ave,Bronx,Bronx,10465,BRONX,NY,40.824673,-73.82058
1359376,63 Eb Mkt Inc,Specialty Store,63 E Broadway,New York,Manhattan,10002,NEW YORK,NY,40.713535,-73.995102
1665310,Candy & Grocery Food Corp,Convenience Store,9721 Roosevelt Ave,Corona,Queens,11368,QUEENS,NY,40.749474,-73.867722
1587353,1408 Happy Deli Corp,Convenience Store,1408 Saint Nicholas Ave,New York,Manhattan,10033,NEW YORK,NY,40.848892,-73.933823
1576087,Sals Finest Deli Inc.,Convenience Store,3103 3rd Ave,Bronx,Bronx,10451,BRONX,NY,40.821754,-73.912186
1398344,7-Eleven Store 38310H,Convenience Store,82 Greenwich St,New York,Manhattan,10006,NEW YORK,NY,40.707737,-74.013779
1398380,Whole Green Market Inc,Grocery Store,9201 63rd Dr,Rego Park,Queens,11374,QUEENS,NY,40.727539,-73.864182
1024461,J.M. Deli Grocery Corp/New York Deli Grocery,Grocery Store,7301 88th St,Glendale,Queens,11385,QUEENS,NY,40.708885,-73.863312
1371594,Firehouse Deli And Grill Inc,Grocery Store,177 Wilson Ave,Brooklyn,Brooklyn,11237,KINGS,NY,40.699718,-73.923943
1371674,Nida's Grocery Store Inc.,Convenience Store,1501 8th Ave,Brooklyn,Brooklyn,11215,KINGS,NY,40.662006,-73.982147
1637996,Healthy Dekalb Market,Convenience Store,80 Dekalb Ave,Brooklyn,Brooklyn,11201,KINGS,NY,40.689751,-73.979942
1373795,Marea Fish Market Inc.,Specialty Store,5219 Broadway,Bronx,Bronx,10463,BRONX,NY,40.875019,-73.909508
1631770,Metro Foodcenter Corp,Convenience Store,259 Vandervoort Ave,Brooklyn,Brooklyn,11211,KINGS,NY,40.71455,-73.933701
1122933,Food Gourmet Deli-Grocery Inc,Convenience Store,570 W 189th St,New York,Manhattan,10040,NEW YORK,NY,40.853951,-73.929306
1350506,New Saba Deli & Grocery Inc.,Convenience Store,382 Myrtle Ave,Brooklyn,Brooklyn,11205,KINGS,NY,40.693062,-73.970673
1350047,Mothers Grocery & Deli Llc,Grocery Store,3019 Webster Ave,Bronx,Bronx,10458,BRONX,NY,40.868668,-73.88166
1584124,Bo Luo Mi Inc.,Other,4120 Main St,Flushing,Queens,11355,QUEENS,NY,40.757622,-73.829391
1574472,Bay Gourmet Deli & Juice Bar Inc,Convenience Store,1725 Sheepshead Bay Rd,Brooklyn,Brooklyn,11235,KINGS,NY,40.585289,-73.951309
1350123,7 Eleven Store 27690,Convenience Store,25402 Hillside Ave,Glen Oaks,Queens,11004,QUEENS,NY,40.736244,-73.713257
1323218,Your Friendly Food Corp,Grocery Store,9025 43rd Ave,Elmhurst,Queens,11373,QUEENS,NY,40.743263,-73.875053
1350422,7 Eleven Store 35823b,Convenience Store,1239 2nd Ave,New York,Manhattan,10065,NEW YORK,NY,40.764336,-73.961693
1373485,Morningside Meat Market Llc,Specialty Store,2060 2nd Ave,New York,Manhattan,10029,NEW YORK,NY,40.790432,-73.942535
1373572,Yedeline Deli & Grocery Corp,Convenience Store,3601 Bainbridge Ave,Bronx,Bronx,10467,BRONX,NY,40.884731,-73.87764
1373574,La Gaviota Deli Grocery,Convenience Store,565 E 188th St,Bronx,Bronx,10458,BRONX,NY,40.857086,-73.887848
1350517,P & T Market Ny Inc.,Other,31 Market St,New York,Manhattan,10002,NEW YORK,NY,40.712593,-73.994438
1371366,M T Deli Grocery Inc,Convenience Store,245 Howard Ave,Brooklyn,Brooklyn,11233,KINGS,NY,40.679462,-73.919174
1349634,Pio Pio Live Poultry 1 Inc 1,Specialty Store,332 Linden St,Brooklyn,Brooklyn,11237,KINGS,NY,40.699097,-73.913719
1349672,Jerome Outlet Llc 0,Convenience Store,1370 Jerome Ave,Bronx,Bronx,10452,BRONX,NY,40.839828,-73.917961
1349673,Albanian Market & Deli Corp,Grocery Store,2009 Williamsbridge Rd,Bronx,Bronx,10461,BRONX,NY,40.854454,-73.854927
1349703,Jiahe Grocery Inc,Grocery Store,4605 8th Ave,Brooklyn,Brooklyn,11220,KINGS,NY,40.643108,-74.001427
1349725,Concord Market Corp,Convenience Store,91 Tillary St,Brooklyn,Brooklyn,11201,KINGS,NY,40.696373,-73.98732
1349759,Fordham Deli Corp 2,Convenience Store,2573 Webster Ave,Bronx,Bronx,10458,BRONX,NY,40.862663,-73.890381
1323340,Cjp Supermarket Corp,Grocery Store,210 Nagle Ave,New York,Manhattan,10034,NEW YORK,NY,40.862324,-73.922928
1570352,Park Pl Gourmet Deli Corp,Convenience Store,539 Park Pl,Brooklyn,Brooklyn,11238,KINGS,NY,40.675026,-73.96019
1372191,Red Bowl Wonton Corp 112,Other,158 Hester St,New York,Manhattan,10013,NEW YORK,NY,40.717739,-73.996841
1372229,Emely Deli Grocery Corp,Grocery Store,550 E 187th St,Bronx,Bronx,10458,BRONX,NY,40.856213,-73.889076
1372311,Superstar 1 Deli & Grocery Corp,Other,2801 White Plains Rd,Bronx,Bronx,10467,BRONX,NY,40.866684,-73.867508
1371740,Dollar Tree 7595,Other,2612 Pitkin Ave,Brooklyn,Brooklyn,11208,KINGS,NY,40.674839,-73.875618
1371862,Young Fish 110 Market Inc,Specialty Store,2004 3rd Ave,New York,Manhattan,10029,NEW YORK,NY,40.794258,-73.942749
1371899,South King Deli & Grocery Corp.,Convenience Store,13122 140th St,Jamaica,Queens,11436,QUEENS,NY,40.670013,-73.798904
1256429,Chabelita S Place Corp,Convenience Store,3240 Fulton St,Brooklyn,Brooklyn,11208,KINGS,NY,40.682625,-73.875641
1378006,912 Jairo Deli Grocery Corp.,Convenience Store,912 Soundview Ave,Bronx,Bronx,10473,BRONX,NY,40.823269,-73.86808
1377742,C.C. Deli-grocery,Convenience Store,13869 Francis Lewis Blvd,Rosedale,Queens,11422,QUEENS,NY,40.667343,-73.736984
1378031,Nut House 2,Grocery Store,1703 Kings Hwy,Brooklyn,Brooklyn,11229,KINGS,NY,40.609673,-73.956253
1378093,La Fuente Food Center Inc,Grocery Store,111 E Burnside Ave,Bronx,Bronx,10453,BRONX,NY,40.85297,-73.905098
1377770,New Shing Hing Corp,Specialty Store,141 Mott St,New York,Manhattan,10013,NEW YORK,NY,40.718658,-73.996674
983122,First Stop Grocery I Inc.,Grocery Store,3185 Fulton St,Brooklyn,Brooklyn,11208,KINGS,NY,40.682297,-73.877388
1072982,APM Fruit & Vegtables Inc,Grocery Store,874 Nostrand Ave,Brooklyn,Brooklyn,11225,KINGS,NY,40.668259,-73.950798
1223600,72 St Grocery Inc,Convenience Store,7206 13th Ave,Brooklyn,Brooklyn,11228,KINGS,NY,40.621872,-74.005821
1628062,Deli & Montse Inc,Grocery Store,110 Avenue N,Brooklyn,Brooklyn,11230,KINGS,NY,40.613964,-73.973541
1377847,Late Night 357 Inc,Convenience Store,357 Graham Ave,Brooklyn,Brooklyn,11211,KINGS,NY,40.715115,-73.944641
1377864,Briyana  Organics Deli Corp 0,Grocery Store,1229 Bedford Ave,Brooklyn,Brooklyn,11216,KINGS,NY,40.681149,-73.95343
1306418,Stephanie Deli Grocery NY Corp,Convenience Store,614 Myrtle Ave,Brooklyn,Brooklyn,11205,KINGS,NY,40.694073,-73.959625
1558069,Dylan Market And Deli Corp,Convenience Store,276 Humboldt St,Brooklyn,Brooklyn,11206,KINGS,NY,40.711205,-73.942009
1337883,East Village Finest Deli Corp.,Convenience Store,240 E 4th St,New York,Manhattan,10009,NEW YORK,NY,40.723289,-73.98278
1377479,7 Eleven Store 39226A,Convenience Store,866 6th Ave,New York,Manhattan,10001,NEW YORK,NY,40.747643,-73.989311
1377562,State Express Deli Corp,Convenience Store,68 Bond St,Brooklyn,Brooklyn,11217,KINGS,NY,40.687698,-73.98436
1377573,Maimon Mariscos Inc 1356,Specialty Store,1356 Saint Nicholas Ave,New York,Manhattan,10033,NEW YORK,NY,40.847111,-73.93512
1571857,Fusioncare Pharmacy Inc.,Convenience Store,18723 Hillside Ave,Jamaica,Queens,11432,QUEENS,NY,40.714985,-73.77491
1151990,Zaara Convenience  Deli & Grocery Inc,Grocery Store,78-20 101st Avenue,Ozone Park,Queens,11416,QUEENS,NY,40.680393,-73.85952
1574444,Abu Musa Deli & Grill Corp,Convenience Store,114-02 Merrick Blvd,Jamaica,Queens,11434,QUEENS,NY,40.691498,-73.779305
1098389,De Luxe Deli Corp,Grocery Store,3359 Baychester Ave,Bronx,Bronx,10469,BRONX,NY,40.87904,-73.837769
1146283,Smith  Street Grocery & Convenience,Convenience Store,2 2nd St,Brooklyn,Brooklyn,11231,KINGS,NY,40.679306,-73.995361
1562880,5 Estrellas Bakery Cafe Corp,Specialty Store,3451 Broadway,New York,Manhattan,10031,NEW YORK,NY,40.82375,-73.952744
1107797,Bronx River Live Poultry Inc,Specialty Store,1307 Bronx River Ave,Bronx,Bronx,10472,BRONX,NY,40.831585,-73.881752
1108520,A & G Deli Grocery Corp,Grocery Store,931 Fox St,Bronx,Bronx,10459,BRONX,NY,40.820728,-73.893997
1199637,Arlington Deli & Grill Corp,Convenience Store,383 Arlington Ave,Brooklyn,Brooklyn,11208,KINGS,NY,40.681499,-73.880363
1378506,Glat Kosher Market Inc N/A,Grocery Store,6549 99th St,Rego Park,Queens,11374,QUEENS,NY,40.728764,-73.855042
1255465,180 Bus Stop Deli Inc,Convenience Store,702 E 180th St,Bronx,Bronx,10457,BRONX,NY,40.84803,-73.888695
1306735,Prestige Gourmet Deli Corp,Convenience Store,362 Marcus Garvey Blvd,Brooklyn,Brooklyn,11221,KINGS,NY,40.684738,-73.93853
1306998,Al-salem Halal Meat,Specialty Store,7412 37th Rd,Jackson Heights,Queens,11372,QUEENS,NY,40.747227,-73.890945
1308166,Liriano Deli Corp,Grocery Store,361 S 4th St,Brooklyn,Brooklyn,11211,KINGS,NY,40.708557,-73.953468
1399211,1 New Way Deli Corp,Convenience Store,1159 Blake Ave,Brooklyn,Brooklyn,11208,KINGS,NY,40.670849,-73.874542
1618083,Chopcheese Deli 1 Corp,Convenience Store,4234 Broadway,New York,Manhattan,10033,NEW YORK,NY,40.849312,-73.936409
1362351,Y & R Farm Inc.,Grocery Store,1033 Rutland Rd,Brooklyn,Brooklyn,11212,KINGS,NY,40.663239,-73.925552
1362489,L & T Discount Spot Corp.,Convenience Store,488 E 163rd St,Bronx,Bronx,10451,BRONX,NY,40.824467,-73.91024
1361554,Friends Gourmet Deli Inc,Convenience Store,1788 Pitkin Ave,Brooklyn,Brooklyn,11212,KINGS,NY,40.670147,-73.907082
1195951,5th Ave Candy & Grocery Inc,Convenience Store,439 5th Ave,Brooklyn,Brooklyn,11215,KINGS,NY,40.669376,-73.986092
1398920,Brooklyn Poultry Inc,Specialty Store,39 Saint Nicholas Ave,Brooklyn,Brooklyn,11237,KINGS,NY,40.70734,-73.921097
1350731,Food Expo,Grocery Store,299 Heyward St,Brooklyn,Brooklyn,11206,KINGS,NY,40.705318,-73.95076
1399489,Life Savers Deli Corp,Convenience Store,302 Willis Ave,Bronx,Bronx,10454,BRONX,NY,40.810429,-73.921692
1399497,Healthy Organic Foods & Deli Inc,Grocery Store,1797 1st Ave,New York,Manhattan,10128,NEW YORK,NY,40.781811,-73.945992
1630605,Lucky 7 Deli & Grill Inc,Convenience Store,22401 Merrick Blvd,Laurelton,Queens,11413,QUEENS,NY,40.677998,-73.745209
1399507,Silver Moon Deli Inc,Grocery Store,3840 Broadway,New York,Manhattan,10032,NEW YORK,NY,40.83596,-73.943146
1622888,Very Berry Deli Corp,Convenience Store,601 Beach 20th St,Far Rockaway,Queens,11691,QUEENS,NY,40.600842,-73.753845
1350797,47 Division Street Trading Inc.,Specialty Store,47 Division St,New York,Manhattan,10002,NEW YORK,NY,40.714119,-73.995277
1399543,Caribbean Meat Market Inc.,Grocery Store,1016 Rutland Rd,Brooklyn,Brooklyn,11212,KINGS,NY,40.662868,-73.925819
1350822,Sea & Sea Lbf Llc,Specialty Store,310 Saint Nicholas Ave,New York,Manhattan,10027,NEW YORK,NY,40.811028,-73.952354
1399600,Peace And Love Deli Market Corp,Grocery Store,950 Longwood Ave,Bronx,Bronx,10459,BRONX,NY,40.817501,-73.898537
1569682,Saba Grocery Store Corp,Convenience Store,3430 Broadway,New York,Manhattan,10031,NEW YORK,NY,40.822891,-73.952705
1399796,Visionary Food Corp,Grocery Store,1077 White Plains Rd,Bronx,Bronx,10472,BRONX,NY,40.828281,-73.860657
1641005,Afrofresh Halal Market Corp.,Convenience Store,523 Targee St,Staten Island,Staten Island,10304,RICHMOND,NY,40.614475,-74.084587
1647320,Speedway 7832,Convenience Store,21928 Hillside Ave,Queens Village,Queens,11427,QUEENS,NY,40.729691,-73.744102
1567707,Jerome Express Convenience Corporation,Convenience Store,2130 Jerome Ave,Bronx,Bronx,10453,BRONX,NY,40.855648,-73.905472
814418,Boston Road Gas Inc. N/A,Convenience Store,2475 Boston Rd,Bronx,Bronx,10467,BRONX,NY,40.862926,-73.866257
1362146,7 Eleven Store 32120B,Convenience Store,14952 14th Ave,Whitestone,Queens,11357,QUEENS,NY,40.788712,-73.814247
1559456,Burke Ave Stop & Shop Corp,Convenience Store,786 Burke Ave,Bronx,Bronx,10467,BRONX,NY,40.871078,-73.863663
1360952,Mansory Candy Store Corp,Convenience Store,529 Marcy Ave,Brooklyn,Brooklyn,11206,KINGS,NY,40.697186,-73.949547
1360976,La Favorita Food Corp,Convenience Store,392 E 201st St,Bronx,Bronx,10458,BRONX,NY,40.868633,-73.882088
1360982,Omale New York Grocery Corp,Grocery Store,2172 Crotona Ave,Bronx,Bronx,10457,BRONX,NY,40.850147,-73.886589
1602277,Last Stop Deli,Convenience Store,10006 4th Ave,Brooklyn,Brooklyn,11209,KINGS,NY,40.612671,-74.034035
1361020,Yunior Deli & Grocery Inc.,Convenience Store,4523 6th Ave,Brooklyn,Brooklyn,11220,KINGS,NY,40.646072,-74.005684
1361036,Yankel Deli Grocery Corp,Grocery Store,266 E 143rd St,Bronx,Bronx,10451,BRONX,NY,40.815056,-73.924622
1361131,Kaff Bakery Inc.,Convenience Store,1906 Avenue M,Brooklyn,Brooklyn,11230,KINGS,NY,40.618347,-73.955917
1468330,Tortilleria Oaxaca Ii Inc,Convenience Store,57 Victory Blvd,Staten Island,Staten Island,10301,RICHMOND,NY,40.63813,-74.077675
1351689,S & D Corona Deli Inc,Convenience Store,9614 Corona Ave,Corona,Queens,11368,QUEENS,NY,40.742256,-73.867012
1351697,Carniceria Stop 1 Corp.,Grocery Store,9329 Jamaica Ave,Woodhaven,Queens,11421,QUEENS,NY,40.694145,-73.851196
1351735,162 Jamaica Deli Inc.,Grocery Store,8974 162nd St,Jamaica,Queens,11432,QUEENS,NY,40.70491,-73.798119
1153838,Lucky Star Discount &99 Cent Inc 930,Convenience Store,930 E 174th St,Bronx,Bronx,10460,BRONX,NY,40.837166,-73.887207
1351798,1818 Fishmarket Inc,Specialty Store,1818 Church Ave,Brooklyn,Brooklyn,11226,KINGS,NY,40.649609,-73.962563
1351800,S&k Warbasse Pharmacy,Other,499 Neptune Ave,Brooklyn,Brooklyn,11224,KINGS,NY,40.579929,-73.971733
1595083,Fulton Spot,Convenience Store,2819 Fulton St,Brooklyn,Brooklyn,11207,KINGS,NY,40.67831,-73.890526
1374586,El Ventorrillo Fruits Inc,Grocery Store,10211 Jamaica Ave,Richmond Hill,Queens,11418,QUEENS,NY,40.69519,-73.844826
1599259,Rosner,Specialty Store,807 Avenue U,Brooklyn,Brooklyn,11223,KINGS,NY,40.598267,-73.962761
1598590,5 Star Graham Corp,Convenience Store,168 Graham Ave,Brooklyn,Brooklyn,11206,KINGS,NY,40.707497,-73.943062
1350904,Family Dollar 12296,Other,13340 79th St,Howard Beach,Queens,11414,QUEENS,NY,40.672012,-73.856956
1601845,K&a Brothers Corner Inc,Convenience Store,87 Central Ave,Brooklyn,Brooklyn,11206,KINGS,NY,40.700737,-73.929581
1564963,FM Grocery & Candy Corp,Convenience Store,131 W Kingsbridge Rd,Bronx,Bronx,10468,BRONX,NY,40.869167,-73.902893
1602940,945 Five Star Deli Grill Grocery Corp,Convenience Store,945 Broadway,Brooklyn,Brooklyn,11206,KINGS,NY,40.696968,-73.935089
1374648,G & G Italian Meat Market Inc,Grocery Store,1365 Forest Ave,Staten Island,Staten Island,10302,RICHMOND,NY,40.625683,-74.134911
1373935,Blanco Market & Deli Corp,Convenience Store,701 W 180th St,New York,Manhattan,10033,NEW YORK,NY,40.849602,-73.936615
1374690,D' Mi Muneca Grocery Corp,Convenience Store,592 Trinity Ave,Bronx,Bronx,10455,BRONX,NY,40.813957,-73.90979
1600064,27 & 7 Deli Grocery Inc.,Convenience Store,20419 Hollis Ave,Saint Albans,Queens,11412,QUEENS,NY,40.707008,-73.753258
1351013,The Prime Cut,Specialty Store,431 Avenue U,Brooklyn,Brooklyn,11223,KINGS,NY,40.597672,-73.968155
1351161,88 Lucky Grocery Inc,Grocery Store,1714 86th St,Brooklyn,Brooklyn,11214,KINGS,NY,40.608311,-74.004448
1351180,Q & Y Inc,Grocery Store,122 Avenue S,Brooklyn,Brooklyn,11223,KINGS,NY,40.600742,-73.981071
1351181,New True Blue Deli Grocery Corp,Convenience Store,2741 Frederick Douglass Blvd,New York,Manhattan,10039,NEW YORK,NY,40.82362,-73.941383
1600878,108th Discount 2 Corp,Convenience Store,5308 108th St,Corona,Queens,11368,QUEENS,NY,40.742393,-73.854652
1602113,Afro Caribbean Market LLC,Grocery Store,9607 57th Avenue,Corona,Queens,11368,QUEENS,NY,40.737114,-73.864677
1351299,New Seneca Garden,Convenience Store,601 Seneca Ave,Ridgewood,Queens,11385,QUEENS,NY,40.704144,-73.909828
1351337,Dollar Tree 7254,Other,350 Junius St,Brooklyn,Brooklyn,11212,KINGS,NY,40.666119,-73.90213
1374401,Polish European American Deli Me,Grocery Store,1214 Forest Ave,Staten Island,Staten Island,10310,RICHMOND,NY,40.626282,-74.130318
1374564,Hermanos Troncoso Deli Grocery Corp,Grocery Store,765 E 175th St,Bronx,Bronx,10460,BRONX,NY,40.841667,-73.891228
1351536,Gourmet Revolution Inc,Grocery Store,2090 7th Ave,New York,Manhattan,10027,NEW YORK,NY,40.808723,-73.9487
1351613,Mas Wholesale Holdings Llc,Other,2201 59th St,Brooklyn,Brooklyn,11204,KINGS,NY,40.617142,-73.97757
1378968,CVS Pharmacy 11132,Other,196 Orchard St,New York,Manhattan,10002,NEW YORK,NY,40.722313,-73.988045
1379627,East 11th Street Deli,Grocery Store,528 E 11th St,New York,Manhattan,10009,NEW YORK,NY,40.727783,-73.980461
1311124,Super Stop Deli And Grocery Corp,Convenience Store,211 E Tremont Ave,Bronx,Bronx,10457,BRONX,NY,40.849266,-73.905228
1640160,EZ Pass Halal Gourmet Deli Corp,Convenience Store,688 E 187th St,Bronx,Bronx,10458,BRONX,NY,40.854118,-73.884766
1647134,Speedway 7816,Convenience Store,8007 Cypress Ave,Glendale,Queens,11385,QUEENS,NY,40.694115,-73.896545
1311235,C M Seafood Inc,Other,5802 8th Ave,Brooklyn,Brooklyn,11220,KINGS,NY,40.636635,-74.008591
1379813,Jc New Deli & Grocery Corp,Convenience Store,4802 108th St,Corona,Queens,11368,QUEENS,NY,40.745762,-73.856461
1311333,Fulton Finest Deli Corp,Convenience Store,887 Fulton St,Brooklyn,Brooklyn,11238,KINGS,NY,40.683777,-73.967682
1609933,Moe Gourmet Shop Deli & Grill Inc.,Convenience Store,610 Castle Hill Ave,Bronx,Bronx,10473,BRONX,NY,40.819431,-73.847748
1379345,Island Grocery Spice Rack,Grocery Store,1791 Victory Blvd,Staten Island,Staten Island,10314,RICHMOND,NY,40.61306,-74.12323
1378975,CVS Pharmacy 10933,Other,1 SoHo Sq,New York,Manhattan,10013,NEW YORK,NY,40.725723,-74.004196
1378980,CVS Pharmacy 11059,Other,1619 Broadway,New York,Manhattan,10019,NEW YORK,NY,40.76104,-73.984352
1379204,Flushing Live Poultry Llc,Specialty Store,13157 Fowler Ave,Flushing,Queens,11355,QUEENS,NY,40.751862,-73.832924
1400130,Blas Minimarket Corp,Convenience Store,1697 E New York Ave,Brooklyn,Brooklyn,11212,KINGS,NY,40.67469,-73.905563
1259384,Dollar Tree 7038,Other,2145 Hylan Blvd,Staten Island,Staten Island,10306,RICHMOND,NY,40.578243,-74.102066
1458038,R & R Foods Corp 1,Convenience Store,457 Myrtle Ave,Brooklyn,Brooklyn,11205,KINGS,NY,40.693432,-73.967232
1260150,Mis Amigos,Grocery Store,11104 Northern Blvd,Corona,Queens,11368,QUEENS,NY,40.757923,-73.858299
1257728,San Francisco Deli Grocery,Convenience Store,22201 Linden Blvd,Cambria Heights,Queens,11411,QUEENS,NY,40.694538,-73.738091
1457864,Vegan Deli Grocery Inc,Convenience Store,1650 3rd Ave,New York,Manhattan,10128,NEW YORK,NY,40.78299,-73.951347
1457871,Delancey's Gourmet Deli,Convenience Store,50 Delancey St,New York,Manhattan,10002,NEW YORK,NY,40.719753,-73.991356
1399967,Bocker Pharmacy & Food Mart Inc,Convenience Store,390 Knickerbocker Ave,Brooklyn,Brooklyn,11237,KINGS,NY,40.7001,-73.920647
1458109,CVS Pharmacy CVS11237,Other,358 5th Avenue,New York,Manhattan,10001,NEW YORK,NY,40.748714,-73.98481
1458197,Cambria Meat & Seafood Market Llc,Grocery Store,22926 Linden Blvd,Cambria Heights,Queens,11411,QUEENS,NY,40.692551,-73.732063
1458214,Delicious Market Deli And Grill Corp,Convenience Store,685 Gates Ave,Brooklyn,Brooklyn,11221,KINGS,NY,40.687614,-73.939507
1458338,Jj&max Inc,Other,9406 Sutphin Blvd,Jamaica,Queens,11435,QUEENS,NY,40.698902,-73.806915
1458547,Ca Deli & Grill Corp,Convenience Store,219 Saint Nicholas Ave,Brooklyn,Brooklyn,11237,KINGS,NY,40.703495,-73.914307
1640929,Jobu Grocery Corp,Grocery Store,1405 Townsend Ave,Bronx,Bronx,10452,BRONX,NY,40.840149,-73.916748
1384740,Formaggio Essex,Other,88 Essex St,New York,Manhattan,10002,NEW YORK,NY,40.71772,-73.988449
1459653,Church Discount Store Inc.,Convenience Store,4302 Church Ave,Brooklyn,Brooklyn,11203,KINGS,NY,40.651215,-73.936729
1626377,Sabi Trading Inc,Convenience Store,1343A Ogden Ave,Bronx,Bronx,10452,BRONX,NY,40.841034,-73.92527
1623433,KRK Bendicion Deli Grocery Corp,Convenience Store,1721 E 174th St,Bronx,Bronx,10472,BRONX,NY,40.834797,-73.870804
1384876,Fleet Organic Market Inc,Grocery Store,81 Fleet Pl,Brooklyn,Brooklyn,11201,KINGS,NY,40.693264,-73.981689
1363490,Brighton Beach International Food Inc,Other,219 Brighton Beach Ave,Brooklyn,Brooklyn,11235,KINGS,NY,40.576565,-73.966476
1091476,Ceylon Express,Convenience Store,8801 182nd Pl,Hollis,Queens,11423,QUEENS,NY,40.713375,-73.779526
1363500,Kiwi Grocery 2 Corp,Convenience Store,490 Atkins Ave,Brooklyn,Brooklyn,11208,KINGS,NY,40.666752,-73.876381
1363509,Bahaga African Market,Grocery Store,1734 Townsend Ave,Bronx,Bronx,10453,BRONX,NY,40.847111,-73.911484
1459684,Small Mommi African Market,Grocery Store,583 Sutter Ave,Brooklyn,Brooklyn,11207,KINGS,NY,40.669235,-73.89743
1568441,Al Moshki Corp.,Convenience Store,1404 Madison Ave,New York,Manhattan,10029,NEW YORK,NY,40.788185,-73.953651
1362575,HyDeli,Convenience Store,1990C Hylan Blvd,Staten Island,Staten Island,10306,RICHMOND,NY,40.581337,-74.098221
1362577,Harman Food Market Corp,Convenience Store,1711 Harman St,Ridgewood,Queens,11385,QUEENS,NY,40.70491,-73.914024
1362659,Three Star Candy Store,Convenience Store,1673 Metropolitan Ave,Bronx,Bronx,10462,BRONX,NY,40.840569,-73.855385
1363591,J & D Deli Grocery Ny Corp,Convenience Store,448 Herzl St,Brooklyn,Brooklyn,11212,KINGS,NY,40.658897,-73.912888
1311800,Shlomi Glat Kosher Meat Inc,Grocery Store,2382 Coney Island Ave,Brooklyn,Brooklyn,11223,KINGS,NY,40.59893,-73.961433
1382625,Ken Shin Trading Inc,Other,133 Mott St,New York,Manhattan,10013,NEW YORK,NY,40.718391,-73.996811
1363171,Oj Valerio Deli Grocery Inc.,Convenience Store,1331 Webster Ave,Bronx,Bronx,10456,BRONX,NY,40.834755,-73.908455
1363303,Polo Euro Market Inc.,Grocery Store,207 Beach 116th St,Rockaway Park,Queens,11694,QUEENS,NY,40.579952,-73.837494
1363365,Mike Deli & Grill Corp,Convenience Store,200 Graham Ave,Brooklyn,Brooklyn,11206,KINGS,NY,40.708691,-73.94326
1363693,Jamaica King Deli Corp,Convenience Store,21829 Jamaica Ave,Queens Village,Queens,11428,QUEENS,NY,40.718273,-73.736305
1384370,6119 Cstore Inc - 7 Eleven 34139C,Convenience Store,6119 Northern Blvd,Woodside,Queens,11377,QUEENS,NY,40.754204,-73.900681
1632898,1609 Flavor Taste Corp,Convenience Store,1609 Westchester Ave,Bronx,Bronx,10472,BRONX,NY,40.829533,-73.875053
1363705,Wing Long Trading Inc 135,Specialty Store,135 Mott St,New York,Manhattan,10013,NEW YORK,NY,40.718472,-73.996773
1363483,New 7 Seafood Plaza Inc,Specialty Store,223 Saint Anns Ave,Bronx,Bronx,10454,BRONX,NY,40.807213,-73.917259
1384387,Lucky Candy & Grocery,Convenience Store,918 Freeman St,Bronx,Bronx,10459,BRONX,NY,40.830128,-73.892143
1384067,56 Fresh Market Corp/Antillana Meat Market,Grocery Store,490 W 207th St,New York,Manhattan,10034,NEW YORK,NY,40.864357,-73.918724
1600685,7 Eleven Store # 27167b,Convenience Store,2800 Coney Island Ave,Brooklyn,Brooklyn,11235,KINGS,NY,40.588223,-73.960838
1601317,J M Grocery Store,Grocery Store,4170 Main St,Flushing,Queens,11355,QUEENS,NY,40.756145,-73.828789
1362783,Santo Domingo Grocery Corp,Convenience Store,602 W 180th St,New York,Manhattan,10033,NEW YORK,NY,40.848679,-73.934593
1384490,Jey Six Mini Market Llc,Grocery Store,21240 Jamaica Ave,Queens Village,Queens,11428,QUEENS,NY,40.715897,-73.745857
1646056,Speedway 7828,Convenience Store,12903 N Conduit Ave,South Ozone Park,Queens,11420,QUEENS,NY,40.667416,-73.81057
1363760,Green Product Market Inc,Grocery Store,5706 8th Ave,Brooklyn,Brooklyn,11220,KINGS,NY,40.637108,-74.008095
1383814,Lorengou Enterprises Inc,Grocery Store,10819 Liberty Ave,South Richmond Hill,Queens,11419,QUEENS,NY,40.684185,-73.832878
1363006,C & V Deli Grocery Corp,Convenience Store,1668 Zerega Ave,Bronx,Bronx,10462,BRONX,NY,40.839767,-73.850952
1363908,Long Xing Trading Corp,Grocery Store,6501A Bay Pkwy,Brooklyn,Brooklyn,11204,KINGS,NY,40.613586,-73.981438
1363924,R Stop 1 Supermarket Inc,Grocery Store,11101 43rd Ave,Corona,Queens,11368,QUEENS,NY,40.749638,-73.854668
1578926,Smokey Grill Inc.,Convenience Store,1977 Ralph Ave,Brooklyn,Brooklyn,11234,KINGS,NY,40.629177,-73.917549
1386038,Z & H Mini Market,Grocery Store,1427 Nostrand Ave,Brooklyn,Brooklyn,11226,KINGS,NY,40.651428,-73.949478
1386067,Alive Herbals Ii Corp 1,Grocery Store,95 Halsey St,Brooklyn,Brooklyn,11216,KINGS,NY,40.681953,-73.94973
1586417,356 Express Sullivan Food Corp,Convenience Store,209 Sullivan Pl,Brooklyn,Brooklyn,11225,KINGS,NY,40.664619,-73.954071
1385289,35 Bus Stop Deli Corp,Other,899 E 169th St,Bronx,Bronx,10459,BRONX,NY,40.82848,-73.895592
1262394,Agogo African Trading Corp,Other,1347 Edward L Grant Hwy,Bronx,Bronx,10452,BRONX,NY,40.840069,-73.921448
1386142,Williamsburg Deli Grocery Corp,Convenience Store,153 Havemeyer St,Brooklyn,Brooklyn,11211,KINGS,NY,40.711514,-73.957542
1630307,Moe's 1 Deli & Grocery Corp.,Convenience Store,1272 Morris Ave,Bronx,Bronx,10456,BRONX,NY,40.834938,-73.912941
1260610,Dollar Tree 5191,Other,925 Hunts Point Ave,Bronx,Bronx,10459,BRONX,NY,40.820461,-73.891289
1260783,Cousins Meats & Fish Llc,Other,1443 Webster Ave,Bronx,Bronx,10456,BRONX,NY,40.837612,-73.906609
1261273,Garden Basket Market Corp,Grocery Store,354 Lewis Ave,Brooklyn,Brooklyn,11233,KINGS,NY,40.683365,-73.935165
1261362,Nelly Mini Market Corp,Grocery Store,1055 University Ave,Bronx,Bronx,10452,BRONX,NY,40.834602,-73.930336
1261683,Super Deal Dollar Inc,Convenience Store,1560 Westchester Ave,Bronx,Bronx,10472,BRONX,NY,40.828651,-73.877022
1261868,Voorhies Health Pharmacy Inc,Convenience Store,2309 Voorhies Ave,Brooklyn,Brooklyn,11235,KINGS,NY,40.586639,-73.945526
1385529,Us Bangla Grocery Inc,Grocery Store,1424 Newkirk Ave,Brooklyn,Brooklyn,11226,KINGS,NY,40.635403,-73.963509
1570534,Morelos Deli & Fruit Corp,Convenience Store,6 Cebra Ave,Staten Island,Staten Island,10301,RICHMOND,NY,40.634293,-74.086479
1575644,Frutas Y  Abarrotes Hm LLC,Grocery Store,54A Victory Blvd,Staten Island,Staten Island,10301,RICHMOND,NY,40.638203,-74.078491
1385721,Union Deli & Grill Inc,Convenience Store,301 Utica Ave,Brooklyn,Brooklyn,11213,KINGS,NY,40.66766,-73.931206
1456104,Tortilleria La Malinche Corp.,Grocery Store,4202 5th Ave,Brooklyn,Brooklyn,11232,KINGS,NY,40.649635,-74.005981
1263678,Walgreens 15160,Other,655 Rossville Ave,Staten Island,Staten Island,10309,RICHMOND,NY,40.542645,-74.208313
1384959,Charo Food Corp,Grocery Store,237 E 194th St,Bronx,Bronx,10458,BRONX,NY,40.865108,-73.89286
1586153,Healthy Deluxe,Grocery Store,14 Delancey St,New York,Manhattan,10002,NEW YORK,NY,40.720291,-73.993149
1567980,Amira Bazar Inc.,Convenience Store,611 Brighton Beach Ave,Brooklyn,Brooklyn,11235,KINGS,NY,40.577854,-73.961121
1387339,New Way Mini Market Inc,Grocery Store,696 5th Avenue,Brooklyn,Brooklyn,11215,KINGS,NY,40.661125,-73.993683
1266288,Family Dollar 11381,Other,113-22 Rockaway Beach Blvd,Rockaway Park,Queens,11694,QUEENS,NY,40.580509,-73.834846
1263935,Tavares Meat Market Corp,Grocery Store,2972 Fulton St,Brooklyn,Brooklyn,11208,KINGS,NY,40.679722,-73.885048
1387790,Peach Pit,Grocery Store,1719 Crosby Ave,Bronx,Bronx,10461,BRONX,NY,40.845779,-73.831512
1625532,Sunset Market And Deli Corp.,Convenience Store,4421 6th Ave,Brooklyn,Brooklyn,11220,KINGS,NY,40.646679,-74.004898
1387873,Al-amin Halal Fish Meat And Groceries Corp,Grocery Store,218 E Burnside Ave,Bronx,Bronx,10457,BRONX,NY,40.851902,-73.903
1387903,Far Rockaway Halal Live Poultry Inc,Specialty Store,1406 Augustina Ave,Far Rockaway,Queens,11691,QUEENS,NY,40.606796,-73.751297
1264728,Madina Trading Corp,Grocery Store,270 E 165th St,Bronx,Bronx,10456,BRONX,NY,40.829056,-73.915817
1265223,Blake Food Mart Inc,Convenience Store,1159 Blake Ave,Brooklyn,Brooklyn,11208,KINGS,NY,40.67083,-73.874626
1592864,Tanya Food Inc.,Convenience Store,14305 45th Ave,Flushing,Queens,11355,QUEENS,NY,40.754028,-73.818314
1386911,Kiszka Corp,Grocery Store,5656 61st St,Maspeth,Queens,11378,QUEENS,NY,40.723511,-73.904495
1386945,Mach Bazar LLC,Grocery Store,7108 35th Ave,Jackson Heights,Queens,11372,QUEENS,NY,40.750717,-73.8946
1386491,Broadway Grocery Store Inc.,Other,8321 Broadway,Elmhurst,Queens,11373,QUEENS,NY,40.740829,-73.879295
1579227,A G Meat Llc/Tommy's Meat Market,Grocery Store,9604 Church Ave,Brooklyn,Brooklyn,11212,KINGS,NY,40.655724,-73.915176
1551607,Big Corner Deli Grocery Inc,Convenience Store,2314 Strauss St,Brooklyn,Brooklyn,11212,KINGS,NY,40.657223,-73.913521
1266310,Family Dollar 11561,Other,392 Jersey St,Staten Island,Staten Island,10301,RICHMOND,NY,40.638817,-74.08754
1428328,Nirvana & Pratigya Corp,Convenience Store,4503 Queens Blvd,Sunnyside,Queens,11104,QUEENS,NY,40.743519,-73.919312
1428442,O.K. Supermarket,Grocery Store,6802 14th Ave,Brooklyn,Brooklyn,11219,KINGS,NY,40.62281,-74.00145
1630303,Pitkin Bites Deli & Grocery Inc.,Convenience Store,2178 Pitkin Ave,Brooklyn,Brooklyn,11207,KINGS,NY,40.672348,-73.891937
1641309,Bread & Butter Mini Market Corp,Convenience Store,1118 Pennsylvania Ave,Brooklyn,Brooklyn,11207,KINGS,NY,40.653149,-73.88681
1428512,M B Brooklyn Grocery Inc,Grocery Store,140 Empire Blvd,Brooklyn,Brooklyn,11225,KINGS,NY,40.66325,-73.957649
1364238,Throgs Neck Petro Llc 7,Convenience Store,4147 Throggs Neck Expy,Bronx,Bronx,10465,BRONX,NY,40.81987,-73.810081
1576770,New 382 Farmers Deli Inc.,Convenience Store,382 8th Ave,New York,Manhattan,10001,NEW YORK,NY,40.749096,-73.995522
1388036,CVS Pharmacy 11226,Other,387 Park Ave South,New York,Manhattan,10016,NEW YORK,NY,40.742828,-73.984222
1427969,Dream Gourmet Deli Inc,Convenience Store,111 E 161st St,Bronx,Bronx,10451,BRONX,NY,40.827473,-73.924034
1427995,Nomi Deli & Grocery Inc. N/A,Convenience Store,119-14 Jamaica Avenue,Richmond Hill,Queens,11418,QUEENS,NY,40.700001,-73.830414
1427997,Mercedes House Market Corp,Grocery Store,550 W 54th St,New York,Manhattan,10019,NEW YORK,NY,40.76767,-73.991402
1428078,Fresh Fruit Market Inc,Convenience Store,313 Malcolm X Blvd,Brooklyn,Brooklyn,11233,KINGS,NY,40.681122,-73.928566
1460602,Get Smart 99 C & Up Corp,Other,2669 Broadway,New York,Manhattan,10025,NEW YORK,NY,40.798466,-73.969574
1459969,Jasmine Grocery Inc,Convenience Store,317 Alexander Ave,Bronx,Bronx,10454,BRONX,NY,40.811993,-73.92408
1460651,R&b Polish-american Deli,Grocery Store,544 86th St,Brooklyn,Brooklyn,11209,KINGS,NY,40.620411,-74.024979
1460680,Minigrocery National Corp,Grocery Store,4222 National St,Corona,Queens,11368,QUEENS,NY,40.747383,-73.863625
1460709,534 Grant Grocery Inc.,Grocery Store,534 Grant Ave,Brooklyn,Brooklyn,11208,KINGS,NY,40.677677,-73.866028
1460724,Dona Mary Corp.,Grocery Store,550 E 187th St,Bronx,Bronx,10458,BRONX,NY,40.856213,-73.889076
1460757,Los Bravos Fruit Market Llc,Grocery Store,14 Bedford Park Blvd E,Bronx,Bronx,10468,BRONX,NY,40.872929,-73.889183
1460895,Raed Food Corp,Convenience Store,158 Van Buren St,Brooklyn,Brooklyn,11221,KINGS,NY,40.690372,-73.939682
1427598,Win 4 Life Deli & Grocery Inc,Convenience Store,2745 Ocean Ave,Brooklyn,Brooklyn,11229,KINGS,NY,40.594379,-73.950249
1427655,Niki 160 Inc - Oscar Deli And Grocery,Convenience Store,16002 43rd Ave,Flushing,Queens,11358,QUEENS,NY,40.758781,-73.805931
1427686,King West Deli Inc,Convenience Store,62 Manhattan Ave,New York,Manhattan,10025,NEW YORK,NY,40.796551,-73.962822
1460323,Brighton Express Mart Corp,Grocery Store,102 Westervelt Ave,Staten Island,Staten Island,10301,RICHMOND,NY,40.645115,-74.085793
1460031,4 Brothers Food Corp,Convenience Store,631 Nostrand Ave,Brooklyn,Brooklyn,11216,KINGS,NY,40.675465,-73.949745
1388088,J & G Gourmet Deli Corp,Convenience Store,232 Meserole St,Brooklyn,Brooklyn,11206,KINGS,NY,40.708374,-73.939636
1460964,34 New York Finest Deli Corp,Convenience Store,920 4th Ave,Brooklyn,Brooklyn,11232,KINGS,NY,40.655518,-74.003624
1427002,Factura Meat Market Corp,Grocery Store,380 Etna St,Brooklyn,Brooklyn,11208,KINGS,NY,40.687691,-73.86972
1570193,Chayanne Deli Grocery Corp.,Convenience Store,351 E 198th St,Bronx,Bronx,10458,BRONX,NY,40.867218,-73.886757
1461028,Vasquez Deli & Grocery Corp,Grocery Store,8619 91st Ave,Woodhaven,Queens,11421,QUEENS,NY,40.68811,-73.856361
1586917,I & C Deli Mini Market Corp,Grocery Store,531 E 183rd St,Bronx,Bronx,10458,BRONX,NY,40.85461,-73.891571
1461075,Faso African Market,Grocery Store,953A Westchester Ave,Bronx,Bronx,10459,BRONX,NY,40.822487,-73.896263
1461102,Happy Land Deli Corp,Convenience Store,189 Utica Ave,Brooklyn,Brooklyn,11213,KINGS,NY,40.672253,-73.930649
1461113,Division Food Market Corp,Grocery Store,71 Division Ave,Brooklyn,Brooklyn,11249,KINGS,NY,40.707371,-73.966164
1461129,Jabar Southside Deli Inc,Grocery Store,11601 Sutphin Blvd,Jamaica,Queens,11434,QUEENS,NY,40.682507,-73.792511
1460170,Brighton Gourmet Deli Inc.,Convenience Store,606 Brighton Beach Ave,Brooklyn,Brooklyn,11235,KINGS,NY,40.577503,-73.961166
1427494,Little Neck Supermarket Inc,Grocery Store,254-45 Horace Harding Expy,Little Neck,Queens,11362,QUEENS,NY,40.763981,-73.726646
1460501,Cinto Associates Llc,Grocery Store,1950 Cross Bronx Expy,Bronx,Bronx,10472,BRONX,NY,40.832298,-73.858536
1427506,Besa Meat And Grocery,Grocery Store,2902 Middletown Rd,Bronx,Bronx,10461,BRONX,NY,40.84341,-73.832703
1460511,Trm Food Llc,Grocery Store,97 Catherine St,New York,Manhattan,10038,NEW YORK,NY,40.710892,-73.996002
1460204,Bfk Grocery Corp,Convenience Store,546 Midwood St,Brooklyn,Brooklyn,11203,KINGS,NY,40.660538,-73.942284
1460211,Asian Grocery And Halal Meat Corp,Grocery Store,1086 Coney Island Ave,Brooklyn,Brooklyn,11230,KINGS,NY,40.631195,-73.966652
1427521,Dollar Deals Stores Inc,Convenience Store,1404 Rockaway Pkwy,Brooklyn,Brooklyn,11236,KINGS,NY,40.645561,-73.902977
1460259,Asian Supermarket Nyc Inc,Grocery Store,1322 Newkirk Ave,Brooklyn,Brooklyn,11230,KINGS,NY,40.634804,-73.964371
1364697,Intervale Deli Food Corp,Grocery Store,1006 Intervale Ave,Bronx,Bronx,10459,BRONX,NY,40.82338,-73.896835
1353614,Sk Sea World Inc,Other,5812A Glenwood Rd,Brooklyn,Brooklyn,11234,KINGS,NY,40.633587,-73.920059
1364348,Mi Tierra Fruit Market Corp,Grocery Store,702 E 187th St,Bronx,Bronx,10458,BRONX,NY,40.85397,-73.884254
1364489,Amy Grocery Minimarket Inc,Grocery Store,5724 5th Ave,Brooklyn,Brooklyn,11220,KINGS,NY,40.640732,-74.014908
1364505,Canaan Deli Corp,Grocery Store,191 York St,Brooklyn,Brooklyn,11201,KINGS,NY,40.701488,-73.983177
1364597,Classon Deli Gourmet Corp,Convenience Store,502 Prospect Pl,Brooklyn,Brooklyn,11238,KINGS,NY,40.675755,-73.959915
1364603,Bao Sheng Market Inc.,Other,5514 8th Ave,Brooklyn,Brooklyn,11220,KINGS,NY,40.638031,-74.006943
1364608,Tasty Corner,Convenience Store,900 E Gun Hill Rd,Bronx,Bronx,10469,BRONX,NY,40.875195,-73.86039
1352871,2184 Havemeyer Corp.,Grocery Store,181A Havemeyer St,Brooklyn,Brooklyn,11211,KINGS,NY,40.710651,-73.958008
1352609,Elimar Grocery & Bakery Corp,Grocery Store,129 E 110th St,New York,Manhattan,10029,NEW YORK,NY,40.795063,-73.944984
1352614,Rangel 99 Plus,Convenience Store,159-10 Harlem River Dr,New York,Manhattan,10039,NEW YORK,NY,40.832272,-73.935638
1503829,Urban Juice Bar & Grill 1 Corp,Convenience Store,1091 Rutland Rd,Brooklyn,Brooklyn,11212,KINGS,NY,40.664608,-73.923653
1352966,8111 Flat Inc,Grocery Store,8111 Flatlands Ave,Brooklyn,Brooklyn,11236,KINGS,NY,40.636318,-73.912354
1365151,219 Jamaica Fish Market Inc. STORE,Specialty Store,21917 Jamaica Ave,Queens Village,Queens,11428,QUEENS,NY,40.718433,-73.735542
1352662,705 Brighton Beach Corp,Grocery Store,705 Brighton Beach Ave,Brooklyn,Brooklyn,11235,KINGS,NY,40.577919,-73.960312
1352791,7 Eleven Store 27105C,Convenience Store,5820 Francis Lewis Blvd,Oakland Gardens,Queens,11364,QUEENS,NY,40.744835,-73.776573
1352818,Avenue B Grocery Corp,Convenience Store,9010 Avenue B,Brooklyn,Brooklyn,11236,KINGS,NY,40.649639,-73.915901
1352823,Boston Rd Meat Market Produce Corp,Other,1667 Boston Rd,Bronx,Bronx,10460,BRONX,NY,40.8363,-73.889641
1365821,Sesame Boro Park Inc,Other,5024 13th Ave,Brooklyn,Brooklyn,11219,KINGS,NY,40.634357,-73.992935
1353063,Moses Deli Grocery Inc,Convenience Store,3438 Boston Rd,Bronx,Bronx,10469,BRONX,NY,40.87608,-73.849174
1353146,Manhattan Hut Bazat Inc,Grocery Store,165 E 106th St,New York,Manhattan,10029,NEW YORK,NY,40.791866,-73.945305
1352178,Tambo Deli & Grocery Corp,Grocery Store,774 Lydig Ave,Bronx,Bronx,10462,BRONX,NY,40.854412,-73.864693
1352193,Rokhat Bakery Inc,Specialty Store,6543 Austin St,Rego Park,Queens,11374,QUEENS,NY,40.72583,-73.859444
1352201,59 Bayard Market Inc 1,Other,59 Bayard St,New York,Manhattan,10013,NEW YORK,NY,40.715336,-73.997887
1352206,Zahyaan Halal Meat & West Indian Groceries Inc,Grocery Store,8993 217th St,Queens Village,Queens,11427,QUEENS,NY,40.725323,-73.74456
1352220,Isara Mexican Taqueria Llc,Grocery Store,500B W 146th St,New York,Manhattan,10031,NEW YORK,NY,40.825871,-73.947212
1352253,Hamberry's Food Market,Convenience Store,801 Cross Bay Blvd,Broad Channel,Queens,11693,QUEENS,NY,40.607075,-73.819649
1365345,88 Fresh Vegetable Market Inc.,Other,4501 8th Ave,Brooklyn,Brooklyn,11220,KINGS,NY,40.643764,-74.000755
1566192,To The Mood Deli Inc.,Convenience Store,41 New Lots Ave,Brooklyn,Brooklyn,11212,KINGS,NY,40.657341,-73.903496
1365379,460 El Patio Deli Grocery Corp.,Convenience Store,460 E 138th St,Bronx,Bronx,10454,BRONX,NY,40.808273,-73.920967
1390247,Uncle Richies Deli,Convenience Store,6730 11th Ave,Brooklyn,Brooklyn,11219,KINGS,NY,40.626972,-74.007881
1390413,El Aguila Food Corp,Convenience Store,248 Nagle Ave,New York,Manhattan,10034,NEW YORK,NY,40.863331,-73.920517
1390448,Yummy Foods Center Corp,Convenience Store,2240 7th Ave,New York,Manhattan,10027,NEW YORK,NY,40.813362,-73.945313
1388166,Sugar Hill Fish Place Llc,Other,346 W 145th St,New York,Manhattan,10039,NEW YORK,NY,40.823776,-73.944191
1268713,3770 Fish Market Inc,Specialty Store,3770 White Plains Rd,Bronx,Bronx,10467,BRONX,NY,40.883457,-73.86277
1268951,Ashley & J Food Corp.,Convenience Store,1000 E. Gun Hill Road,Bronx,Bronx,10467,BRONX,NY,40.878559,-73.871185
1269246,Ez Market Inc.,Grocery Store,5711 6th Ave,Brooklyn,Brooklyn,11220,KINGS,NY,40.639549,-74.012451
1270101,136 Deli Grocery Corp,Convenience Store,13609 Farmers Blvd,Jamaica,Queens,11434,QUEENS,NY,40.674564,-73.763649
1269630,Antillana Fresh Meat Market,Grocery Store,1025 Westchester Ave,Bronx,Bronx,10459,BRONX,NY,40.824055,-73.893211
1268101,Kar Wor Tong Inc,Grocery Store,13530 Roosevelt Avenue,Flushing,Queens,11354,QUEENS,NY,40.759243,-73.830978
1268499,2272 Webster Deli Grocery Corp,Convenience Store,2272 Webster Ave,Bronx,Bronx,10457,BRONX,NY,40.856022,-73.895706
1390536,Lucky Deli And Meat Corp,Convenience Store,523 E 137th St,Bronx,Bronx,10454,BRONX,NY,40.806637,-73.919113
1389928,Si Beach Corp,Grocery Store,643 Oceanside Ave,Staten Island,Staten Island,10305,RICHMOND,NY,40.579151,-74.078835
1389620,Sam Deli Grocery Market Corp,Convenience Store,928 Tinton Ave,Bronx,Bronx,10456,BRONX,NY,40.822418,-73.903229
1388330,Trio Food Market 1,Grocery Store,443 Kings Hwy,Brooklyn,Brooklyn,11223,KINGS,NY,40.604355,-73.973587
1461294,Gun Hill Gourmet Corp,Convenience Store,234 E Gun Hill Rd,Bronx,Bronx,10467,BRONX,NY,40.880032,-73.876656
1627038,Prince Grocery Store Corp,Convenience Store,237 E 203rd St,Bronx,Bronx,10458,BRONX,NY,40.87373,-73.885216
1389719,Natural Valley Market Ii Corp,Grocery Store,182 Ralph Ave,Brooklyn,Brooklyn,11233,KINGS,NY,40.683624,-73.922882
1461346,Debevoise Discount Store Inc.,Other,28 Debevoise St,Brooklyn,Brooklyn,11206,KINGS,NY,40.701614,-73.941582
1461427,Hot Family Deli Corp,Convenience Store,2006 2nd Ave,New York,Manhattan,10029,NEW YORK,NY,40.788872,-73.94339
1329965,G Mart Inc.,Grocery Store,5703 Roosevelt Ave,Woodside,Queens,11377,QUEENS,NY,40.745377,-73.907417
1330032,Rivera Deli Corp,Grocery Store,4301 White Plains Rd,Bronx,Bronx,10466,BRONX,NY,40.895752,-73.856293
1330210,7-Eleven 35987B,Convenience Store,10740 Queens Blvd,Forest Hills,Queens,11375,QUEENS,NY,40.721462,-73.844849
1330710,Tonys Meats Retail Inc,Grocery Store,1054 Nostrand Ave,Brooklyn,Brooklyn,11225,KINGS,NY,40.662518,-73.950836
1592812,Dwendy Deli Grocery Corp,Grocery Store,3872 Broadway,New York,Manhattan,10032,NEW YORK,NY,40.836952,-73.942444
1330735,Ey Sales Corp,Grocery Store,5921 20th Ave,Brooklyn,Brooklyn,11204,KINGS,NY,40.619507,-73.982697
1331617,Mahbeer Convenience Inc,Convenience Store,2321 65th St,Brooklyn,Brooklyn,11204,KINGS,NY,40.612282,-73.978516
1462101,Griffin's Deli,Convenience Store,400 E Gun Hill Rd,Bronx,Bronx,10467,BRONX,NY,40.878368,-73.871384
1569399,Joe M Minimarket Inc,Grocery Store,3149 Broadway,New York,Manhattan,10027,NEW YORK,NY,40.814365,-73.959595
1564799,273 Convenience Corp,Convenience Store,273 W 131st St,New York,Manhattan,10027,NEW YORK,NY,40.813942,-73.948067
1330765,Jama Deli Grocery Corp,Grocery Store,1225 Ogden Ave,Bronx,Bronx,10452,BRONX,NY,40.838295,-73.926483
1571798,Golden Treasure,Other,2067 86th St,Brooklyn,Brooklyn,11214,KINGS,NY,40.603725,-73.996468
1461497,Sally Gourmet Deli Corp,Grocery Store,3550 White Plains Rd,Bronx,Bronx,10467,BRONX,NY,40.878223,-73.865395
1461502,Nostrand Express Gourmet Inc I,Convenience Store,2184 Nostrand Ave,Brooklyn,Brooklyn,11210,KINGS,NY,40.631756,-73.947853
1331203,Vasquez Deli Grocery,Convenience Store,1959 Clinton Ave,Bronx,Bronx,10457,BRONX,NY,40.844879,-73.890213
1461527,78 Deli And Grill Corp,Convenience Store,7821 Atlantic Ave,Woodhaven,Queens,11421,QUEENS,NY,40.684566,-73.861855
1462141,El Colmadito Grocery Deli Corp,Convenience Store,280 Saint Anns Ave,Bronx,Bronx,10454,BRONX,NY,40.80764,-73.916588
1461544,7 Star Seafood Market Inc,Specialty Store,1706 Church Ave,Brooklyn,Brooklyn,11226,KINGS,NY,40.649048,-73.963608
1462173,Pou Kou Halal Food Corp,Grocery Store,585 Tinton Ave,Bronx,Bronx,10455,BRONX,NY,40.81366,-73.906105
1330802,Wing Fat Company Inc,Grocery Store,5718 8th Ave,Brooklyn,Brooklyn,11220,KINGS,NY,40.636894,-74.008324
1330816,Freddys  On M Inc,Grocery Store,1502 Elm Ave,Brooklyn,Brooklyn,11230,KINGS,NY,40.617775,-73.959824
1461579,Guang Ming Grocery Inc,Grocery Store,4920 8th Ave,Brooklyn,Brooklyn,11220,KINGS,NY,40.641373,-74.003662
1575110,Junctions Nuevo Amanecer Deli Corp,Convenience Store,3443 Junction Blvd,Jackson Heights,Queens,11372,QUEENS,NY,40.753803,-73.871834
1462484,La Tiendita Fruits & Vegetable Corp,Convenience Store,3914 9th Ave,Brooklyn,Brooklyn,11232,KINGS,NY,40.64576,-73.995628
1461905,Mani Marketplace Inc,Grocery Store,697 Columbus Ave,New York,Manhattan,10025,NEW YORK,NY,40.791088,-73.968407
1461638,Himyar Deli & Grocery Corp.,Convenience Store,1601 Westchester Ave,Bronx,Bronx,10472,BRONX,NY,40.82935,-73.875694
1461928,Ave J Grill Zone Corp.,Convenience Store,1504 Avenue J,Brooklyn,Brooklyn,11230,KINGS,NY,40.625092,-73.961159
1574448,N & M S Brooklyn Deli Inc,Convenience Store,2423 Mermaid Ave,Brooklyn,Brooklyn,11224,KINGS,NY,40.57597,-73.991936
1584044,House Of Glatt,Specialty Store,385 Kingston Ave,Brooklyn,Brooklyn,11225,KINGS,NY,40.665714,-73.942398
1461964,Garcia Produce,Specialty Store,1175 E 229th St,Bronx,Bronx,10466,BRONX,NY,40.885994,-73.843628
1461673,Yummie Caribbean Wholesale,Grocery Store,11112 Farmers Blvd,Saint Albans,Queens,11412,QUEENS,NY,40.701588,-73.76548
1461698,Lajkonik,Grocery Store,7722 18th Ave,Brooklyn,Brooklyn,11214,KINGS,NY,40.611889,-73.997894
1461995,Ai Fresh Inc,Grocery Store,6513 20th Ave,Brooklyn,Brooklyn,11204,KINGS,NY,40.616112,-73.986092
1461726,Plaza San Jeronimo,Grocery Store,465 Port Richmond Ave,Staten Island,Staten Island,10302,RICHMOND,NY,40.631073,-74.138771
1331459,J & C Grace Corp,Grocery Store,3439 Boston Rd,Bronx,Bronx,10469,BRONX,NY,40.876122,-73.84922
1461742,Community Green Market,Grocery Store,2228 White Plains Rd,Bronx,Bronx,10467,BRONX,NY,40.858402,-73.867226
1429422,Sma Deli Grocery Corp,Grocery Store,2487 Eastchester Rd,Bronx,Bronx,10469,BRONX,NY,40.862579,-73.843636
1429491,Bronx M & E Deli Grocery Corp,Convenience Store,732 E 187th St,Bronx,Bronx,10458,BRONX,NY,40.85363,-73.883125
1429496,Green Park Gourmet Deli Inc No,Convenience Store,264 Tompkins Ave,Brooklyn,Brooklyn,11216,KINGS,NY,40.688889,-73.945152
1272247,Mr Deli & Grill Llc,Convenience Store,1185 Dekalb Ave,Brooklyn,Brooklyn,11221,KINGS,NY,40.695087,-73.928703
1380403,Silver Star Pharmacy Inc - Michael's Pharmacy,Convenience Store,531 E 7th St,Brooklyn,Brooklyn,11218,KINGS,NY,40.638786,-73.971779
1356556,King Central Deli Inc,Grocery Store,468 Central Ave,Brooklyn,Brooklyn,11221,KINGS,NY,40.692204,-73.914894
1356577,172 Mini Mart Inc,Convenience Store,17201 Baisley Blvd,Jamaica,Queens,11434,QUEENS,NY,40.681801,-73.77198
1356599,Fresh Food Choice Corp,Grocery Store,2715 Mermaid Ave,Brooklyn,Brooklyn,11224,KINGS,NY,40.575771,-73.993744
1356627,Amaya Green Deli Corp,Grocery Store,219 E Burnside Ave,Bronx,Bronx,10457,BRONX,NY,40.852001,-73.902824
1355952,Taha Deli & Grill Inc,Convenience Store,8010 Flatlands Ave,Brooklyn,Brooklyn,11236,KINGS,NY,40.635715,-73.912842
1356170,812 Corp,Grocery Store,812 Franklin Ave,Brooklyn,Brooklyn,11225,KINGS,NY,40.670128,-73.958206
1356198,Serenity Deli & Grocery Inc,Convenience Store,6818 11th Ave,Brooklyn,Brooklyn,11219,KINGS,NY,40.626472,-74.008217
1429113,West Mocha Deli & Grocery Corp,Grocery Store,1903 W Farms Rd,Bronx,Bronx,10460,BRONX,NY,40.838539,-73.881439
1428768,St Nicks Gourmet Inc,Grocery Store,285 Saint Nicholas Ave,New York,Manhattan,10027,NEW YORK,NY,40.810379,-73.953102
1355499,A & J Grocery Inc,Grocery Store,1910 86th St,Brooklyn,Brooklyn,11214,KINGS,NY,40.605682,-74.000107
1355582,Nba Glatt Market Inc,Other,18502 Union Tpke,Fresh Meadows,Queens,11366,QUEENS,NY,40.728436,-73.783302
1355593,V & E Deli Grocery Corp,Grocery Store,105 E Clarke Place,Bronx,Bronx,10452,BRONX,NY,40.837624,-73.917023
1355659,Dollar Tree 7552,Other,533 Remsen Ave,Brooklyn,Brooklyn,11236,KINGS,NY,40.653461,-73.920662
1354096,Kyuwon Cho 32116c,Convenience Store,1590 Hutchinson River Pkwy,Bronx,Bronx,10461,BRONX,NY,40.84296,-73.836845
1428788,Tatan Deli Grocery Corp,Convenience Store,120 Riverdale Ave,Brooklyn,Brooklyn,11212,KINGS,NY,40.66032,-73.912415
1599760,Rdp Petroleum Inc,Convenience Store,1724 Webster Ave,Bronx,Bronx,10457,BRONX,NY,40.843929,-73.902618
1428839,Z3 Market And Deli Inc,Grocery Store,3200 White Plains Rd,Bronx,Bronx,10467,BRONX,NY,40.871597,-73.867088
1428841,147 Deli & Grill Corp,Convenience Store,23520 147th Ave,Rosedale,Queens,11422,QUEENS,NY,40.657166,-73.745323
1319508,Asaad Deli & Grill Corp,Convenience Store,111 Church Ave,Brooklyn,Brooklyn,11218,KINGS,NY,40.642971,-73.979065
1428905,Jj Gourmet Grocery Corp,Grocery Store,433 Ralph Ave,Brooklyn,Brooklyn,11233,KINGS,NY,40.674301,-73.921921
1429763,Lopez Family Deli Corp,Convenience Store,555 Soundview Ave,Bronx,Bronx,10473,BRONX,NY,40.81646,-73.861229
1429211,Daniel's European Market,Grocery Store,152 Norman Ave,Brooklyn,Brooklyn,11222,KINGS,NY,40.72641,-73.948441
1429783,Prince Ali Juice Bar & Grill Inc.,Convenience Store,11902 Liberty Ave,South Richmond Hill,Queens,11419,QUEENS,NY,40.68618,-73.823952
1429239,M & M Produce Corp,Convenience Store,576 Morris Park Ave,Bronx,Bronx,10460,BRONX,NY,40.84354,-73.869987
1429244,Dl Deli Grocery Corp,Grocery Store,9111 31st Ave,East Elmhurst,Queens,11369,QUEENS,NY,40.760281,-73.877182
1428999,Supreme Italian Market,Grocery Store,645 Rossville Ave,Staten Island,Staten Island,10309,RICHMOND,NY,40.542599,-74.20816
1429011,Cali Fresh Market Llc,Grocery Store,769 Morris Park Ave,Bronx,Bronx,10462,BRONX,NY,40.845814,-73.863609
1353964,90th Grocery & Deli Inc,Convenience Store,9001 37th Ave,Jackson Heights,Queens,11372,QUEENS,NY,40.750668,-73.876762
1355373,El Vacilon Grocery Corp,Convenience Store,9521 Church Ave,Brooklyn,Brooklyn,11212,KINGS,NY,40.655598,-73.915886
1429892,R&C Wholesale Meat Distributor LLC- RC Meat Market,Grocery Store,969 Ogden Ave,Bronx,Bronx,10452,BRONX,NY,40.832031,-73.930046
1355383,Ping's Quality Market Inc,Specialty Store,5623 8th Ave,Brooklyn,Brooklyn,11220,KINGS,NY,40.637211,-74.007568
1588197,Purnima Convenience Store Inc,Convenience Store,280 Morningstar Rd,Staten Island,Staten Island,10303,RICHMOND,NY,40.631371,-74.146957
1418168,A & H Deli And Grill Corp,Grocery Store,4005 9th Ave,Brooklyn,Brooklyn,11232,KINGS,NY,40.64513,-73.995735
1418231,Dad's Deli Inc,Convenience Store,70 Lorraine St,Brooklyn,Brooklyn,11231,KINGS,NY,40.674332,-74.007042
1417186,Rig Fish Market Corp,Specialty Store,4164 White Plains Rd,Bronx,Bronx,10466,BRONX,NY,40.89246,-73.857681
1391919,Ming Bakery Inc,Other,1412 Avenue U,Brooklyn,Brooklyn,11229,KINGS,NY,40.59874,-73.956886
1417681,Best Food Mini Market Corp,Convenience Store,363 Sutter Ave,Brooklyn,Brooklyn,11212,KINGS,NY,40.667889,-73.905922
1417749,Landstar Trading,Other,7308 13th Ave,Brooklyn,Brooklyn,11228,KINGS,NY,40.621342,-74.006554
1419515,Khaamar Baari Inc.,Grocery Store,3716 73rd St,Jackson Heights,Queens,11372,QUEENS,NY,40.748318,-73.89299
1417880,Sante Yallah African Market,Grocery Store,555 E 168th St,Bronx,Bronx,10456,BRONX,NY,40.830799,-73.904655
1420540,Economic Minimarket Inc.,Grocery Store,9104 43rd Ave,Elmhurst,Queens,11373,QUEENS,NY,40.743279,-73.874245
1417333,Mr Zhuang Fruit & Veg Inc,Specialty Store,5502 8th Ave,Brooklyn,Brooklyn,11220,KINGS,NY,40.638302,-74.006844
1417924,Organic Town Deli And Grill Inc,Grocery Store,5543 Myrtle Ave,Ridgewood,Queens,11385,QUEENS,NY,40.700214,-73.907013
1637505,Hermanos Barrientos Mini Market Corp,Convenience Store,394 Etna St,Brooklyn,Brooklyn,11208,KINGS,NY,40.687824,-73.86927
1631825,Elton Deli & Grocery Corp.,Convenience Store,2411 Pitkin Ave,Brooklyn,Brooklyn,11208,KINGS,NY,40.673889,-73.883301
1392113,Franchisee Partner NY1 Corp - 7 Eleven 35764B,Convenience Store,6031 Metropolitan Ave,Ridgewood,Queens,11385,QUEENS,NY,40.712986,-73.903976
1391750,Estefany Grocery Store,Convenience Store,2709 Avenue D,Brooklyn,Brooklyn,11226,KINGS,NY,40.640816,-73.951012
1381421,Stop & Go 2 Deli Corp,Convenience Store,801 Prospect Ave,Bronx,Bronx,10455,BRONX,NY,40.81889,-73.901978
1391764,Garden Convenience Deli Corp,Convenience Store,6502 Fresh Pond Rd,Ridgewood,Queens,11385,QUEENS,NY,40.70953,-73.898994
1391879,Jasmine Deli & Grocery Inc,Convenience Store,16302 Hillside Ave,Jamaica,Queens,11432,QUEENS,NY,40.708523,-73.799057
1392298,Soler Brothers Deli Grocery Corp,Grocery Store,2015 1st Ave,New York,Manhattan,10029,NEW YORK,NY,40.788139,-73.941185
1392319,Urban Blue Market Corp,Convenience Store,1240 Castle Hill Ave,Bronx,Bronx,10462,BRONX,NY,40.833061,-73.851097
1433653,Concourse Gourmet,Convenience Store,845 Concourse Vlg W,Bronx,Bronx,10451,BRONX,NY,40.825581,-73.921974
1462936,G & J Local Produce Inc.,Specialty Store,91 Elizabeth St,New York,Manhattan,10013,NEW YORK,NY,40.718418,-73.99614
1463073,Labaddo Health And Beauty Llc,Grocery Store,623 E Tremont Ave,Bronx,Bronx,10457,BRONX,NY,40.846214,-73.892471
1463078,A&d Turkish Halal Meat & Grocery Market,Grocery Store,7921 5th Ave,Brooklyn,Brooklyn,11209,KINGS,NY,40.625816,-74.023849
1463881,Licey Grocery Corp,Convenience Store,222 Manhattah Avenue,Brooklyn,Brooklyn,11206,KINGS,NY,40.710861,-73.945381
1463556,Serie 23 Minimarket Inc.,Convenience Store,642 Rockaway Ave,Brooklyn,Brooklyn,11212,KINGS,NY,40.664307,-73.909515
1463600,S S S M Deli & Deli Corp,Convenience Store,2351 Washington Ave,Bronx,Bronx,10458,BRONX,NY,40.856548,-73.892166
1463735,Rafy Corner Deli Corp,Grocery Store,166 Newport St,Brooklyn,Brooklyn,11212,KINGS,NY,40.659271,-73.909149
1463821,Green Land Gourmet Deli Inc,Grocery Store,158 Avenue C,New York,Manhattan,10009,NEW YORK,NY,40.725719,-73.977486
1463931,Nature Market 2 Corp,Convenience Store,344 Greene Ave,Brooklyn,Brooklyn,11238,KINGS,NY,40.687607,-73.957207
1331898,Yummilicious Deli Corp,Grocery Store,4119 Broadway,New York,Manhattan,10033,NEW YORK,NY,40.845543,-73.938675
1331935,Nathan's Farm Inc,Specialty Store,829 Manhattan Ave,Brooklyn,Brooklyn,11222,KINGS,NY,40.728519,-73.953629
1574038,Freeway Supermarket And Deli Corp,Convenience Store,5307 Rockaway Beach Blvd,Far Rockaway,Queens,11691,QUEENS,NY,40.592487,-73.783714
1332172,New Atlantic Halal Meat,Specialty Store,282 Smith St,Brooklyn,Brooklyn,11231,KINGS,NY,40.682243,-73.993652
1463953,Olives Leave Deli Corp,Convenience Store,1011 Bedford Ave,Brooklyn,Brooklyn,11205,KINGS,NY,40.689346,-73.954941
1462763,Ng Supermarket Inc.,Convenience Store,507 Cortelyou Rd,Brooklyn,Brooklyn,11218,KINGS,NY,40.638611,-73.974312
1464027,7 Eleven Store #39291c,Convenience Store,1200 Victory Blvd,Staten Island,Staten Island,10301,RICHMOND,NY,40.616192,-74.103676
1462768,Hungry & Healthy Marketplace L L C,Convenience Store,163 W 72nd St,New York,Manhattan,10023,NEW YORK,NY,40.778572,-73.980774
1463330,Sun Fish,Specialty Store,9007 Jamaica Ave,Jamaica,Queens,11421,QUEENS,NY,40.692905,-73.854607
1464085,New York Food And Herbs,Other,13542A Roosevelt Ave,Flushing,Queens,11354,QUEENS,NY,40.759308,-73.830544
1464216,Heaven Farm Corporation,Grocery Store,1034 Rutland Rd,Brooklyn,Brooklyn,11212,KINGS,NY,40.663048,-73.925339
1433481,Rachel Grocery Store Inc,Convenience Store,86-22 Whitney Ave,Elmhurst,Queens,11373,QUEENS,NY,40.741989,-73.878418
1462804,127 Deli & Grill Corp,Convenience Store,12620 135th Ave,South Ozone Park,Queens,11420,QUEENS,NY,40.669117,-73.813332
1574484,M&A Caribbean Market LLC,Grocery Store,21159 Jamaica Ave,Queens Village,Queens,11428,QUEENS,NY,40.71574,-73.747406
1463393,Stop One Supermarket 4023 Corp,Convenience Store,4023 Church Ave,Brooklyn,Brooklyn,11203,KINGS,NY,40.651451,-73.939232
1433497,Abu Yemen Meat Market Corp,Grocery Store,1202 White Plains Rd,Bronx,Bronx,10472,BRONX,NY,40.830616,-73.861626
1566005,Aziz Deli Corp. I,Other,3596 Nostrand Ave,Brooklyn,Brooklyn,11229,KINGS,NY,40.596386,-73.941284
1433524,Chopped Cheese Corp,Convenience Store,292 Lenox Ave,New York,Manhattan,10027,NEW YORK,NY,40.807514,-73.945518
1462857,United 16 Convenience & Deli Corporation,Convenience Store,16 W 177th St,Bronx,Bronx,10453,BRONX,NY,40.849998,-73.911278
1336331,Wah Cheung Trading Inc,Grocery Store,129 Mott St,New York,Manhattan,10013,NEW YORK,NY,40.718281,-73.99688
1337435,Jamaica Deli Inc,Convenience Store,17946 Hillside Ave,Jamaica,Queens,11432,QUEENS,NY,40.712681,-73.783295
1337611,Quality 1 Food Corp,Convenience Store,2894 Richmond Ter,Staten Island,Staten Island,10303,RICHMOND,NY,40.636826,-74.156693
1430620,Garden Market Deli And Grocery Inc,Grocery Store,393 Bedford Park Blvd,Bronx,Bronx,10458,BRONX,NY,40.867653,-73.883713
1430643,A & F Pharmacy,Other,2754 Pitkin Ave,Brooklyn,Brooklyn,11208,KINGS,NY,40.67551,-73.870323
1431280,Beyond Natural Market Inc,Grocery Store,195 Montrose Ave,Brooklyn,Brooklyn,11206,KINGS,NY,40.707577,-73.941216
1573974,Amer Convenience Corporation,Convenience Store,409 Utica Ave,Brooklyn,Brooklyn,11213,KINGS,NY,40.664516,-73.93132
1356820,Los Andes Meat,Grocery Store,6054 Metropolitan Ave,Ridgewood,Queens,11385,QUEENS,NY,40.712753,-73.903313
1430943,Brothers Convenience Store Inc.,Convenience Store,1460 Southern Blvd,Bronx,Bronx,10459,BRONX,NY,40.832462,-73.890472
1357129,180 3rd Ave Llc,Other,180 3rd Ave,New York,Manhattan,10003,NEW YORK,NY,40.735012,-73.98597
1590069,JBD Mini Market Corp,Convenience Store,1699 Nostrand Ave,Brooklyn,Brooklyn,11226,KINGS,NY,40.64455,-73.948738
1588779,Raees Pharmacy,Convenience Store,750 Flatbush Ave,Brooklyn,Brooklyn,11226,KINGS,NY,40.654572,-73.959816
1332585,CVS Pharmacy CVS10291,Other,1601 Kings Hwy,Brooklyn,Brooklyn,11229,KINGS,NY,40.609257,-73.957199
1430671,Shraddha 15 Inc/Supreme Foods,Convenience Store,1502 College Point Blvd,College Point,Queens,11356,QUEENS,NY,40.7841,-73.845932
1430367,Bridge Deli & Grocery Inc.,Convenience Store,2690 Webb Ave,Bronx,Bronx,10468,BRONX,NY,40.8689,-73.902138
1332620,CVS Pharmacy CVS10112,Other,288 St. Nicholas Avenue,Manhattan,Manhattan,10027,NEW YORK,NY,40.810532,-73.952713
1357337,Classic Deli and Grill 1,Grocery Store,686 Seneca Ave,Ridgewood,Queens,11385,QUEENS,NY,40.702904,-73.908051
1430721,Bhakti 46 Inc/Sunnyside Market,Convenience Store,4601 Skillman Ave,Sunnyside,Queens,11104,QUEENS,NY,40.74667,-73.917847
1334137,Spectacular Sirius A Llc,Convenience Store,1104 Rogers Ave,Brooklyn,Brooklyn,11226,KINGS,NY,40.642891,-73.95166
1334151,Super Deli And Mini Mart Inc,Convenience Store,1796 E Tremont Ave,Bronx,Bronx,10460,BRONX,NY,40.840153,-73.867584
1430088,Bronx Fish Market Inc,Specialty Store,555 Morris Ave,Bronx,Bronx,10451,BRONX,NY,40.817699,-73.922798
1332738,19th Avenue Convenience Inc,Grocery Store,1880 86th St,Brooklyn,Brooklyn,11214,KINGS,NY,40.606014,-74.000648
1332756,Lori Food Distributor Inc,Grocery Store,1067 Brighton Beach Ave,Brooklyn,Brooklyn,11235,KINGS,NY,40.578392,-73.957565
1431218,Kew Gardens Gourmet Deli Inc,Convenience Store,12088 Queens Blvd,Kew Gardens,Queens,11415,QUEENS,NY,40.712749,-73.827927
1332787,1149 Yamasa Grocery Inc.,Convenience Store,1149 Blake Ave,Brooklyn,Brooklyn,11208,KINGS,NY,40.670856,-73.875069
1430144,Nfl Gourmet Deli Corp,Convenience Store,451 Lafayette Ave,Brooklyn,Brooklyn,11205,KINGS,NY,40.68935,-73.956856
1430173,Fast Seafood Market Llc,Specialty Store,976 Morris Ave,Bronx,Bronx,10456,BRONX,NY,40.82822,-73.916824
1430205,King Fruit Corp,Convenience Store,6623 18th Ave,Brooklyn,Brooklyn,11204,KINGS,NY,40.61797,-73.99115
1430238,Howard Finest Deli Corp,Convenience Store,363 Howard Ave,Brooklyn,Brooklyn,11233,KINGS,NY,40.675072,-73.919258
1430549,Between The Bun Deli & Cafe,Grocery Store,135 E 125th St,New York,Manhattan,10035,NEW YORK,NY,40.804642,-73.937653
1587292,Astoria Gourmet & Market Place Inc.,Convenience Store,2508 31st St,Astoria,Queens,11102,QUEENS,NY,40.770229,-73.918198
1357507,Middle Eastern Grocery Corp 2512,Grocery Store,2512 Steinway St,Astoria,Queens,11103,QUEENS,NY,40.767735,-73.912201
1640389,Fultons Tasty Gourmet Inc.,Convenience Store,3337 Fulton St,Brooklyn,Brooklyn,11208,KINGS,NY,40.683704,-73.87252
1420800,Jacks 99 World 02,Grocery Store,223 W 40th St,New York,Manhattan,10018,NEW YORK,NY,40.755093,-73.988495
1420904,Satmar Meats,Specialty Store,4402 13th Ave,Brooklyn,Brooklyn,11219,KINGS,NY,40.637806,-73.989449
1357583,Island Fish Marketinc,Other,2116 Nostrand Ave,Brooklyn,Brooklyn,11210,KINGS,NY,40.633755,-73.947784
1636316,Las Mexicanitas Deli & Grocery Corp,Grocery Store,3242 Fulton St,Brooklyn,Brooklyn,11208,KINGS,NY,40.682587,-73.875542
1382050,Los Cane Deli Grocery Corp,Grocery Store,12-14 E 199th St,Bronx,Bronx,10468,BRONX,NY,40.872032,-73.889496
1382063,Kelvin's Deli Grocery Corp,Grocery Store,1754 E 172nd St,Bronx,Bronx,10472,BRONX,NY,40.832561,-73.868759
1400439,L&n Gourmet Deli Llc,Convenience Store,6119 Broadway,Bronx,Bronx,10471,BRONX,NY,40.894199,-73.89653
1421170,Africarib Bazaar Food Market Inc,Grocery Store,11452 Merrick Blvd,Jamaica,Queens,11434,QUEENS,NY,40.690201,-73.778336
1449598,La Isla Produce,Grocery Store,17016 Jamaica Ave,Jamaica,Queens,11432,QUEENS,NY,40.707245,-73.789383
1449610,Blue Water Fish Market,Specialty Store,4735 Bell Blvd,Bayside,Queens,11361,QUEENS,NY,40.756035,-73.767227
1421184,Fish Guys Seafood Market Inc,Specialty Store,16913 Jamaica Ave,Jamaica,Queens,11432,QUEENS,NY,40.707161,-73.790314
1630676,315 Deli & Convenience Shop,Convenience Store,315 Kings Hwy,Brooklyn,Brooklyn,11223,KINGS,NY,40.605145,-73.978699
1357909,D & F Meat Market Corp,Grocery Store,83 E 184th St,Bronx,Bronx,10468,BRONX,NY,40.860111,-73.900864
1420596,M & T Grocery Inc. N/A,Convenience Store,8343 Dongan Ave,Elmhurst,Queens,11373,QUEENS,NY,40.740479,-73.879646
1420621,J&C Madison Avenue Corp/Associated Fresh Market,Grocery Store,1588 Madison Ave,New York,Manhattan,10029,NEW YORK,NY,40.793949,-73.94944
1449433,Zayed Finest Deli Inc,Convenience Store,40 E 126th St,New York,Manhattan,10035,NEW YORK,NY,40.806305,-73.940437
1449434,Karen Deli Grocery Corp,Grocery Store,6116 5th Ave,Brooklyn,Brooklyn,11220,KINGS,NY,40.638695,-74.017349
1449443,Simply Gourmet Marketplace Inc.,Convenience Store,200 W 84th St,New York,Manhattan,10024,NEW YORK,NY,40.786427,-73.976341
1449444,Panaderia Melissa Inc,Grocery Store,6115 5th Ave,Brooklyn,Brooklyn,11220,KINGS,NY,40.638351,-74.016937
1449453,R & S Deli Grocery Ny Corp,Convenience Store,1011 Rutland Rd,Brooklyn,Brooklyn,11212,KINGS,NY,40.662991,-73.926147
1421320,Richards Deli Grocery & Mex Produce,Grocery Store,1356 Jerome Ave,Bronx,Bronx,10452,BRONX,NY,40.839111,-73.918251
1382395,Noor Live Poultry Corp.,Specialty Store,2164 Webster Ave,Bronx,Bronx,10457,BRONX,NY,40.854111,-73.896919
1358072,170 Westside Market Llc,Other,170 W 23rd St,New York,Manhattan,10011,NEW YORK,NY,40.74387,-73.995209
1575407,Dana & Farh Corp,Convenience Store,2722 Richmond Ter,Staten Island,Staten Island,10303,RICHMOND,NY,40.636906,-74.151276
1421447,Lm Grocery Corp,Grocery Store,2643 Frederick Douglass Blvd,New York,Manhattan,10030,NEW YORK,NY,40.820461,-73.943871
1382486,Tuti Fruti Bakery Inc,Grocery Store,9 E Mount Eden Ave,Bronx,Bronx,10452,BRONX,NY,40.844296,-73.914368
1382507,Fresh Food Mart & Deli,Grocery Store,711 Knickerbocker Ave,Brooklyn,Brooklyn,11221,KINGS,NY,40.69421,-73.910202
1381878,Forest Mini Market Corp,Grocery Store,562 Wilson Ave,Brooklyn,Brooklyn,11207,KINGS,NY,40.690868,-73.908501
1381891,350 Utica Deli Grocery Corp,Convenience Store,350 Utica Ave,Brooklyn,Brooklyn,11213,KINGS,NY,40.666016,-73.93158
1434575,Stop One Express Deli Inc,Convenience Store,2208 Fulton St,Brooklyn,Brooklyn,11233,KINGS,NY,40.677979,-73.90815
1434633,7 Eleven Store  27454d,Convenience Store,2247 Utica Ave,Brooklyn,Brooklyn,11234,KINGS,NY,40.616909,-73.926239
1434661,2604 Family Deli Grocery Corp,Convenience Store,2604 Church Ave,Brooklyn,Brooklyn,11226,KINGS,NY,40.650532,-73.952759
1576749,271 Convenience Store Inc,Convenience Store,271 E Kingsbridge Rd,Bronx,Bronx,10458,BRONX,NY,40.863716,-73.894066
1434776,Promesa Meat Market Corp,Grocery Store,17226 Jamaica Ave,Jamaica,Queens,11432,QUEENS,NY,40.707691,-73.786987
1434851,M & J Deli Grocery Ny Corp,Convenience Store,1253 Schenectady Ave,Brooklyn,Brooklyn,11203,KINGS,NY,40.642311,-73.932137
1434862,New Leader Helal Meat Ll Corp.,Grocery Store,6720 5th Ave,Brooklyn,Brooklyn,11220,KINGS,NY,40.635178,-74.020477
1464923,Tlb Trading Co. Ltd.,Other,153 E Broadway,New York,Manhattan,10002,NEW YORK,NY,40.71389,-73.990822
1464926,Ranczo Deli 1,Grocery Store,9304 101st Ave,Ozone Park,Queens,11416,QUEENS,NY,40.683765,-73.847534
1433964,East 7th Deli & Cafe Corp,Convenience Store,118 1st Ave,New York,Manhattan,10009,NEW YORK,NY,40.727001,-73.985519
1630888,75 Deli & Grill,Convenience Store,7502 Jamaica Ave,Woodhaven,Queens,11421,QUEENS,NY,40.691349,-73.866364
1624154,Peach Farm Market Inc.,Grocery Store,20511 35th Ave,Bayside,Queens,11361,QUEENS,NY,40.766968,-73.782234
1421495,Faicco Sausage,Other,260 Bleecker St,New York,Manhattan,10014,NEW YORK,NY,40.731129,-74.003059
1434974,Northern Food And Grocery Inc,Convenience Store,8902 Northern Blvd,Jackson Heights,Queens,11372,QUEENS,NY,40.756111,-73.878693
1434980,Zaki Juice Inc,Convenience Store,8217 Northern Blvd,Jackson Heights,Queens,11372,QUEENS,NY,40.755875,-73.884712
1435040,Saint Albans Deli Corp,Other,18812 Liberty Ave,Saint Albans,Queens,11412,QUEENS,NY,40.703621,-73.768456
1464352,P-y Deli Corp N/A,Grocery Store,151 Riegelmann St,Staten Island,Staten Island,10302,RICHMOND,NY,40.623833,-74.143661
1435250,Dollys 1st Cut Meat Market Inc,Specialty Store,2515 7th Ave,New York,Manhattan,10039,NEW YORK,NY,40.822063,-73.938599
1646815,Pleasant Convenience Corp.,Other,318 Pleasant Ave,New York,Manhattan,10035,NEW YORK,NY,40.795563,-73.932571
1421876,37 Mango Rico Corp,Grocery Store,8106 37th Ave,Jackson Heights,Queens,11372,QUEENS,NY,40.749573,-73.884933
1465101,H & F Gourmet Deli Corp,Convenience Store,1890 Randall Ave,Bronx,Bronx,10473,BRONX,NY,40.817471,-73.858627
1465118,Queens Gourmet Deli,Convenience Store,8774 168th St,Jamaica,Queens,11432,QUEENS,NY,40.709877,-73.794769
1465174,Bayt Alyemen Market Inc,Grocery Store,13111 Rockaway Blvd,South Ozone Park,Queens,11420,QUEENS,NY,40.675007,-73.806915
1465236,El Tesoro Grocery Corp,Convenience Store,608 W 192nd St,New York,Manhattan,10040,NEW YORK,NY,40.856327,-73.929298
1465270,Aalif Pharmacy,Convenience Store,18314 Jamaica Ave,Hollis,Queens,11423,QUEENS,NY,40.708836,-73.776703
1647554,Royal Deli Inc,Convenience Store,980 Intervale Ave,Bronx,Bronx,10459,BRONX,NY,40.822685,-73.896683
1641600,Los Latinos Mini Market Corp,Grocery Store,1301 Redfern Ave,Far Rockaway,Queens,11691,QUEENS,NY,40.6091,-73.751183
1464384,Tello Grocery Corp,Convenience Store,353 E 138th St,Bronx,Bronx,10454,BRONX,NY,40.809803,-73.924126
1434285,Junction Stop Corp,Convenience Store,37-05 Junction Blvd,Queens,Queens,11368,QUEENS,NY,40.751419,-73.870583
1464402,Parrot Organic Llc,Grocery Store,4711 Queens Blvd,Sunnyside,Queens,11104,QUEENS,NY,40.74329,-73.917213
1640343,Organic Deli & Convenience Corp,Convenience Store,3124 E Tremont Ave,Bronx,Bronx,10461,BRONX,NY,40.838112,-73.835266
1435357,Wintop Trading Inc.,Other,6301 Fort Hamilton Pkwy,Brooklyn,Brooklyn,11219,KINGS,NY,40.631451,-74.00769
1464251,K & M Fish Market,Specialty Store,2055 2nd Ave,New York,Manhattan,10029,NEW YORK,NY,40.790344,-73.942871
1421907,Fruits And Vegetables Brothers,Grocery Store,249 Avenue X,Brooklyn,Brooklyn,11223,KINGS,NY,40.59029,-73.973595
1421624,Fufu Deli And Grocery Corp,Grocery Store,19616 120th Ave,Saint Albans,Queens,11412,QUEENS,NY,40.68935,-73.752876
1105968,5 De Mayo Food Market Corp.,Grocery Store,8106 Roosevelt Avenue,Jackson Heights,Queens,11372,QUEENS,NY,40.747456,-73.884544
1434374,Mc Bakery And Coffee Shop Corp. N/A,Convenience Store,58 W Kingsbridge Rd,Bronx,Bronx,10468,BRONX,NY,40.867817,-73.899788
1464829,Corner Ave S Convenience Inc,Convenience Store,1101 Avenue S,Brooklyn,Brooklyn,11223,KINGS,NY,40.603161,-73.961365
1421986,Only Fresh Produce,Convenience Store,129 Brighton Beach Ave,Brooklyn,Brooklyn,11235,KINGS,NY,40.57655,-73.967278
1625442,Wholesome Deli Corp.,Convenience Store,6125 5th Ave,Brooklyn,Brooklyn,11220,KINGS,NY,40.638351,-74.017136
1464540,21st Organic Deli & Convenience Inc,Convenience Store,2618 21st Street,Long Island City,Queens,11102,QUEENS,NY,40.773178,-73.92543
1421995,Sunshine Supermarket,Convenience Store,3830 Dyre Ave,Bronx,Bronx,10466,BRONX,NY,40.888851,-73.831123
1158728,The Chicken Deli Grocery Corp,Convenience Store,555 E 180th St,Bronx,Bronx,10457,BRONX,NY,40.850357,-73.893265
1638514,Flatbush Organic Corp,Convenience Store,836 Flatbush Ave,Brooklyn,Brooklyn,11226,KINGS,NY,40.652092,-73.959305
1628672,M & R Brother's Deli,Convenience Store,2255 Bedford Ave,Brooklyn,Brooklyn,11226,KINGS,NY,40.648865,-73.955605
1434461,Deli From The Block Corp,Grocery Store,310 Beach 54th St,Arverne,Queens,11692,QUEENS,NY,40.592812,-73.784164
1389495,Fazzia Inc - 7 Eleven 32128C,Convenience Store,11211 Liberty Ave,South Richmond Hill,Queens,11419,QUEENS,NY,40.685223,-73.829903
1422091,Walgreens 21263,Other,158 W 45th St,New York,Manhattan,10036,NEW YORK,NY,40.757504,-73.984642
1464897,Walgreens 21337,Other,285 Broadway,Brooklyn,Brooklyn,11211,KINGS,NY,40.708656,-73.958382
1464901,Walgreens 21350,Other,383 W 31st St,New York,Manhattan,10016,NEW YORK,NY,40.751335,-73.997162
1464624,238 Corner Store,Convenience Store,5818 Broadway,Bronx,Bronx,10463,BRONX,NY,40.884796,-73.900398
1464907,Hook And Rail Meats,Specialty Store,4174 Victory Blvd,Staten Island,Staten Island,10314,RICHMOND,NY,40.590534,-74.192261
1600880,Placita 88,Grocery Store,88-04 Roosevelt Ave,Jackson Heights,Queens,11372,QUEENS,NY,40.748093,-73.878342
1465700,Mr Happy Deli Corp,Convenience Store,1166 Elton St,Brooklyn,Brooklyn,11239,KINGS,NY,40.65591,-73.87381
1465767,Jp Meat Market  & Products Corp.,Grocery Store,489 E Tremont Ave,Bronx,Bronx,10457,BRONX,NY,40.847004,-73.897247
1338209,Dollar Tree 6183,Other,259 E 138th St,Bronx,Bronx,10451,BRONX,NY,40.811359,-73.927536
1338231,Hong Li Meat Market Inc,Specialty Store,124B Mott St,New York,Manhattan,10013,NEW YORK,NY,40.718235,-73.996773
1465352,Anas Fish Market Corporation,Specialty Store,703 Lenox Ave,New York,Manhattan,10039,NEW YORK,NY,40.820644,-73.936264
1465362,N E J Grocery & Deli Corp,Grocery Store,8440 Grand Ave,Elmhurst,Queens,11373,QUEENS,NY,40.73415,-73.883034
1465504,African Caribbean Central Market,Other,1918 Mott Ave,Far Rockaway,Queens,11691,QUEENS,NY,40.604031,-73.752274
1465523,1531 Metro Deli Inc,Convenience Store,1531 Metropolitan Ave,Bronx,Bronx,10462,BRONX,NY,40.839882,-73.85923
1465634,Fat Boy Fruits & Vegetables Inc,Specialty Store,5624a 8th Ave,Brooklyn,Brooklyn,11220,KINGS,NY,40.637615,-74.007423
1465654,Green Apple Gourmet And Grocery Corp,Convenience Store,3569 E Tremont Ave,Bronx,Bronx,10465,BRONX,NY,40.829906,-73.825249
1341223,Citi Bagels,Convenience Store,6372 Amboy Rd,Staten Island,Staten Island,10309,RICHMOND,NY,40.522495,-74.216537
1646058,Speedway 7890,Convenience Store,3355 E Tremont Ave,Bronx,Bronx,10461,BRONX,NY,40.834934,-73.829315
1432181,Zhonghua Shenrong Inc,Grocery Store,13637 Roosevelt Ave,Flushing,Queens,11354,QUEENS,NY,40.76001,-73.828789
1432226,Mable's Grocery Inc. N/A,Convenience Store,5817 4th Ave,Brooklyn,Brooklyn,11220,KINGS,NY,40.64151,-74.017433
1645086,J & J Deli Grocery Store Corp.,Convenience Store,699 Beck St,Bronx,Bronx,10455,BRONX,NY,40.815132,-73.900352
1338820,La Cuesta Grocery Corp,Convenience Store,772 Miller Ave,Brooklyn,Brooklyn,11207,KINGS,NY,40.661758,-73.887764
1338304,Peace International Market,Convenience Store,3240 Richmond Ter,Staten Island,Staten Island,10303,RICHMOND,NY,40.640236,-74.166183
1600845,A & O Imperial Grocery,Other,550 Howard Ave,Brooklyn,Brooklyn,11233,KINGS,NY,40.6689,-73.920303
1432511,New Castle Deli And Grill Corp,Convenience Store,3950 Queens Blvd,Sunnyside,Queens,11104,QUEENS,NY,40.743542,-73.924522
1431724,Guerlain Deli Grocery Corp,Convenience Store,1880 Guerlain St,Bronx,Bronx,10462,BRONX,NY,40.840019,-73.863663
1236738,Sterling Deli And Grocery 1 Corp,Convenience Store,1031 Nostrand Ave,Brooklyn,Brooklyn,11225,KINGS,NY,40.663273,-73.950752
1337926,My Favorite Deli Inc,Convenience Store,1978 86th St,Brooklyn,Brooklyn,11214,KINGS,NY,40.604656,-73.998642
1431779,Diana International Inc.,Grocery Store,308 Kings Hwy,Brooklyn,Brooklyn,11223,KINGS,NY,40.6049,-73.978882
1431820,PS Quality Foods Inc,Grocery Store,8612 25th Ave,Brooklyn,Brooklyn,11214,KINGS,NY,40.597717,-73.987663
1431914,Dollar Zone of Broadway 36,Convenience Store,5675 Broadway,Bronx,Bronx,10463,BRONX,NY,40.881458,-73.903214
1641383,597 Deli Market Corp.,Convenience Store,597 E Tremont Ave,Bronx,Bronx,10457,BRONX,NY,40.846565,-73.893593
1432624,Adee Deli & Grocery Inc,Convenience Store,700 Adee Ave,Bronx,Bronx,10467,BRONX,NY,40.869579,-73.866928
1432795,St. Philopater Marcurius Inc,Grocery Store,856 Amsterdam Ave,New York,Manhattan,10025,NEW YORK,NY,40.797848,-73.967827
1432868,Queens Valley Pharmacy & Supermarket,Grocery Store,17025 Hillside Ave,Jamaica,Queens,11432,QUEENS,NY,40.711658,-73.791161
1670854,Queen Deli Kitchen Inc,Convenience Store,3023 Church Ave,Brooklyn,Brooklyn,11226,KINGS,NY,40.650986,-73.948738
1627054,D.R.E. Deli Grocery Corp.,Convenience Store,20219 Jamaica Ave,Hollis,Queens,11423,QUEENS,NY,40.713661,-73.756332
1452110,One Stop Deli Mart Inc,Convenience Store,3056 Avenue X,Brooklyn,Brooklyn,11235,KINGS,NY,40.59417,-73.935555
1402075,Dorian's Seafood Market,Specialty Store,1580 York Avenue,New York,Manhattan,10028,NEW YORK,NY,40.774162,-73.94838
1402122,102 Deli & Grocery Corp,Convenience Store,10202 Jamaica Ave,Richmond Hill,Queens,11418,QUEENS,NY,40.695133,-73.845093
1410826,Dasanyuan Grocery Inc.,Grocery Store,5215 6th Ave,Brooklyn,Brooklyn,11220,KINGS,NY,40.642101,-74.009644
1432963,Trinity African & Caribbean Market Llc,Grocery Store,1090 Flatbush Ave,Brooklyn,Brooklyn,11226,KINGS,NY,40.643761,-73.958015
1450505,Agbogbloshie African Market Inc,Other,1322 E Gun Hill Rd,Bronx,Bronx,10469,BRONX,NY,40.871048,-73.847694
1452258,3 Bros Gourmet Deli Inc,Grocery Store,1570B Bathgate Ave,Bronx,Bronx,10457,BRONX,NY,40.838764,-73.901505
1452280,Aamar Deli & Grocery Inc,Convenience Store,383 Avenue X,Brooklyn,Brooklyn,11223,KINGS,NY,40.590839,-73.968758
1452313,Savory Deli & Grocery 1 Inc.,Convenience Store,1840 Amsterdam Ave,New York,Manhattan,10031,NEW YORK,NY,40.82922,-73.945
1452324,Gao Village Inc,Grocery Store,5102 7th Ave,Brooklyn,Brooklyn,11220,KINGS,NY,40.64196,-74.006836
1452338,Exclusive Meat Market,Grocery Store,2751 Ocean Ave,Brooklyn,Brooklyn,11229,KINGS,NY,40.594288,-73.950081
1450240,Tang & Tasty Deli Grocery Corp,Convenience Store,260 E 143rd St,Bronx,Bronx,10451,BRONX,NY,40.815224,-73.924553
1450283,East Side Fine Deli Corp,Convenience Store,284 E 7th St,New York,Manhattan,10009,NEW YORK,NY,40.723053,-73.976738
1642057,Tenares Gourmet Deli Grocery Corp,Convenience Store,642 E 233rd St,Bronx,Bronx,10466,BRONX,NY,40.893898,-73.859436
1450377,Yohan's Mexican Market Inc,Grocery Store,9110 Corona Ave,Elmhurst,Queens,11373,QUEENS,NY,40.742432,-73.873154
1635823,Bolival Bakery,Grocery Store,2002 3rd Ave,New York,Manhattan,10029,NEW YORK,NY,40.794106,-73.942909
1433021,El Mango Rico Inc,Grocery Store,4906 5th Ave,Brooklyn,Brooklyn,11220,KINGS,NY,40.645599,-74.010002
1402827,Ock Spot Deli Grocery Corp,Convenience Store,5910 Glenwood Rd,Brooklyn,Brooklyn,11234,KINGS,NY,40.633968,-73.919388
1670846,Am Family Supermarket Corp,Grocery Store,1025 Morris Park Ave,Bronx,Bronx,10461,BRONX,NY,40.848804,-73.855408
1661877,Tulcingo Cafe Llc,Convenience Store,3041 Buhre Ave,Bronx,Bronx,10461,BRONX,NY,40.847618,-73.831032
1402540,Evergreen Farm Market,Convenience Store,466 Onderdonk Ave,Ridgewood,Queens,11385,QUEENS,NY,40.706848,-73.912117
1450731,Value Fresh Market Inc,Grocery Store,18220 Jamaica Ave,Hollis,Queens,11423,QUEENS,NY,40.708813,-73.778091
1654580,181 Avenue C Deli Inc,Convenience Store,181 Avenue C,New York,Manhattan,10009,NEW YORK,NY,40.726677,-73.977158
1660518,Manuel's Delicatessen And Grill Inc.,Grocery Store,19 Avenue D,New York,Manhattan,10009,NEW YORK,NY,40.720654,-73.978432
1450794,Raon Inc,Other,4026 White Plains Rd,Bronx,Bronx,10466,BRONX,NY,40.889359,-73.859329
1319204,East New York Fruits And Vegetable 111 Llc,Grocery Store,330 New Lots Ave,Brooklyn,Brooklyn,11207,KINGS,NY,40.661133,-73.89444
1475910,68st Gourmet Deli,Convenience Store,6803 3rd Ave,Brooklyn,Brooklyn,11220,KINGS,NY,40.6362,-74.025787
1433285,El Novillo Meat Corp,Grocery Store,1433 College Point Blvd,College Point,Queens,11356,QUEENS,NY,40.784477,-73.84568
1568783,Sam Deli & Convenience Corp,Convenience Store,392 Port Richmond Ave,Staten Island,Staten Island,10302,RICHMOND,NY,40.6325,-74.137589
1563105,Ri Sheng Grocery Inc,Grocery Store,6002 Main St,Flushing,Queens,11355,QUEENS,NY,40.743084,-73.825729
1409167,N & L Market Inc,Specialty Store,5601 8th Ave,Brooklyn,Brooklyn,11220,KINGS,NY,40.637589,-74.007172
1452512,Croissant Deli & Grocery Inc,Convenience Store,690 E New York Ave,Brooklyn,Brooklyn,11203,KINGS,NY,40.662025,-73.939766
1475778,Deen Gourmet Deli Corp,Convenience Store,1427 Flatbush Ave,Brooklyn,Brooklyn,11210,KINGS,NY,40.635883,-73.950645
1475899,Lobster Harbor,Specialty Store,2501 Knapp St,Brooklyn,Brooklyn,11235,KINGS,NY,40.592049,-73.932274
1409198,Taj Mahal Grocery,Grocery Store,3913 47th Ave,Sunnyside,Queens,11104,QUEENS,NY,40.742069,-73.925926
1341826,Lambert Deli Grocery Corp,Grocery Store,2131 Bryant Ave,Bronx,Bronx,10460,BRONX,NY,40.844131,-73.878372
1409211,1711 Foster Corporation,Convenience Store,1711 Foster Ave,Brooklyn,Brooklyn,11230,KINGS,NY,40.635269,-73.960907
1342075,Express Deli Corp,Convenience Store,283 Ralph Ave,Brooklyn,Brooklyn,11233,KINGS,NY,40.679665,-73.921928
1342199,CM Deli Grocery,Grocery Store,4117 108th St,Corona,Queens,11368,QUEENS,NY,40.749577,-73.857986
1452592,Wing Fung 2019 Inc.,Grocery Store,5507 8th Ave,Brooklyn,Brooklyn,11220,KINGS,NY,40.637966,-74.006622
1476018,Danny Deli,Convenience Store,59-24 Kissena Blvd,Flushing,Queens,11355,QUEENS,NY,40.74015,-73.815361
1452602,Wing Fung 2019 Inc.,Grocery Store,13521 Roosevelt Ave,Flushing,Queens,11354,QUEENS,NY,40.759331,-73.831207
1341602,Carniceria La Granja Inc,Specialty Store,5704 5th Ave,Brooklyn,Brooklyn,11220,KINGS,NY,40.641071,-74.014557
1433352,Europe Bakery,Grocery Store,307 Brighton Beach Ave,Brooklyn,Brooklyn,11235,KINGS,NY,40.577251,-73.963898
1476251,Argenis Deli Grocery Inc,Convenience Store,9501 Sutphin Blvd,Jamaica,Queens,11435,QUEENS,NY,40.698303,-73.806221
1595096,Merrick D.R. Deli Corp,Grocery Store,12323 Jamaica Ave,Richmond Hill,Queens,11418,QUEENS,NY,40.700897,-73.826584
1476276,G & D Deli & Grocery Inc,Grocery Store,402 Onderdonk Ave,Ridgewood,Queens,11385,QUEENS,NY,40.707523,-73.913399
1476289,361 Deli Grocery Llc,Grocery Store,361 E 204th St,Bronx,Bronx,10467,BRONX,NY,40.871761,-73.87722
1476074,Seafoodmixer Market,Specialty Store,1812 Seward Ave,Bronx,Bronx,10473,BRONX,NY,40.819145,-73.862785
1476081,Walgreens 21261,Other,700 8th Ave.,New York,Manhattan,10036,NEW YORK,NY,40.758747,-73.988464
1475452,Mechy Food Store Corp,Convenience Store,895 Gates Ave,Brooklyn,Brooklyn,11221,KINGS,NY,40.688698,-73.930038
1475460,Arcturus Express Inc,Grocery Store,8416 18th Ave,Brooklyn,Brooklyn,11214,KINGS,NY,40.608402,-74.001465
1341533,Queens Food Market Inc.,Grocery Store,7060 Broadway,Jackson Heights,Queens,11372,QUEENS,NY,40.747673,-73.894051
1436177,K'glen Deli & Sari Sari Store,Grocery Store,3916 65th St,Woodside,Queens,11377,QUEENS,NY,40.745811,-73.899269
1436219,Organic Berry Farm Corp,Grocery Store,6419 108th St,Forest Hills,Queens,11375,QUEENS,NY,40.732529,-73.849136
1436266,Naf Deli Grocery Corp,Convenience Store,207 Hart St,Brooklyn,Brooklyn,11206,KINGS,NY,40.693932,-73.94326
1436350,Wilsons Deli & Grill Corp,Convenience Store,366 Wilson Ave,Brooklyn,Brooklyn,11221,KINGS,NY,40.695015,-73.915955
1436412,Little Italy Gourmet,Grocery Store,1375 N Railroad Ave,Staten Island,Staten Island,10306,RICHMOND,NY,40.574669,-74.116165
1436453,Salt & Pepper Gourmet 2 Corp,Convenience Store,10 E 23rd St,New York,Manhattan,10010,NEW YORK,NY,40.740891,-73.988426
1588843,Seaview Convenience Deli & Grocery,Convenience Store,82 Seaview Ave,Staten Island,Staten Island,10304,RICHMOND,NY,40.589741,-74.098633
1436938,Danbako Llc,Grocery Store,1387 Boston Rd,Bronx,Bronx,10456,BRONX,NY,40.833279,-73.8974
1452662,Golden Earth Candy Inc.,Convenience Store,3635 Broadway,New York,Manhattan,10031,NEW YORK,NY,40.829594,-73.948692
1409617,7-Eleven 32122A,Convenience Store,6501 New Utrecht Ave,Brooklyn,Brooklyn,11219,KINGS,NY,40.623199,-73.997528
1409632,Queens Natural Meats Inc.,Grocery Store,15915 Horace Harding Expy,Fresh Meadows,Queens,11365,QUEENS,NY,40.738911,-73.809196
1580850,1804 3rd Ave Discount Corp,Convenience Store,1804 3rd Ave,New York,Manhattan,10029,NEW YORK,NY,40.787998,-73.94751
1566993,Dalila's Food Market Inc,Grocery Store,126 E 103rd St,New York,Manhattan,10029,NEW YORK,NY,40.790459,-73.948265
1435835,Juice Bar Deli & Grill Corp,Convenience Store,1113 Kings Hwy,Brooklyn,Brooklyn,11229,KINGS,NY,40.607651,-73.961395
1583930,Food And Deli By Neil Inc,Convenience Store,31 Marcus Garvey Blvd,Brooklyn,Brooklyn,11206,KINGS,NY,40.698711,-73.941032
1410607,Jo Trading Inc,Grocery Store,1245 Broadway,Brooklyn,Brooklyn,11221,KINGS,NY,40.691471,-73.925262
1435573,Yemeni Deli & Grocery Corp,Convenience Store,1616 Castleton Ave,Staten Island,Staten Island,10302,RICHMOND,NY,40.635883,-74.137177
1409898,First Class Deli And Grill Corp.,Convenience Store,12620 Rockaway Blvd,South Ozone Park,Queens,11420,QUEENS,NY,40.675049,-73.810905
1578559,Variety Drugs,Convenience Store,16933 137th Ave,Jamaica,Queens,11434,QUEENS,NY,40.673325,-73.771118
1476429,Modern Rx Pharmacy Inc,Convenience Store,62-98 Woodhaven Blvd,Rego Park,Queens,11374,QUEENS,NY,40.724426,-73.869514
1409934,N & M Grocery Corp,Other,2660 3rd Ave,Bronx,Bronx,10454,BRONX,NY,40.812851,-73.923424
1584066,Los Muchachos Meat Market & Grocery Corp,Grocery Store,26 Jefferson St,New York,Manhattan,10002,NEW YORK,NY,40.713295,-73.988693
1584261,Kiara Deli & Grocery Food Corp,Convenience Store,11002 Guy r Brewer Blvd,Jamaica,Queens,11433,QUEENS,NY,40.69326,-73.789001
1573299,Fresno Supermarket & Deli Corp,Convenience Store,275 Liberty Ave,Brooklyn,Brooklyn,11207,KINGS,NY,40.674,-73.900017
1436615,Clove Gourmet Deli Corp,Convenience Store,453 Clove Rd,Staten Island,Staten Island,10310,RICHMOND,NY,40.629349,-74.123207
1435645,Mr. N Seafood Market,Specialty Store,351 E 138th St,Bronx,Bronx,10454,BRONX,NY,40.809818,-73.924194
1571174,2 Campus Deli Corp,Grocery Store,469 W 157th St,New York,Manhattan,10032,NEW YORK,NY,40.832821,-73.941666
1410381,Alians Deli Corp.,Convenience Store,217 Brook Ave,Bronx,Bronx,10454,BRONX,NY,40.807121,-73.919731
1435973,117 Lexington Inc,Grocery Store,1878 Lexington Ave,New York,Manhattan,10035,NEW YORK,NY,40.799171,-73.941399
1435976,Antepli Baklava,Specialty Store,7216 5th Ave,Brooklyn,Brooklyn,11209,KINGS,NY,40.63131,-74.022057
1436660,King Seafood Market Ny Inc. no,Specialty Store,2241 Westchester Ave,Bronx,Bronx,10462,BRONX,NY,40.834469,-73.850616
1410419,Rafael Mini Deli Grocery Inc,Grocery Store,4201 7th Ave,Brooklyn,Brooklyn,11232,KINGS,NY,40.646786,-74.001205
1436699,Nys Pharmacy,Convenience Store,306 E 149th St,Bronx,Bronx,10451,BRONX,NY,40.816872,-73.921379
1436722,Amr Deli & Grocery Corp.,Convenience Store,17505 Jamaica Ave,Jamaica,Queens,11432,QUEENS,NY,40.70808,-73.785477
1436767,Greene Hill Food Cooperative,Grocery Store,1083 Fulton St,Brooklyn,Brooklyn,11238,KINGS,NY,40.681927,-73.958328
1436790,Aguilar's Mexican Grocery Llc,Grocery Store,1060 Morris Park Ave,Bronx,Bronx,10461,BRONX,NY,40.848888,-73.854118
1589487,Am Family Supermarket Corp,Grocery Store,1025 Morris Park Ave,Bronx,Bronx,10461,BRONX,NY,40.848568,-73.855377
1589241,Ocean Finest Grill Basket Inc,Convenience Store,1789 Ocean Ave,Brooklyn,Brooklyn,11230,KINGS,NY,40.618286,-73.954788
1435464,Deshi Foods Inc,Grocery Store,3715 55th St,Woodside,Queens,11377,QUEENS,NY,40.75037,-73.907082
1435481,Jaren Deli Grocery Corp,Convenience Store,783 Howard Ave,Brooklyn,Brooklyn,11212,KINGS,NY,40.662868,-73.918579
1436049,Convenient Food Mart,Convenience Store,2 New Dorp Ln,Staten Island,Staten Island,10306,RICHMOND,NY,40.5751,-74.119606
1410533,L & E Grocery,Convenience Store,127 Albany Ave,Brooklyn,Brooklyn,11213,KINGS,NY,40.67638,-73.938583
1436119,1781 Lexington Grocery Corp,Convenience Store,1781 Lexington Ave,New York,Manhattan,10029,NEW YORK,NY,40.794994,-73.944099
1436122,Feng Tai Market Inc no,Grocery Store,4506 8th Ave,Brooklyn,Brooklyn,11220,KINGS,NY,40.643822,-74.001106
1453126,Amsterdam Marketplace L L C,Convenience Store,175 W 79th St,New York,Manhattan,10024,NEW YORK,NY,40.783142,-73.977921
1453184,2176 Deli And Grocery Inc,Convenience Store,2176 2nd Ave,New York,Manhattan,10029,NEW YORK,NY,40.794247,-73.939484
1453310,Organic Fresh Market Corp,Grocery Store,1440 Broadway,Brooklyn,Brooklyn,11221,KINGS,NY,40.687962,-73.919777
1570260,Amalya 1 Corp,Convenience Store,6824 Main St,Flushing,Queens,11367,QUEENS,NY,40.732697,-73.825226
1453355,Lay Deli Grocery Inc,Convenience Store,125 W 165th St,Bronx,Bronx,10452,BRONX,NY,40.834297,-73.927849
1453359,Bethel Food Corp,Convenience Store,80 W 183rd St,Bronx,Bronx,10453,BRONX,NY,40.859161,-73.906723
1422910,Joy 116 Food Corp/Joy Fruit,Grocery Store,11608 Metroplitan Avenue,Kew Gardens,Queens,11418,QUEENS,NY,40.707298,-73.835938
1422276,Good Times Deli Corp,Convenience Store,131 Alexander Ave,Bronx,Bronx,10454,BRONX,NY,40.807171,-73.927475
1453698,Candy Land Los Meza Inc,Convenience Store,791 Van Duzer St,Staten Island,Staten Island,10304,RICHMOND,NY,40.620258,-74.085648
1422304,Lin Family Fruits & Vegetables Inc,Specialty Store,5602 8th Ave,Brooklyn,Brooklyn,11220,KINGS,NY,40.637741,-74.007423
1452805,Marcos Grocery & Deli Inc,Grocery Store,900 Riverside Dr,New York,Manhattan,10032,NEW YORK,NY,40.838062,-73.946053
1453507,Stuy Grill & Deli Corp,Convenience Store,345 1st Ave,New York,Manhattan,10010,NEW YORK,NY,40.735188,-73.980003
1423326,Pleasant Food Inc.,Convenience Store,320 Pleasant Ave,New York,Manhattan,10035,NEW YORK,NY,40.795769,-73.932404
1453762,K&w Grocery Inc,Convenience Store,627 E 222nd St,Bronx,Bronx,10467,BRONX,NY,40.886726,-73.864098
1453771,7-Eleven 11459b,Convenience Store,2084 Victory Blvd,Staten Island,Staten Island,10314,RICHMOND,NY,40.612087,-74.132881
1598335,Emanuel Deli & Grocery Corp 2,Grocery Store,290 Kings Hwy,Brooklyn,Brooklyn,11223,KINGS,NY,40.605034,-73.979774
1422727,Lupita Restaurant Corp.,Convenience Store,3829 Broadway,New York,Manhattan,10032,NEW YORK,NY,40.835739,-73.943977
1588460,Lenox Deli And Convenience Corp,Convenience Store,100 Lenox Ave,New York,Manhattan,10026,NEW YORK,NY,40.80138,-73.949821
1625733,Big Bite Deli NA,Convenience Store,3113 Church Ave,Brooklyn,Brooklyn,11226,KINGS,NY,40.651009,-73.94809
1423392,European Market Inc,Grocery Store,8316 3rd Ave,Brooklyn,Brooklyn,11209,KINGS,NY,40.625271,-74.03051
1422765,Shing Hing Food Inc,Grocery Store,1801C Avenue U,Brooklyn,Brooklyn,11229,KINGS,NY,40.599213,-73.953484
1396746,Kings Apple Farmers Market Inc,Grocery Store,1055 Brighton Beach Ave,Brooklyn,Brooklyn,11235,KINGS,NY,40.578426,-73.957863
1423092,Yumze Inc,Convenience Store,2001 New Haven Ave,Far Rockaway,Queens,11691,QUEENS,NY,40.600632,-73.753914
1452874,Salah Market Corp,Grocery Store,700A Grand Concourse,Bronx,Bronx,10451,BRONX,NY,40.822056,-73.924965
1453840,La Roman Deli Grocery Inc,Convenience Store,212 W Kingsbridge Rd,Bronx,Bronx,10463,BRONX,NY,40.871826,-73.904663
1597489,D'valery Deli Food Corp,Convenience Store,547 W 186th St,New York,Manhattan,10033,NEW YORK,NY,40.852036,-73.930389
1625114,Sanahy Food Corner Corp,Convenience Store,19821 Hollis Ave,Saint Albans,Queens,11412,QUEENS,NY,40.706425,-73.758858
1598572,Pelle Meat & Produce Market 26-2426656,Grocery Store,931 E 174th St,Bronx,Bronx,10460,BRONX,NY,40.837265,-73.886978
1403312,T K Food Market Corp,Grocery Store,78 Lee Ave,Brooklyn,Brooklyn,11211,KINGS,NY,40.705349,-73.959732
1477505,La Nueva Giralda Bakery Inc NO,Specialty Store,1045 1/2 Westchester Ave,Bronx,Bronx,10459,BRONX,NY,40.824467,-73.892502
1477536,Mdk Grocery Inc,Grocery Store,100 Audubon Ave,New York,Manhattan,10032,NEW YORK,NY,40.841965,-73.937477
1476464,Alwatan Halal Meat Market Corp,Grocery Store,1449 Hylan Blvd,Staten Island,Staten Island,10305,RICHMOND,NY,40.593132,-74.087425
1476543,Nature Deli Corp,Convenience Store,228 Livingston St,Brooklyn,Brooklyn,11201,KINGS,NY,40.689236,-73.985039
1476631,Jordan Supermarket Corp,Grocery Store,940 E 174th St,Bronx,Bronx,10460,BRONX,NY,40.836922,-73.886765
1565183,291 Buffalo Grill Deli Corp,Convenience Store,291 Buffalo Ave,Brooklyn,Brooklyn,11213,KINGS,NY,40.668907,-73.9254
1410754,Estefania Deli Grocery Corp,Convenience Store,4824 6th Ave,Brooklyn,Brooklyn,11220,KINGS,NY,40.644489,-74.007568
1477115,La Casa Grande Ny Corp 1,Convenience Store,9038 Corona Ave,Elmhurst,Queens,11373,QUEENS,NY,40.741989,-73.874115
1477117,Fatim's African Market,Other,1779 Southern Blvd,Bronx,Bronx,10460,BRONX,NY,40.837952,-73.887627
1477221,Amishapara Bazar Inc,Grocery Store,88 Church Ave,Brooklyn,Brooklyn,11218,KINGS,NY,40.642456,-73.979942
1477269,Alex Grocery & News Inc.,Convenience Store,300 Broadway,Brooklyn,Brooklyn,11211,KINGS,NY,40.708359,-73.958107
1477298,Epifanio Guerrero,Grocery Store,1627 Mermaid Ave,Brooklyn,Brooklyn,11224,KINGS,NY,40.576778,-73.984581
1403429,Kahan's Superette Inc.,Grocery Store,317 Kingston Ave,Brooklyn,Brooklyn,11213,KINGS,NY,40.668339,-73.942261
1476850,603 Deli Pizza Corp,Convenience Store,603 Avenue Z,Brooklyn,Brooklyn,11223,KINGS,NY,40.586262,-73.971588
1476930,Calihouse Nutrition,Grocery Store,167 Hester St,New York,Manhattan,10013,NEW YORK,NY,40.7178,-73.996635
1476962,Real Guyana West Indian Market Llc,Grocery Store,10507 Liberty Avenue,Ozone Park,Queens,11417,QUEENS,NY,40.682705,-73.83593
1477662,Alex Deli Food Corp,Convenience Store,1872 Bergen St,Brooklyn,Brooklyn,11233,KINGS,NY,40.674328,-73.919327
1477750,Sam Natural Deli Corp,Convenience Store,281 Nostrand Ave,Brooklyn,Brooklyn,11216,KINGS,NY,40.689014,-73.951149
1411159,Corona Cafe,Convenience Store,5306 108th St,Corona,Queens,11368,QUEENS,NY,40.742432,-73.854675
1596359,Apna Bazar Farmers Market,Grocery Store,124-16 Liberty Ave,South Richmond Hill,Queens,11419,QUEENS,NY,40.687908,-73.819527
1403881,Youngs Food Market Inc.,Grocery Store,8774 Parsons Blvd,Jamaica,Queens,11432,QUEENS,NY,40.707233,-73.802788
1477878,We Run 4u Inc,Grocery Store,6809 Fort Hamilton Pkwy,Brooklyn,Brooklyn,11219,KINGS,NY,40.628891,-74.011551
1411017,4th Ave Fine Food 0,Convenience Store,514 4th Ave,Brooklyn,Brooklyn,11215,KINGS,NY,40.667961,-73.990974
1411022,Bhakti 11 Inc - Stop & Go Deli Convenience,Convenience Store,4111 Union St,Flushing,Queens,11355,QUEENS,NY,40.758949,-73.825645
1599676,N-Out Deli & Grill Corp.,Convenience Store,111-02 Merrick Blvd,Jamaica,Queens,11433,QUEENS,NY,40.694321,-73.781563
1411928,Food Double Discount Inc,Other,428 Utica Ave,Brooklyn,Brooklyn,11213,KINGS,NY,40.66396,-73.931778
1642463,El Bronx Bodega and Deli,Convenience Store,1815 Grand Concourse,Bronx,Bronx,10453,BRONX,NY,40.847446,-73.908485
1641843,7 Stars Convenience 1 Corp,Other,3531 White Plains Rd,Bronx,Bronx,10467,BRONX,NY,40.878365,-73.866318
1412002,Sanz Meat,Specialty Store,4720 New Utrecht Ave,Brooklyn,Brooklyn,11219,KINGS,NY,40.63784,-73.994743
1616317,439 N L Food Corp.,Convenience Store,439 New Lots Ave,Brooklyn,Brooklyn,11207,KINGS,NY,40.662724,-73.891388
1405226,Family Dollar 13004,Other,867 Longwood Ave,Bronx,Bronx,10459,BRONX,NY,40.819157,-73.900909
1423656,Fresco,Specialty Store,62 E 170th St,Bronx,Bronx,10452,BRONX,NY,40.839581,-73.916374
1423713,Express Convenience Stationary Corp,Convenience Store,3500 White Plains Rd,Bronx,Bronx,10467,BRONX,NY,40.877411,-73.865997
1423715,Costa Del Sur Deli Corp,Convenience Store,2952 Fulton St,Brooklyn,Brooklyn,11207,KINGS,NY,40.679459,-73.885803
1423807,Banana Supermarket Inc,Grocery Store,145 Ridgewood Ave,Brooklyn,Brooklyn,11208,KINGS,NY,40.683151,-73.883308
1574101,Frutas Locas Mary Corp,Convenience Store,48 New Dorp Plz S,Staten Island,Staten Island,10306,RICHMOND,NY,40.573547,-74.116653
1636042,F&f Deli Grill & Grocery,Convenience Store,5502 Church Ave,Brooklyn,Brooklyn,11203,KINGS,NY,40.652344,-73.925461
1630931,Mos 1 Deli & Grocery Corporation,Grocery Store,82A Nagle Ave,New York,Manhattan,10040,NEW YORK,NY,40.860554,-73.928146
1598932,The Corner Deli Grill Store Inc.,Convenience Store,7939 Myrtle Ave,Glendale,Queens,11385,QUEENS,NY,40.703003,-73.869293
1649469,Neymar Farms Import Llc,Grocery Store,5109 Church Ave,Brooklyn,Brooklyn,11203,KINGS,NY,40.652023,-73.929291
1411424,Dollar Tree 7519,Other,679 Van Sinderen Ave,Brooklyn,Brooklyn,11207,KINGS,NY,40.659966,-73.899368
1664821,Broadway Sage Corp,Convenience Store,3360 Broadway,New York,Manhattan,10031,NEW YORK,NY,40.820549,-73.954437
1569701,Sun Hao,Grocery Store,3902 Union St,Flushing,Queens,11354,QUEENS,NY,40.760883,-73.827042
1646930,JS Church,Grocery Store,4724 Church Ave,Brooklyn,Brooklyn,11203,KINGS,NY,40.651527,-73.932465
1404503,Family Dollar 13002,Other,12430 Flatlands Ave,Brooklyn,Brooklyn,11239,KINGS,NY,40.657612,-73.874657
1650296,Washington Market,Convenience Store,8319 20th Ave,Brooklyn,Brooklyn,11214,KINGS,NY,40.605877,-73.996742
1404515,Lee's Family Farm Corp,Grocery Store,2901 Broadway,Astoria,Queens,11106,QUEENS,NY,40.762772,-73.926781
1411453,Matanzas Deli Market Corp,Convenience Store,1564 Park Pl,Brooklyn,Brooklyn,11213,KINGS,NY,40.671959,-73.925407
1411503,J & R,Grocery Store,3399 White Plains Rd,Bronx,Bronx,10467,BRONX,NY,40.875195,-73.867249
1665202,Sunshine Convenience Inc,Convenience Store,2476 86th St,Brooklyn,Brooklyn,11214,KINGS,NY,40.598011,-73.987648
1663928,3478 Grocery Corp,Grocery Store,3478 Broadway,New York,Manhattan,10031,NEW YORK,NY,40.824314,-73.95166
1424789,7 Eleven Store # 38309B,Convenience Store,2290 Forest Ave,Staten Island,Staten Island,10303,RICHMOND,NY,40.62719,-74.165977
1424819,Molina Mini Market Corp,Grocery Store,1266 Grand Concourse,Bronx,Bronx,10456,BRONX,NY,40.83577,-73.916039
1466034,292 American Deli Inc,Grocery Store,52 W 125th St,New York,Manhattan,10027,NEW YORK,NY,40.807064,-73.944183
1466106,Ozone Park Supermarket And Halal Meat Inc,Grocery Store,7819 101st Ave,Ozone Park,Queens,11416,QUEENS,NY,40.680489,-73.859505
1424471,Ramales Grill Deli Corp,Convenience Store,936 Morris Ave,Bronx,Bronx,10456,BRONX,NY,40.827381,-73.91729
1424199,Asi Soy Yo Deli Grocery Corp,Convenience Store,792 Belmont Ave,Brooklyn,Brooklyn,11208,KINGS,NY,40.672779,-73.88031
1512626,Home Chef Catering 7187495745,Other,23114 Merrick Blvd,Laurelton,Queens,11413,QUEENS,NY,40.675495,-73.739059
1512639,La Simpatia Grocery Corp,Grocery Store,10513 Northern Blvd,Corona,Queens,11368,QUEENS,NY,40.757801,-73.863235
1512642,15908 Deli Gourmet Corp,Convenience Store,159-08 Harlem River Drive,New York,Manhattan,10039,NEW YORK,NY,40.83223,-73.935638
1424488,Fresh Market Gourmet Deli Corp,Convenience Store,974 Manhattan Ave,Brooklyn,Brooklyn,11222,KINGS,NY,40.732422,-73.954475
1512371,Imperio Grocery Corp,Grocery Store,728 E 233rd St,Bronx,Bronx,10466,BRONX,NY,40.892891,-73.856285
1512372,Seafood King Fish Market Inc. 3903,Other,3903 Broadway,New York,Manhattan,10032,NEW YORK,NY,40.838074,-73.942284
1424514,Health Choice Pharmacy,Other,3735 Nostrand Ave,Brooklyn,Brooklyn,11235,KINGS,NY,40.592812,-73.940208
1466144,Convenience 336 Corporation,Convenience Store,336 E 167th St,Bronx,Bronx,10456,BRONX,NY,40.830921,-73.912704
1424565,Las Aguilas Deli Food Corp,Convenience Store,1131 Havemeyer Ave,Bronx,Bronx,10462,BRONX,NY,40.831059,-73.847847
1454232,Manuel Fish Market Inc.,Specialty Store,1369 Forest Ave,Staten Island,Staten Island,10302,RICHMOND,NY,40.625637,-74.135162
1632647,801 Tasty Deli Corp.,Convenience Store,801A Soundview Ave,Bronx,Bronx,10473,BRONX,NY,40.821156,-73.86615
1512723,Panda Deli And Grocery,Grocery Store,7021 Fort Hamilton Pkwy,Brooklyn,Brooklyn,11228,KINGS,NY,40.62775,-74.013252
1424615,Terminal One,Grocery Store,321 Sand Ln,Staten Island,Staten Island,10305,RICHMOND,NY,40.59211,-74.067764
1512751,Noah Gourmet Deli Inc,Convenience Store,1801 Radcliff Ave,Bronx,Bronx,10462,BRONX,NY,40.847878,-73.857338
1512458,Fulton Deli Grocery Corp,Grocery Store,1565 Fulton St,Brooklyn,Brooklyn,11216,KINGS,NY,40.679932,-73.938683
1512757,African Unity Meat V Corp,Grocery Store,1770 Jerome Ave,Bronx,Bronx,10453,BRONX,NY,40.848232,-73.911751
1424621,Rose African Market Corp,Grocery Store,109-02 Guy R Brewer Blvd,Jamaica,Queens,11433,QUEENS,NY,40.694809,-73.790123
1634495,Echo Drugs,Convenience Store,260 Broadway,Brooklyn,Brooklyn,11211,KINGS,NY,40.708839,-73.959518
1512475,Deli Vision,Convenience Store,1065 Liberty Ave,Brooklyn,Brooklyn,11208,KINGS,NY,40.678402,-73.869881
1424643,Annerys Deli Corp,Grocery Store,2178 Crotona Ave,Bronx,Bronx,10457,BRONX,NY,40.850552,-73.885902
1630936,1918 Grocery 1 Corporation,Grocery Store,1918 Lacombe Ave,Bronx,Bronx,10473,BRONX,NY,40.815521,-73.856979
1466304,Jubilee Market Place,Other,99 John St,New York,Manhattan,10038,NEW YORK,NY,40.708134,-74.006218
1466309,Season Natural Food,Specialty Store,88 Mulberry St,New York,Manhattan,10013,NEW YORK,NY,40.716614,-73.998596
1454698,Chorizos Meats Corp.,Grocery Store,5822 5th Ave,Brooklyn,Brooklyn,11220,KINGS,NY,40.64035,-74.015678
1512212,Karpathian Corp,Grocery Store,4924 New Utrecht Ave,Brooklyn,Brooklyn,11219,KINGS,NY,40.636032,-73.99498
1511947,Diaz Mini Deli-grocery Llc,Grocery Store,601A W 144th St,New York,Manhattan,10031,NEW YORK,NY,40.825878,-73.95105
1512818,Amazing Grace Grocery Store Corp,Grocery Store,4014 69th St,Woodside,Queens,11377,QUEENS,NY,40.745823,-73.8964
1512530,Bushwick Beer & Market Inc.,Convenience Store,1549 Dekalb Ave,Brooklyn,Brooklyn,11237,KINGS,NY,40.702854,-73.92083
1424693,Mommy Jamaican Market 1 Corp,Grocery Store,3508 White Plains Rd,Bronx,Bronx,10467,BRONX,NY,40.877621,-73.865883
1424753,Hood Grocery And Deli Inc,Convenience Store,2191 Clarendon Rd,Brooklyn,Brooklyn,11226,KINGS,NY,40.64291,-73.956589
1454790,7-Eleven 39640A,Other,110 Church St,New York,Manhattan,10007,NEW YORK,NY,40.713806,-74.009521
1424407,Los Limones Deli Grocery Inc,Convenience Store,1330 Halsey St,Brooklyn,Brooklyn,11237,KINGS,NY,40.694408,-73.90654
1454457,74 Familia Deli & Grocery Corp,Grocery Store,74 Nagle Ave,New York,Manhattan,10040,NEW YORK,NY,40.86055,-73.928398
1633991,Balde & Family African American & Caribbean Market,Convenience Store,756 Burke Ave,Bronx,Bronx,10467,BRONX,NY,40.871258,-73.86483
1424412,Sunset Mini Meat Market,Grocery Store,4116 5th Ave,Brooklyn,Brooklyn,11232,KINGS,NY,40.64983,-74.005608
1512590,Ka Wing Hong Corp. 6722,Other,6722 Bay Pkwy,Brooklyn,Brooklyn,11204,KINGS,NY,40.612362,-73.983246
1454463,El Rancho Market Corp,Grocery Store,19 E Kingsbridge Rd,Bronx,Bronx,10468,BRONX,NY,40.867413,-73.896378
1424437,R & B Seafood Supermarket Inc,Grocery Store,9317 63rd Dr,Rego Park,Queens,11374,QUEENS,NY,40.7285,-73.863541
1512599,PASTRAMI DELI ANDD GROCERY CO,Convenience Store,902 Dekalb Ave,Brooklyn,Brooklyn,11221,KINGS,NY,40.692608,-73.939781
1413549,Bismillah Super Grocery & Halal Meat Inc. N/A,Grocery Store,1020 Coney Island Ave,Brooklyn,Brooklyn,11230,KINGS,NY,40.63266,-73.967087
1413554,Victor Pharmacy,Other,662 Morris Park Ave,Bronx,Bronx,10462,BRONX,NY,40.844841,-73.867195
1477997,Celtic Deli Inc,Convenience Store,4302 48th Ave,Woodside,Queens,11377,QUEENS,NY,40.739487,-73.922005
1595871,Schwartz Fruits & Veggies Corp,Convenience Store,755 9th Ave,New York,Manhattan,10019,NEW YORK,NY,40.764091,-73.988747
1454819,Iliyas Gourmet Deli 1 Inc.,Convenience Store,3211 Westchester Ave,Bronx,Bronx,10461,BRONX,NY,40.851974,-73.829842
1454827,Eat Fresh Deli Grocery Corp,Grocery Store,1724 Church Ave,Brooklyn,Brooklyn,11226,KINGS,NY,40.649273,-73.963203
1454861,Los Dos Carnales Corp,Convenience Store,4802 Avenue N,Brooklyn,Brooklyn,11234,KINGS,NY,40.618622,-73.92865
1454868,Hermanos Organic Deli Corp,Grocery Store,57 Malcolm X Blvd,Brooklyn,Brooklyn,11221,KINGS,NY,40.692131,-73.930756
1454994,Tavarez Deli Grocery Corp,Grocery Store,620 E 188th St,Bronx,Bronx,10458,BRONX,NY,40.855881,-73.886032
1628366,Shebamz Bx Corp,Convenience Store,3 E Mount Eden Ave,Bronx,Bronx,10452,BRONX,NY,40.844368,-73.914627
1412298,Nadals Deli Corp,Grocery Store,3399 Broadway,New York,Manhattan,10031,NEW YORK,NY,40.822029,-73.953995
1412616,Rahmas Poultry Inc 3,Specialty Store,2310 W 7th St,Brooklyn,Brooklyn,11223,KINGS,NY,40.591492,-73.977707
1412630,Budi Halal Meat Market Inc,Specialty Store,149 21st St,Brooklyn,Brooklyn,11232,KINGS,NY,40.663349,-73.996544
1664803,La Pequena Tienda & Deli Inc,Convenience Store,10615 Northern Blvd,Corona,Queens,11368,QUEENS,NY,40.757938,-73.862152
1412868,Treasure Group Inc,Grocery Store,10206 Jamaica Ave,Richmond Hill,Queens,11418,QUEENS,NY,40.695049,-73.845016
1653090,Harvest Valley Deli,Convenience Store,104 Ralph Ave,Brooklyn,Brooklyn,11221,KINGS,NY,40.686459,-73.923561
1478168,Urban Market Corp,Convenience Store,1212 Avenue M,Brooklyn,Brooklyn,11230,KINGS,NY,40.617634,-73.962265
1412167,5 Stars Ak Deli Grocery Inc,Convenience Store,196A Bay St,Staten Island,Staten Island,10301,RICHMOND,NY,40.637379,-74.076767
1412260,Papeleta Deli Grocery Corp,Convenience Store,209 Wilson Ave,Brooklyn,Brooklyn,11237,KINGS,NY,40.698929,-73.922379
1478192,Azal Gourmet Deli 2480 Inc.,Convenience Store,2480 Frederick Douglass Blvd,New York,Manhattan,10027,NEW YORK,NY,40.814972,-73.947456
1478199,Nahshal Deli & Grocery Corp,Convenience Store,1705 Ralph Ave,Brooklyn,Brooklyn,11236,KINGS,NY,40.635311,-73.918739
1478565,Carroll Garden Deli Grocery Inc.,Convenience Store,245 Columbia St,Brooklyn,Brooklyn,11231,KINGS,NY,40.684208,-74.002945
1478579,Shun Long Hing Market Inc.,Other,53 E Broadway,New York,Manhattan,10002,NEW YORK,NY,40.713501,-73.995552
1455227,Yi Jie Sha Grocery Inc,Grocery Store,5423 9th Ave,Brooklyn,Brooklyn,11220,KINGS,NY,40.636944,-74.00412
1478592,Baisley Food Corp I,Convenience Store,14702 Rockaway Blvd,Jamaica,Queens,11436,QUEENS,NY,40.673264,-73.79068
1478239,Dj Food Market Corp,Grocery Store,860 Flatbush Ave,Brooklyn,Brooklyn,11226,KINGS,NY,40.651279,-73.959099
1478246,4577 Yamilka Deli Grocery Corp.,Grocery Store,4577 Matilda Ave,Bronx,Bronx,10470,BRONX,NY,40.902775,-73.85347
1412405,Akeel Deli And Market Corp,Convenience Store,645 Mother Gaston Blvd,Brooklyn,Brooklyn,11212,KINGS,NY,40.662941,-73.904945
1478313,The B Deli Grocery Plus Inc.,Convenience Store,1738 E Gun Hill Rd,Bronx,Bronx,10469,BRONX,NY,40.864735,-73.835724
1478433,Third Ave Grocery Store Corp,Convenience Store,2223 3rd Ave,New York,Manhattan,10035,NEW YORK,NY,40.80122,-73.937408
1653345,EJ Organic Market Corp,Grocery Store,1218 Myrtle Ave,Brooklyn,Brooklyn,11221,KINGS,NY,40.697517,-73.929504
1413064,H & B Fresh Produce Corp,Grocery Store,20 E Gun Hill Rd,Bronx,Bronx,10467,BRONX,NY,40.882179,-73.880707
1478669,61 St Big Apple Deli Grocery Corp,Convenience Store,6101 Grand Ave,Maspeth,Queens,11378,QUEENS,NY,40.722046,-73.904266
1455356,Nature's Vida Corp,Convenience Store,5305 Roosevelt Ave,Woodside,Queens,11377,QUEENS,NY,40.744564,-73.911423
1413437,20 Avenue A Inc.,Convenience Store,20 Avenue A,New York,Manhattan,10009,NEW YORK,NY,40.72279,-73.985725
1460244,1334 Richmond Road Corp,Convenience Store,1334 Richmond Rd,Staten Island,Staten Island,10304,RICHMOND,NY,40.595581,-74.096237
1455398,Moe's 1 Deli & Grill,Convenience Store,1147 Castleton Ave,Staten Island,Staten Island,10310,RICHMOND,NY,40.634438,-74.120575
1413148,Kingdom Live Poultry Inc,Specialty Store,12715 Rockaway Blvd,South Ozone Park,Queens,11420,QUEENS,NY,40.675289,-73.810135
1455411,Town Market Corp,Grocery Store,700 Morris Park Ave,Bronx,Bronx,10462,BRONX,NY,40.845028,-73.865814
1478774,Matrix 2.0 Market,Grocery Store,107-05 Liberty Avenue,South Richmond Hills,Queens,11419,QUEENS,NY,40.683578,-73.834091
1478829,Sun Tung-Fat Meats Inc,Specialty Store,19 Catherine St,New York,Manhattan,10038,NEW YORK,NY,40.713009,-73.997101
1478921,4306 Happy Grocery Inc.,Convenience Store,4306 National St,Corona,Queens,11368,QUEENS,NY,40.746559,-73.864014
1479262,Plaza Meat Inc,Specialty Store,2318 31st St,Astoria,Queens,11105,QUEENS,NY,40.774052,-73.913528
1437662,Monroe F & H Gourmet Deli Corp,Convenience Store,57 Market St,New York,Manhattan,10002,NEW YORK,NY,40.711479,-73.99437
1405879,Francis Deli Grocery Corp,Convenience Store,1229 Franklin Ave,Bronx,Bronx,10456,BRONX,NY,40.830662,-73.903313
1405862,Gs Deli N Grocery Corp,Convenience Store,367 Rockaway Ave,Brooklyn,Brooklyn,11212,KINGS,NY,40.671089,-73.910957
1405896,Reina De La Nube Deli Grocery Corp,Grocery Store,10920 Jamaica Ave,Richmond Hill,Queens,11418,QUEENS,NY,40.696117,-73.838066
1479103,Xi Duo Duo Grocery Inc.,Convenience Store,4408 8th Ave,Brooklyn,Brooklyn,11220,KINGS,NY,40.644398,-74.000519
1437869,Dekalb Food Mart Inc.,Grocery Store,885 Dekalb Ave,Brooklyn,Brooklyn,11221,KINGS,NY,40.692669,-73.941055
1663384,Aislyn Meat Market Inc,Grocery Store,3981 Laconia Ave,Bronx,Bronx,10466,BRONX,NY,40.884552,-73.849304
1438010,J & N Tobacco & Organic Corp,Convenience Store,2133 3rd Ave,New York,Manhattan,10035,NEW YORK,NY,40.798267,-73.93956
1438022,Crossbay Seashell Fish Market,Specialty Store,161-14 Crossbay Boulevard,Howard Beach,Queens,11414,QUEENS,NY,40.6553,-73.839317
1407001,La Mia Food Market Corp,Convenience Store,2416 40th Ave,Long Island City,Queens,11101,QUEENS,NY,40.753487,-73.938278
1437076,Castle Mini Market & Deli Corp,Convenience Store,668 Castle Hill Ave,Bronx,Bronx,10473,BRONX,NY,40.820621,-73.847946
1437115,Leroy Pharmacy Ii Llc,Other,239 E 198th St,Bronx,Bronx,10458,BRONX,NY,40.869389,-73.889473
1479114,Paulino Ramales,Specialty Store,747 Bartholdi St,Bronx,Bronx,10467,BRONX,NY,40.874298,-73.865242
1406328,La Esquina Food Corp,Grocery Store,206 Hoyt St,Brooklyn,Brooklyn,11217,KINGS,NY,40.684139,-73.989571
1406334,Brooklyn Way Deli Corp,Convenience Store,140 Utica Ave,Brooklyn,Brooklyn,11213,KINGS,NY,40.674107,-73.930672
1437247,2732 Convenience Grocery Corp,Convenience Store,2732 Broadway,New York,Manhattan,10025,NEW YORK,NY,40.800159,-73.967773
1437532,Loly's Pharmacy Inc,Other,21 W 183rd St,Bronx,Bronx,10453,BRONX,NY,40.858822,-73.904938
1406729,La Milagrosa Grocery,Convenience Store,1052 Gerard Ave,Bronx,Bronx,10452,BRONX,NY,40.831799,-73.922272
1479233,7-eleven Store #39516a 39516A,Convenience Store,800 6th Ave,New York,Manhattan,10001,NEW YORK,NY,40.745567,-73.990784
1437356,Daily Market Corp/Healthy Market,Grocery Store,632 10th Ave,New York,Manhattan,10036,NEW YORK,NY,40.761379,-73.993973
1513379,Sory's Mini Market Corp,Convenience Store,3519 White Plains Rd,Bronx,Bronx,10467,BRONX,NY,40.878025,-73.866646
1513434,Ayham Deli Grocery & Grill Corp.,Convenience Store,350 Brook Ave,Bronx,Bronx,10454,BRONX,NY,40.810081,-73.917587
1513455,Manhattan 8th Ave Inc,Grocery Store,322 8th Ave,New York,Manhattan,10001,NEW YORK,NY,40.74712,-73.996628
1513509,Mahyoob Deli Grocery Corp,Convenience Store,56 W 183rd St,Bronx,Bronx,10453,BRONX,NY,40.859028,-73.90609
1512986,J-city Deli Corp,Grocery Store,107-02 37th Avenue,Corona,Queens,11368,QUEENS,NY,40.753815,-73.861443
1438400,A&d Mexican Deli Grocery Corp,Grocery Store,6306 Broadway,Woodside,Queens,11377,QUEENS,NY,40.749771,-73.899017
1650963,Webster Discount 1 Corp,Convenience Store,1429 Webster Ave,Bronx,Bronx,10456,BRONX,NY,40.837036,-73.907173
1425252,An An Mart Inc,Grocery Store,6011 Roosevelt Ave,Woodside,Queens,11377,QUEENS,NY,40.745583,-73.904327
1425793,La Ideal Meat Market Corp.,Grocery Store,4805 5th Ave,Brooklyn,Brooklyn,11220,KINGS,NY,40.645962,-74.009216
1438087,Tasty Gourmet And Deli Corp,Convenience Store,1060 Greene Ave,Brooklyn,Brooklyn,11221,KINGS,NY,40.69125,-73.925446
1426169,D W National Bakery Inc. N/A,Other,767 Allerton Ave,Bronx,Bronx,10467,BRONX,NY,40.865631,-73.86467
1513637,Aferrados Deli Grocery,Grocery Store,10404 Northern Blvd,Corona,Queens,11368,QUEENS,NY,40.757557,-73.864395
1513639,Luna Fruit & Grocery Corp,Grocery Store,704 Seneca Ave,Ridgewood,Queens,11385,QUEENS,NY,40.702633,-73.9076
1513643,Qi & Yu Grocery Inc,Grocery Store,5713 8th Ave,Brooklyn,Brooklyn,11220,KINGS,NY,40.63678,-74.008018
1659149,Wallys Gourmet Deli 1 Corp,Convenience Store,4222 White Plains Rd,Bronx,Bronx,10466,BRONX,NY,40.894039,-73.856804
1438147,New York Fruit King Inc.,Grocery Store,1507 Kings Hwy,Brooklyn,Brooklyn,11229,KINGS,NY,40.608994,-73.958015
1438158,Liberty West Indian & American Grocery,Grocery Store,10809 Liberty Ave,South Richmond Hill,Queens,11419,QUEENS,NY,40.684059,-73.833199
1653734,500 Baez Corporation,Grocery Store,1400 Grand Concourse,Bronx,Bronx,10456,BRONX,NY,40.838844,-73.9133
1426221,Kn Bakery & Coffee Shop Corp. N/A,Convenience Store,231B E 149th St,Bronx,Bronx,10451,BRONX,NY,40.817768,-73.923859
1426232,Adyel Deli Grocery Corp,Grocery Store,1410 Bronx River Ave,Bronx,Bronx,10472,BRONX,NY,40.83403,-73.879341
1425639,Tulcingo Cafe & Deli,Grocery Store,4168 White Plains Rd,Bronx,Bronx,10466,BRONX,NY,40.892601,-73.85759
1513703,Family African Meat Market Corporation,Grocery Store,4028 White Plains Rd,Bronx,Bronx,10466,BRONX,NY,40.889359,-73.859398
1664766,Los Hijos De Chorro Deli Grocery Ii Corp,Grocery Store,1278 Grand Concourse,Bronx,Bronx,10456,BRONX,NY,40.836166,-73.915672
1513172,Superior Stop Deli Corp,Convenience Store,1083 Utica Ave,Brooklyn,Brooklyn,11203,KINGS,NY,40.646484,-73.929619
1513714,108 Park Deli Corp,Grocery Store,108 E 126th St,New York,Manhattan,10035,NEW YORK,NY,40.805325,-73.93782
1425655,38 Farms Corp,Grocery Store,3802 108th St,Corona,Queens,11368,QUEENS,NY,40.752151,-73.85968
1438609,H & M Deli Grocery 1 Corp,Grocery Store,532 Wilson Ave,Brooklyn,Brooklyn,11207,KINGS,NY,40.691483,-73.909744
1438618,Khasky,Grocery Store,426 Avenue U,Brooklyn,Brooklyn,11223,KINGS,NY,40.597389,-73.968315
1425122,Friendly Deli Inc,Convenience Store,671 Kelly St,Bronx,Bronx,10455,BRONX,NY,40.81546,-73.902367
1426028,Mommy Shop Inc,Convenience Store,5656 Myrtle Ave,Ridgewood,Queens,11385,QUEENS,NY,40.700241,-73.90419
1438295,Late Night 905 Inc. 1,Convenience Store,905 Metropolitan Ave,Brooklyn,Brooklyn,11211,KINGS,NY,40.714699,-73.938881
1425407,Valencia Bakery 2,Convenience Store,159 E 103rd St,New York,Manhattan,10029,NEW YORK,NY,40.79018,-73.947105
1438301,AMG Retail LLC 20,Convenience Store,466 10th Ave,New York,Manhattan,10018,NEW YORK,NY,40.75605,-73.997688
1426056,Bichri African Market,Grocery Store,648 Throop Ave,Brooklyn,Brooklyn,11216,KINGS,NY,40.68013,-73.940521
1424899,M & M Grocery Corp,Convenience Store,1854 Nostrand Ave,Brooklyn,Brooklyn,11226,KINGS,NY,40.640488,-73.948624
1425431,Raymond Deli & Grocery Corp,Grocery Store,297 Brook Ave,Bronx,Bronx,10454,BRONX,NY,40.80909,-73.918503
1425712,La Pinata Mexicana,Convenience Store,7801 Jamaica Ave,Woodhaven,Queens,11421,QUEENS,NY,40.69194,-73.864029
1425750,Belinda African Caribbean,Other,1163 Boston Rd,Bronx,Bronx,10456,BRONX,NY,40.82872,-73.903465
1591402,Santos Gourmet Deli & Grocery Corporation,Convenience Store,4672 Broadway,New York,Manhattan,10040,NEW YORK,NY,40.863163,-73.929626
1456711,Good Luck Grocery Store Inc,Convenience Store,1102 Avenue U,Brooklyn,Brooklyn,11223,KINGS,NY,40.598103,-73.96096
1456787,The Butcher's Choice,Specialty Store,446 E 149th St,Bronx,Bronx,10455,BRONX,NY,40.815086,-73.915733
1456473,Southern Pharmacy Inc,Convenience Store,1301 Southern Blvd,Bronx,Bronx,10459,BRONX,NY,40.831074,-73.891853
1456479,"Fresh Produce 33 Inc/Produce On ""P""",Grocery Store,470 Avenue P,Brooklyn,Brooklyn,11223,KINGS,NY,40.608868,-73.970062
1413920,Asian Trading Inc,Other,8507 20th Ave,Brooklyn,Brooklyn,11214,KINGS,NY,40.604931,-73.997704
1415060,Afaa Enterprise Inc,Grocery Store,2544B White Plains Rd,Bronx,Bronx,10467,BRONX,NY,40.864456,-73.86731
1415121,Sui Lam Kung Inc,Convenience Store,280 Kings Hwy,Brooklyn,Brooklyn,11223,KINGS,NY,40.605068,-73.980385
1455686,Camilo Rosado Deli Grocery Corp,Convenience Store,2003 Amsterdam Ave,New York,Manhattan,10032,NEW YORK,NY,40.834133,-73.940758
1455767,145 Food Plaza Corp,Convenience Store,701 Lenox Ave,New York,Manhattan,10039,NEW YORK,NY,40.820824,-73.93647
1455883,607 Deli Corp,Grocery Store,607 9th Ave,New York,Manhattan,10036,NEW YORK,NY,40.759392,-73.992348
1457031,Tenares Deli Ny Corp,Convenience Store,1468 Prospect Pl,Brooklyn,Brooklyn,11213,KINGS,NY,40.672939,-73.927788
1457115,Manhattan Ville Deli Gourmet Inc.,Grocery Store,1437 Amsterdam Ave,New York,Manhattan,10027,NEW YORK,NY,40.816334,-73.953705
1413595,Union Hall Deli & Grocery Inc,Convenience Store,9225 Union Hall St,Jamaica,Queens,11433,QUEENS,NY,40.703987,-73.797714
1513822,MATAMOROS DELI MARKET,Grocery Store,533 Port Richmond Avenue,Staten Island,Staten Island,10302,RICHMOND,NY,40.629787,-74.140175
1513932,Seven Days Food Store Inc.,Convenience Store,9083 Sutphin Blvd,Jamaica,Queens,11435,QUEENS,NY,40.700867,-73.807594
1513955,K&K Grocery NY Inc,Grocery Store,2308 86th St,Brooklyn,Brooklyn,11214,KINGS,NY,40.600296,-73.991409
1514002,Tanvi Food Market Inc,Grocery Store,4614 Ditmars Blvd,Astoria,Queens,11105,QUEENS,NY,40.769947,-73.902168
1514008,American Metro Gourmet Deli Corp,Convenience Store,488 Metropolitan Ave,Brooklyn,Brooklyn,11211,KINGS,NY,40.713955,-73.952721
1514040,127 Family Gourmet Deli 2366 Inc.,Convenience Store,2366 Frederick Douglass Blvd,New York,Manhattan,10027,NEW YORK,NY,40.811302,-73.950127
1456048,Campo Verde Food Market Corp,Grocery Store,568 Richmond Rd,Staten Island,Staten Island,10304,RICHMOND,NY,40.61277,-74.087326
1514106,Appletree Market,Grocery Store,1225 Amsterdam Ave,New York,Manhattan,10027,NEW YORK,NY,40.809578,-73.958817
1514114,H & S Deli And Grill Corp.,Convenience Store,284 Utica Ave,Brooklyn,Brooklyn,11213,KINGS,NY,40.66832,-73.931305
1413677,American Star Deli Corp,Convenience Store,2719 39th Ave,Long Island City,Queens,11101,QUEENS,NY,40.75407,-73.935295
1514148,Castle Hill Fruits & Grocery Inc,Grocery Store,2167 Cross Bronx Expy,Bronx,Bronx,10462,BRONX,NY,40.830883,-73.851364
1456099,Euro Village,Convenience Store,2027 Avenue U,Brooklyn,Brooklyn,11229,KINGS,NY,40.599613,-73.950539
1456103,E.c. Deli & Grocery Corp.,Convenience Store,1388 Jesup Ave,Bronx,Bronx,10452,BRONX,NY,40.840698,-73.920837
1654792,Grand Gourmet Deli 1 Corp,Convenience Store,322A Grand Concourse,Bronx,Bronx,10451,BRONX,NY,40.814625,-73.928741
1654284,Deli Time & Juice Bar Corp,Convenience Store,1353 Edward L Grant Hwy,Bronx,Bronx,10452,BRONX,NY,40.840214,-73.921722
1638183,82 Grocery Candy Inc.,Convenience Store,82 W 165th St,Bronx,Bronx,10452,BRONX,NY,40.833908,-73.927307
1514246,Aleya Deli Grocery Corp,Convenience Store,586 Bushwick Ave,Brooklyn,Brooklyn,11206,KINGS,NY,40.698715,-73.935051
1413825,La Esquinita Poblana Inc,Grocery Store,2342 Hughes Ave,Bronx,Bronx,10458,BRONX,NY,40.854221,-73.887535
1413840,7 Eleven Store  34655b,Convenience Store,9707 Queens Blvd,Rego Park,Queens,11374,QUEENS,NY,40.729919,-73.860931
1455638,Maribel Mini Market Inc,Convenience Store,558 Commonwealth Ave,Bronx,Bronx,10473,BRONX,NY,40.816551,-73.864494
1480498,99c Plus & Deli Grocery,Convenience Store,21512 91st Ave,Queens Village,Queens,11428,QUEENS,NY,40.722721,-73.744987
1479968,Seneca Finest Deli & Grocery Inc.,Convenience Store,802 Seneca Ave,Ridgewood,Queens,11385,QUEENS,NY,40.701351,-73.905434
1480641,48 Broadway Supermarket Inc.,Grocery Store,4818 Broadway,Astoria,Queens,11103,QUEENS,NY,40.755524,-73.912155
1480675,7 Eleven Store #32346d,Convenience Store,7201 Eliot Ave,Middle Village,Queens,11379,QUEENS,NY,40.721729,-73.886429
1407410,Mini Fruit Market Deli,Grocery Store,4101 Fort Hamilton Pkwy,Brooklyn,Brooklyn,11219,KINGS,NY,40.64201,-73.991837
1479348,Loyalty Deli Corp.,Grocery Store,1512 Boone Ave,Bronx,Bronx,10460,BRONX,NY,40.832371,-73.885361
1480329,124 Union Stop 1 Food Mart Inc.,Convenience Store,124 Union St,Brooklyn,Brooklyn,11231,KINGS,NY,40.684151,-74.00248
1480398,Pramukh Krupa 4004 Inc,Convenience Store,4004 E Tremont Ave,Bronx,Bronx,10465,BRONX,NY,40.820267,-73.81826
1479707,Bartow Gourmet Deli & Grocery Corp,Grocery Store,2045 Bartow Ave,Bronx,Bronx,10475,BRONX,NY,40.870026,-73.829262
1479709,My Unique Pharmacy Inc,Other,810 55th St,Brooklyn,Brooklyn,11220,KINGS,NY,40.638012,-74.006317
1480016,Prospect Heights Market Corp/Mahfood Market,Convenience Store,648 Washington Ave,Brooklyn,Brooklyn,11238,KINGS,NY,40.679043,-73.964172
1600653,1034 Wyckoff Deli Corp,Convenience Store,1034 Wyckoff Ave,Ridgewood,Queens,11385,QUEENS,NY,40.695271,-73.903694
1606346,New Best Gourmet Deli Corp,Convenience Store,573 E Fordham Rd,Bronx,Bronx,10458,BRONX,NY,40.85891,-73.885696
1439642,Fulton Ave Grocery Corp,Convenience Store,1408 Fulton Ave,Bronx,Bronx,10456,BRONX,NY,40.834686,-73.901627
1407748,Hk Fruit Market Inc,Grocery Store,565 Flatbush Ave,Brooklyn,Brooklyn,11225,KINGS,NY,40.659939,-73.960426
1407778,New Family Fresh Market Corp.,Grocery Store,9713 37th Ave,Corona,Queens,11368,QUEENS,NY,40.752029,-73.869431
1660707,138 Mini Market Corp,Convenience Store,679 E 138th St,Bronx,Bronx,10454,BRONX,NY,40.805565,-73.914078
1407849,Rancho El Tabaco Deli,Grocery Store,3007A 35th Ave,Astoria,Queens,11106,QUEENS,NY,40.758415,-73.928947
1479718,346 Peter Cooper Deli Corporation,Convenience Store,346 E 22nd St,New York,Manhattan,10010,NEW YORK,NY,40.736687,-73.980293
1480027,Inner Market Corp,Convenience Store,437 Tompkins Ave,Brooklyn,Brooklyn,11216,KINGS,NY,40.682404,-73.943588
1479719,Checo Mini Market Corp,Grocery Store,50-19 108th Street,Corona,Queens,11368,QUEENS,NY,40.744095,-73.855171
1407477,Moisey Suleymanov,Convenience Store,315 E Kingsbridge Rd,Bronx,Bronx,10458,BRONX,NY,40.862461,-73.893883
1480030,Ecuatorianita Deli Corp,Convenience Store,978 Longwood Ave,Bronx,Bronx,10459,BRONX,NY,40.817055,-73.897766
1600156,Chapel Deli & Markets Inc.,Convenience Store,52 Flatbush Ave EXT,Brooklyn,Brooklyn,11201,KINGS,NY,40.696918,-73.985344
1479375,Yamadaya,Grocery Store,450 6th Ave,New York,Manhattan,10011,NEW YORK,NY,40.735085,-73.998413
1654499,Nationwide Rosedale Inc,Grocery Store,25301 Rockaway Blvd,Rosedale,Queens,11422,QUEENS,NY,40.63599,-73.740082
1479723,67 Fresh Market Corp,Grocery Store,66 14 16 Beach Channel Dr,Far Rockaway,Queens,11692,QUEENS,NY,40.608574,-73.753899
1480057,Mk Halal Food Market,Grocery Store,2610 3rd Avenue,Bronx,Bronx,10454,BRONX,NY,40.812035,-73.925102
1479730,Gourmet Flaming Grill Inc,Convenience Store,8620 4th Ave,Brooklyn,Brooklyn,11209,KINGS,NY,40.622349,-74.028755
1415634,Broadway Organic Deli Inc,Convenience Store,799 Broadway,Brooklyn,Brooklyn,11206,KINGS,NY,40.69986,-73.940132
1407147,Drisha Deli & Grocery Inc - SB Deli & Convenience,Convenience Store,5002 69th St,Woodside,Queens,11377,QUEENS,NY,40.736801,-73.896126
1415961,Marlow & Daughters,Grocery Store,95 Broadway,Brooklyn,Brooklyn,11249,KINGS,NY,40.710579,-73.965073
1657335,Nepali Food Bazar And Meat Grocery Inc 1,Convenience Store,4041 75th St,Elmhurst,Queens,11373,QUEENS,NY,40.745758,-73.890068
1480089,Tolins Convenience Corp,Convenience Store,2050 Clove Rd,Staten Island,Staten Island,10304,RICHMOND,NY,40.604519,-74.084312
1591411,No7 Grocery Inc,Grocery Store,6102 18th Ave,Brooklyn,Brooklyn,11204,KINGS,NY,40.621437,-73.988068
1576516,The Famous Deli Corp,Convenience Store,4201 Oneida Ave,Bronx,Bronx,10470,BRONX,NY,40.896358,-73.872551
1415973,Walgreens 17269,Other,750 Manhattan Ave,Brooklyn,Brooklyn,11222,KINGS,NY,40.726601,-73.952103
1415974,Walgreens 21315,Other,304 Park Ave S,New York,Manhattan,10010,NEW YORK,NY,40.740028,-73.986679
1652550,Jabar Market Inc,Convenience Store,24602 Francis Lewis Blvd,Rosedale,Queens,11422,QUEENS,NY,40.664162,-73.73455
1479436,Community Green Market,Grocery Store,2250 E Tremont Ave,Bronx,Bronx,10462,BRONX,NY,40.842026,-73.855957
1407568,QB Fish Market,Specialty Store,4415 Queens Blvd,Sunnyside,Queens,11104,QUEENS,NY,40.743591,-73.919907
1332683,Al Tous Corp,Convenience Store,6602 17th Ave,Brooklyn,Brooklyn,11204,KINGS,NY,40.619911,-73.993309
1415761,Bob And Betty's Gourmet Foods Llc,Grocery Store,822 Franklin Ave,Brooklyn,Brooklyn,11225,KINGS,NY,40.66959,-73.958511
1612797,Bani 03 Deli Grocery Corp,Grocery Store,766 E 152nd St,Bronx,Bronx,10455,BRONX,NY,40.81559,-73.906464
1607476,Top Choice 99c Discount Corp.,Convenience Store,6677 Broadway,Bronx,Bronx,10471,BRONX,NY,40.910595,-73.896812
1607228,Gourmet Mini Market,Convenience Store,6044 55th St,Maspeth,Queens,11378,QUEENS,NY,40.715038,-73.910957
1271764,86 Jian Chuan Grocery Inc,Specialty Store,2114 86th St,Brooklyn,Brooklyn,11214,KINGS,NY,40.602921,-73.995773
1479877,Archer Halal Meat Inc,Specialty Store,9256 165th St,Jamaica,Queens,11433,QUEENS,NY,40.703865,-73.793823
1606791,Meiyu Trading Corp.,Grocery Store,2439 86th Street,Brooklyn,Brooklyn,11214,KINGS,NY,40.598755,-73.988052
1596564,B Fresh Deli,Convenience Store,1614 Avenue H,Brooklyn,Brooklyn,11230,KINGS,NY,40.630009,-73.960815
1607010,Kl Grocery Inc.,Other,2218 86th St,Brooklyn,Brooklyn,11214,KINGS,NY,40.601505,-73.993431
1480180,2m Associates Discount Store Inc,Grocery Store,1405 Amsterdam Ave,New York,Manhattan,10027,NEW YORK,NY,40.815235,-73.954681
1607586,D' Lora Corp.,Grocery Store,814 Hewitt Pl,Bronx,Bronx,10459,BRONX,NY,40.818829,-73.89975
1407327,Jj Tompkins Food Corp,Grocery Store,920 Myrtle Ave,Brooklyn,Brooklyn,11206,KINGS,NY,40.695721,-73.945137
1622350,Cerrito Deli Grocery Corporation,Convenience Store,4001 9th Ave,Brooklyn,Brooklyn,11232,KINGS,NY,40.645233,-73.995651
1479283,3181 Green Deli Corp,Convenience Store,3187 Webster Ave,Bronx,Bronx,10467,BRONX,NY,40.873051,-73.874947
1653989,Yummy Picks Inc,Convenience Store,101 Smith St,Brooklyn,Brooklyn,11201,KINGS,NY,40.688301,-73.989265
1479292,Aramco Mini Market Corp,Grocery Store,168 Liberty Ave,Brooklyn,Brooklyn,11212,KINGS,NY,40.673119,-73.904045
1656595,Angel Meat Market Place,Grocery Store,21891 Hempstead Ave,Queens Village,Queens,11429,QUEENS,NY,40.713242,-73.734818
1480218,Kenwood Commerce Inc,Grocery Store,4631 Skillman Ave,Sunnyside,Queens,11104,QUEENS,NY,40.746616,-73.917198
1480249,Midwood Deli Grill Inc.,Convenience Store,1506 Elm Ave,Brooklyn,Brooklyn,11230,KINGS,NY,40.617813,-73.959702
1440068,3433 Deli Grill & Juice Bar Inc,Convenience Store,3433 Boston Rd,Bronx,Bronx,10469,BRONX,NY,40.876205,-73.849442
1575737,Tikva Usa Llc,Specialty Store,10545 64th Rd,Forest Hills,Queens,11375,QUEENS,NY,40.732224,-73.849831
1575692,International Mini Market Nyc Corp.,Grocery Store,14417 Jamaica Ave,Jamaica,Queens,11435,QUEENS,NY,40.702267,-73.810837
1440147,Mami Deli & Mini Market Corp,Convenience Store,523 Rogers Ave,Brooklyn,Brooklyn,11225,KINGS,NY,40.659351,-73.953209
1491170,Bergen Minimarket Corp,Grocery Store,1664 Bergen St,Brooklyn,Brooklyn,11213,KINGS,NY,40.674774,-73.927513
1426482,Karina M M Deli Corp,Convenience Store,14004 Foch Blvd,Jamaica,Queens,11436,QUEENS,NY,40.67812,-73.801193
1491181,Horton's Market Llc,Grocery Store,1453 31st Ave,Astoria,Queens,11106,QUEENS,NY,40.767818,-73.930847
1665183,Willis Market Corp,Convenience Store,362 Willis Ave,Bronx,Bronx,10454,BRONX,NY,40.811806,-73.920708
1513524,Gkk Deli Corp,Convenience Store,316 Franklin Ave,Brooklyn,Brooklyn,11238,KINGS,NY,40.688332,-73.957245
1569941,H & F La Confianza Deli Grocery Corp,Grocery Store,1520 Watson Ave,Bronx,Bronx,10472,BRONX,NY,40.825932,-73.87841
1586918,Christine Deli Grocery Corp,Convenience Store,1580 Watson Ave,Bronx,Bronx,10472,BRONX,NY,40.826271,-73.8759
1439778,Star Market,Grocery Store,1778 86th St,Brooklyn,Brooklyn,11214,KINGS,NY,40.607288,-74.003029
1591479,Ocean Fish Market,Specialty Store,6409 108th St,Forest Hills,Queens,11375,QUEENS,NY,40.73278,-73.849266
1490878,Best Buy 24hr Bagels Corp,Convenience Store,2809 Cropsey Ave,Brooklyn,Brooklyn,11214,KINGS,NY,40.58633,-73.987976
1596744,Bagel Spot,Convenience Store,10101 Queens Blvd,Forest Hills,Queens,11375,QUEENS,NY,40.726807,-73.851852
1426546,Wholesome Farms Market,Grocery Store,840 Fulton St,Brooklyn,Brooklyn,11238,KINGS,NY,40.683491,-73.967598
1407947,Frutas Y Abarrotes Mexico Ii Inc.,Grocery Store,111 Victory Blvd,Staten Island,Staten Island,10301,RICHMOND,NY,40.637589,-74.080284
1611831,Third Delifusion Corp.,Convenience Store,362 3rd Ave,New York,Manhattan,10016,NEW YORK,NY,40.741035,-73.981773
1407953,A & R Grocery Deli Corp,Convenience Store,57 E 168th St,Bronx,Bronx,10452,BRONX,NY,40.836842,-73.919312
1439819,Nadeem Inc,Grocery Store,115 Willoughby St,Brooklyn,Brooklyn,11201,KINGS,NY,40.692223,-73.984474
1490927,1436 Deli Corp.,Convenience Store,1436 Myrtle Ave,Brooklyn,Brooklyn,11237,KINGS,NY,40.698814,-73.917297
1426573,9393 Rd Deli Corp,Convenience Store,9222 Astoria Blvd,East Elmhurst,Queens,11369,QUEENS,NY,40.762989,-73.876427
1439840,Jessica Deli Grocery Corp,Convenience Store,418 Jefferson Ave,Brooklyn,Brooklyn,11221,KINGS,NY,40.684212,-73.941017
1574622,Al Grocery And Deli Corp,Convenience Store,1691 Sterling Pl,Brooklyn,Brooklyn,11233,KINGS,NY,40.671135,-73.922623
1491346,La Hacienda Chinantla,Grocery Store,131 1/2 Port Richmond Ave,Staten Island,Staten Island,10302,RICHMOND,NY,40.637859,-74.133377
1586921,One Bay Parkway Deli And Grill Corp.,Convenience Store,7108 Bay Pkwy,Brooklyn,Brooklyn,11204,KINGS,NY,40.61042,-73.985252
1490687,11 Fordham Gourmet Deli Corp,Convenience Store,11 W Fordham Rd,Bronx,Bronx,10468,BRONX,NY,40.862953,-73.901634
1491354,Freddy's Deli Llc,Convenience Store,751 Forest Ave,Bronx,Bronx,10456,BRONX,NY,40.818398,-73.906242
1490696,VIVI DELI FOOD MART CO,Convenience Store,724-728 E 187TH ST,BRONX,Bronx,10458,BRONX,NY,40.853695,-73.883293
1385747,T & S Deli Grocery Corp,Convenience Store,2355 Grand Concourse,Bronx,Bronx,10468,BRONX,NY,40.859055,-73.899368
1408037,MWA 99 Cent And Plus Discount Corp,Convenience Store,7019 3rd Ave,Brooklyn,Brooklyn,11209,KINGS,NY,40.63435,-74.026581
1491380,5 Boro Market Corp,Grocery Store,3900 5th Ave,Brooklyn,Brooklyn,11232,KINGS,NY,40.65126,-74.004135
1490734,Thomas Deli Corp,Convenience Store,2240 2nd Ave,New York,Manhattan,10029,NEW YORK,NY,40.796356,-73.938026
1491027,Corson Deli Grocery Corp,Convenience Store,470 Jersey St,Staten Island,Staten Island,10301,RICHMOND,NY,40.637016,-74.086517
1439914,Jb Rawraw Corp,Convenience Store,6001 Myrtle Ave,Ridgewood,Queens,11385,QUEENS,NY,40.700619,-73.898262
1491418,846 Grocery,Grocery Store,846 Gerard Ave,Bronx,Bronx,10451,BRONX,NY,40.826797,-73.925224
1588940,Oaxaca Deli & Grocery Corp.,Grocery Store,621 E 170th St,Bronx,Bronx,10456,BRONX,NY,40.834202,-73.899864
1491063,Aiden Fine Food Deli Corp,Convenience Store,89-01 80th St,Woodhaven,Queens,11421,QUEENS,NY,40.688622,-73.861206
1571594,Frozen Lava 1 Corp,Convenience Store,1528 Nostrand Ave,Brooklyn,Brooklyn,11226,KINGS,NY,40.648792,-73.949509
1269073,168 8th Avenue Food Corp.,Convenience Store,168 8th Ave,New York,Manhattan,10011,NEW YORK,NY,40.742455,-74.000343
1491463,Stephanie A. Gilgeours,Convenience Store,1531 Bergen St,Brooklyn,Brooklyn,11213,KINGS,NY,40.675293,-73.933044
1439963,Bay Ridge Parkway Express Deli Inc,Grocery Store,7502 3rd Ave,Brooklyn,Brooklyn,11209,KINGS,NY,40.631374,-74.027992
1491120,D & D Deals Inc,Convenience Store,247 Utica Ave,Brooklyn,Brooklyn,11213,KINGS,NY,40.67012,-73.930847
1634408,Ym Prime Deli Llc. N/A,Convenience Store,332 W 141st St,New York,Manhattan,10030,NEW YORK,NY,40.821045,-73.945816
1491514,Skyline Deli & Grill Corp.,Convenience Store,89 Montague St,Brooklyn,Brooklyn,11201,KINGS,NY,40.695301,-73.995674
1633329,NYN Deli Grocery Corp,Convenience Store,450 E 160th St,Bronx,Bronx,10451,BRONX,NY,40.822971,-73.91246
1514449,Olives Food Market Corp,Convenience Store,4200 Baychester Ave,Bronx,Bronx,10466,BRONX,NY,40.89571,-73.844513
1514547,Pinoy Ako,Grocery Store,17825 Hillside Ave,Jamaica,Queens,11432,QUEENS,NY,40.712704,-73.784416
1457490,The Best 99c Discount & Harwhere Inc,Convenience Store,695 E Gun Hill Rd,Bronx,Bronx,10467,BRONX,NY,40.877934,-73.866859
1491867,Great China Group Inc,Other,90 Elizabeth St,New York,Manhattan,10013,NEW YORK,NY,40.718292,-73.995819
1491921,Sb Deli Grocery Corp,Convenience Store,337 E 146th St,Bronx,Bronx,10451,BRONX,NY,40.815456,-73.921089
1491931,El Provocon Deli Grocery Corp.,Convenience Store,620 Manida St,Bronx,Bronx,10474,BRONX,NY,40.812218,-73.887672
1514964,Darianna Fruit & Meat Market Corp,Grocery Store,73 W Kingsbridge Rd,Bronx,Bronx,10468,BRONX,NY,40.868282,-73.900352
1497452,Wjl Grocery Inc,Grocery Store,19 Pike St,New York,Manhattan,10002,NEW YORK,NY,40.71336,-73.992271
1497454,5th Ave Market,Convenience Store,185 5th Ave,Brooklyn,Brooklyn,11217,KINGS,NY,40.677113,-73.979843
1514763,Sequoia Food & Deli Corporation,Convenience Store,2709 Frederick Douglass Blvd,New York,Manhattan,10030,NEW YORK,NY,40.822144,-73.942657
1600752,W & M Deli Corp,Convenience Store,1737 E New York Ave,Brooklyn,Brooklyn,11212,KINGS,NY,40.675396,-73.904366
1514807,Siwoo Corporation,Convenience Store,214 E 188th St,Bronx,Bronx,10458,BRONX,NY,40.861008,-73.89698
1599884,Shriji Corp,Convenience Store,5939 Queens Blvd,Woodside,Queens,11377,QUEENS,NY,40.741848,-73.904793
1601814,Jimmy Deli & Convenience,Convenience Store,299 Winthrop St,Brooklyn,Brooklyn,11225,KINGS,NY,40.657219,-73.950005
1606892,Sandwich Spot King Corp,Convenience Store,1048 Flatbush Ave,Brooklyn,Brooklyn,11226,KINGS,NY,40.64547,-73.958221
1457676,Ayham Deli Inc,Convenience Store,375 Rockaway Ave,Brooklyn,Brooklyn,11212,KINGS,NY,40.670876,-73.910782
1516489,Fiesta Food Market Inc.,Convenience Store,8065 Lefferts Blvd,Kew Gardens,Queens,11415,QUEENS,NY,40.709351,-73.829468
1457340,Food Line Deli Grocery Corp.,Convenience Store,11640 Springfield Blvd,Cambria Heights,Queens,11411,QUEENS,NY,40.696857,-73.743553
1515255,Food On 18,Specialty Store,4317 18th Avenue,Brooklyn,Brooklyn,11218,KINGS,NY,40.630898,-73.976486
1515262,2143 El Patron Mini Market Corp,Grocery Store,2143 Amsterdam Avenue,New York,Manhattan,10032,NEW YORK,NY,40.838665,-73.937576
1515276,Melindas Quality Meat Market Llc,Grocery Store,1535 Greene Ave,Brooklyn,Brooklyn,11237,KINGS,NY,40.704281,-73.913483
1515007,Perez Bakery,Specialty Store,15 W Fordham Rd,Bronx,Bronx,10468,BRONX,NY,40.862938,-73.901787
1515295,Nxu Deli And Grill Corp,Convenience Store,6226 New Utrecht Ave,Brooklyn,Brooklyn,11219,KINGS,NY,40.625488,-73.997353
1497539,Pappu Da Dhaba,Other,123-13 Jamaica Ave,Jamaica,Queens,11418,QUEENS,NY,40.70084,-73.826935
1515333,Star 6636 Corp,Convenience Store,6636 3rd Ave,Brooklyn,Brooklyn,11220,KINGS,NY,40.637939,-74.025154
1599467,Sweet Lil Sweets,Specialty Store,10212 101st Ave,Ozone Park,Queens,11416,QUEENS,NY,40.685776,-73.840225
1601485,Koha Food Market & Halal Meat Corp.,Grocery Store,319 Church Ave,Brooklyn,Brooklyn,11218,KINGS,NY,40.643944,-73.977081
1516386,Raylite Deli Inc.,Convenience Store,296 New Lots Ave,Brooklyn,Brooklyn,11207,KINGS,NY,40.660748,-73.895302
1609919,Ave H Deli & Grill Corp.,Convenience Store,1680 Albany Ave,Brooklyn,Brooklyn,11210,KINGS,NY,40.632023,-73.937149
1497610,Stop 51 Food Market,Convenience Store,748 10th Ave,New York,Manhattan,10019,NEW YORK,NY,40.765148,-73.991234
1573751,Blue Sea Fish Market Corp,Specialty Store,412 Utica Ave,Brooklyn,Brooklyn,11213,KINGS,NY,40.664486,-73.931717
1584084,Affia Meat & Grocery Inc.,Grocery Store,328 Empire Blvd,Brooklyn,Brooklyn,11225,KINGS,NY,40.663738,-73.951385
1516413,Puebla's Deli Grocery Corp,Grocery Store,1712 Avenue M,Brooklyn,Brooklyn,11230,KINGS,NY,40.618156,-73.957672
1497635,Sweet Grocery & Candy Corp,Grocery Store,956 Intervale Ave,Bronx,Bronx,10459,BRONX,NY,40.821667,-73.896698
1611105,K & J Deli & Grill Corporation,Convenience Store,1792 Flatbush Ave,Brooklyn,Brooklyn,11210,KINGS,NY,40.62606,-73.940758
1497639,Unique Food 99c Discount Inc.,Grocery Store,1111 Flatbush Ave,Brooklyn,Brooklyn,11226,KINGS,NY,40.643391,-73.957611
1497651,Vargas Fruits & Deli Grocery Corp,Convenience Store,2132 Mohegan Ave,Bronx,Bronx,10460,BRONX,NY,40.846401,-73.882576
1515174,Walgreens 21349,Other,2726 Queens Plz S,Long Island City,Queens,11101,QUEENS,NY,40.749817,-73.939209
1497360,Wholesome Deli Grocery Corp,Convenience Store,49 W 181st St,Bronx,Bronx,10453,BRONX,NY,40.856552,-73.907394
1416572,Los Paisas Deli Grocery Corp,Convenience Store,4514 National St,Corona,Queens,11368,QUEENS,NY,40.745571,-73.864464
1416588,Shakespeare Deli & Grocery Inc,Convenience Store,1174 Shakespeare Ave,Bronx,Bronx,10452,BRONX,NY,40.835999,-73.923286
1416662,Eben-Ezer Convenience Store Inc.,Convenience Store,4824 New Utrecht Ave,Brooklyn,Brooklyn,11219,KINGS,NY,40.63694,-73.994865
1416680,Two Brothers Deli & Grill Corp.,Convenience Store,10720 Liberty Ave,Ozone Park,Queens,11417,QUEENS,NY,40.683498,-73.833839
1416705,7 Eleven Store #39549B,Convenience Store,1845 Webster Ave,Bronx,Bronx,10457,BRONX,NY,40.846668,-73.901985
1633768,Fresh2go Deli & Grill Corp,Convenience Store,12521 Merrick Blvd,Jamaica,Queens,11434,QUEENS,NY,40.682186,-73.766342
1635841,Lucky Charms Deli & Grill Inc,Convenience Store,12223 Guy r Brewer Blvd,Jamaica,Queens,11434,QUEENS,NY,40.678619,-73.779495
1416765,Duddys Corner,Grocery Store,5714 14th Ave,Brooklyn,Brooklyn,11219,KINGS,NY,40.628849,-73.995155
1483316,F & A 99 Cents & Discount Inc,Convenience Store,1848 2nd Ave,New York,Manhattan,10128,NEW YORK,NY,40.783848,-73.947159
1651006,Friendly Pharmacy,Grocery Store,495 Beach 20th St,Far Rockaway,Queens,11691,QUEENS,NY,40.599705,-73.754433
1566400,Malek Deli Corp,Convenience Store,13744 Guy r Brewer Blvd,Jamaica,Queens,11434,QUEENS,NY,40.671288,-73.774185
1654575,Deshi Bazar Supermarket,Grocery Store,7505 101st Ave,Ozone Park,Queens,11416,QUEENS,NY,40.679821,-73.862106
1480728,Big Six Deli Corp,Convenience Store,6116 Queens Blvd,Woodside,Queens,11377,QUEENS,NY,40.741177,-73.903801
1480755,Stori Carrbbean Food Store,Grocery Store,1860 Nostrand Ave,Brooklyn,Brooklyn,11226,KINGS,NY,40.640358,-73.948517
1480836,Super Deli Market Corp,Convenience Store,4500 Broadway,New York,Manhattan,10040,NEW YORK,NY,40.857864,-73.931824
1480880,726 Deli Grocery Corp.,Convenience Store,726 E 152nd St,Bronx,Bronx,10455,BRONX,NY,40.815857,-73.907722
1480901,147 1st Ave Deli Corp.,Convenience Store,147 1st Ave,New York,Manhattan,10003,NEW YORK,NY,40.728374,-73.98497
1416918,157n Gourmet Deli Inc,Convenience Store,786A Courtlandt Ave,Bronx,Bronx,10451,BRONX,NY,40.822437,-73.916725
1416975,Collado Meat Market One,Grocery Store,1274 Broadway,Brooklyn,Brooklyn,11221,KINGS,NY,40.690922,-73.924828
1481383,Tikvah Aa Corp,Specialty Store,10545B 64th Rd,Forest Hills,Queens,11375,QUEENS,NY,40.731632,-73.851639
1498048,Ny1 Grill  And Deli Inc,Convenience Store,1983 Amsterdam Ave,New York,Manhattan,10032,NEW YORK,NY,40.833546,-73.94133
1480967,Felix Gourmet Inc N/A,Convenience Store,370 Malcolm X Blvd,New York,Manhattan,10027,NEW YORK,NY,40.810001,-73.943695
1481162,Westerly Natural Market 2605,Other,911 8th Ave,New York,Manhattan,10019,NEW YORK,NY,40.764973,-73.98439
1481221,Gourmet Square Inc,Convenience Store,201 Amsterdam Ave,New York,Manhattan,10023,NEW YORK,NY,40.77689,-73.982674
1604419,Unique 99 C More Or Less Corp,Convenience Store,3427 Broadway,New York,Manhattan,10031,NEW YORK,NY,40.822979,-73.953186
1481441,N1 Caviar Boutique,Specialty Store,282A Brighton Beach Ave,Brooklyn,Brooklyn,11235,KINGS,NY,40.576874,-73.964645
1483087,215 Finest Deli & Grill Corp,Convenience Store,215 4th Ave,Brooklyn,Brooklyn,11215,KINGS,NY,40.677208,-73.982925
1481449,A & J 152st Food Llc,Grocery Store,835 E 152nd St,Bronx,Bronx,10455,BRONX,NY,40.815308,-73.904137
1497827,Hunts Point Deli Corp.,Grocery Store,1331 Seneca Ave,Bronx,Bronx,10474,BRONX,NY,40.819172,-73.886406
1481450,Skyline Food Center Corp,Convenience Store,2726 Frederick Douglass Blvd,New York,Manhattan,10030,NEW YORK,NY,40.822628,-73.941856
1416373,D'bodega Food Corp,Grocery Store,2236 Grand Concourse,Bronx,Bronx,10457,BRONX,NY,40.856144,-73.90033
1498135,653 Amsterdam Convenience Inc.,Convenience Store,653 Amsterdam Ave,New York,Manhattan,10025,NEW YORK,NY,40.791119,-73.972298
1481509,Lyu Deli Corp.,Grocery Store,630 Henderson Ave,Staten Island,Staten Island,10310,RICHMOND,NY,40.637371,-74.113579
1498156,The Last Stop Deli Grocery Corp.,Convenience Store,1380 E Gun Hill Rd,Bronx,Bronx,10469,BRONX,NY,40.86998,-73.845634
1483132,102 Derek Deli Grocery Corp,Convenience Store,102 E 103rd St,New York,Manhattan,10029,NEW YORK,NY,40.79081,-73.949089
1483138,2020 Gourmet Deli Corp,Convenience Store,2020 Madison Ave,New York,Manhattan,10035,NEW YORK,NY,40.807827,-73.939346
1645887,Fruitstand43,Specialty Store,593 9th Ave,New York,Manhattan,10036,NEW YORK,NY,40.758984,-73.99247
1416163,Jt Mini Market Corp,Grocery Store,126 Dyckman St,New York,Manhattan,10040,NEW YORK,NY,40.862331,-73.925446
1481589,Bagh Deli Grocery,Convenience Store,11822 Atlantic Ave,South Richmond Hill,Queens,11419,QUEENS,NY,40.693867,-73.828087
1566713,Ameer Deli & Grill Corp,Convenience Store,4996 Broadway Store 01,New York,Manhattan,10034,NEW YORK,NY,40.868229,-73.918243
1653509,7-eleven Store #41965a 41965A,Convenience Store,750 8th Ave,New York,Manhattan,10036,NEW YORK,NY,40.75993,-73.98761
1416508,Fu Sing Trading LLC,Grocery Store,1247 Avenue U,Brooklyn,Brooklyn,11229,KINGS,NY,40.598721,-73.958496
1441097,Island Express Pharmacy Inc.,Convenience Store,1335 Flatbush Ave,Brooklyn,Brooklyn,11226,KINGS,NY,40.63866,-73.953621
1481651,King Deli & Grill 1 Corp,Convenience Store,5601 2nd Ave,Brooklyn,Brooklyn,11220,KINGS,NY,40.645493,-74.020218
1483280,228 Market St Deli & Grocery Inc.,Convenience Store,228 Market St,Staten Island,Staten Island,10310,RICHMOND,NY,40.635426,-74.116669
1497975,CVS Pharmacy 11408,Other,140 Church St,New York,Manhattan,10007,NEW YORK,NY,40.714645,-74.008385
1481669,Supreme Deli Ave Corp.,Convenience Store,154 7th Ave,New York,Manhattan,10011,NEW YORK,NY,40.741882,-73.997498
1664008,Tio Grocery Corp,Convenience Store,1288 Herkimer St,Brooklyn,Brooklyn,11233,KINGS,NY,40.677429,-73.911011
1498287,Lover Steam Fish,Specialty Store,230 E 181st St,Bronx,Bronx,10457,BRONX,NY,40.854275,-73.900551
1498161,Kaieteur W.i. Fish Market & Grocery Inc.,Grocery Store,118-08 Liberty Ave,Richmond Hill,Queens,11419,QUEENS,NY,40.685963,-73.824654
1498297,A1 Variety Store Llc,Grocery Store,9601 Jamaica Ave,Woodhaven,Queens,11421,QUEENS,NY,40.694695,-73.848816
1517564,Organic Deli And Smoke Shop Corporation,Convenience Store,64 Sherman Ave,New York,Manhattan,10040,NEW YORK,NY,40.863335,-73.927147
1498647,American Pharmacy Inc,Convenience Store,5524 8th Ave,Brooklyn,Brooklyn,11220,KINGS,NY,40.637928,-74.007248
1642596,Pitkin Green Deli Inc,Convenience Store,1577 Pitkin Ave,Brooklyn,Brooklyn,11212,KINGS,NY,40.669159,-73.915176
1498913,N Y Gourmet Deli Inc.,Convenience Store,801 Flatbush Ave,Brooklyn,Brooklyn,11226,KINGS,NY,40.653049,-73.959259
1499022,New Y&b Deli & Grocery Corp,Convenience Store,11052 Farmers Blvd,Saint Albans,Queens,11412,QUEENS,NY,40.702023,-73.765976
1499117,C&J Prime Meats 1,Specialty Store,5907 Roosevelt Ave,Woodside,Queens,11377,QUEENS,NY,40.745548,-73.905052
1499122,Bronzino Fish Market,Specialty Store,4847 Broadway,New York,Manhattan,10034,NEW YORK,NY,40.866631,-73.924683
1499134,Al Zaid Deli & Grocery Corp,Convenience Store,1539 Westchester Ave,Bronx,Bronx,10472,BRONX,NY,40.828815,-73.878464
973852,Brisas Del Mar Sea Food Market Corp. STORE 2B,Specialty Store,1785 Lexington Ave,New York,Manhattan,10029,NEW YORK,NY,40.795094,-73.944031
1567993,Ty Deli Grocery Corp,Convenience Store,2146A Mott Ave,Far Rockaway,Queens,11691,QUEENS,NY,40.605259,-73.754868
1517395,Bravo Carniceria Mini Market Inc,Grocery Store,7007 Grand Ave,Maspeth,Queens,11378,QUEENS,NY,40.727627,-73.892838
1517425,New Price Rite Deli Corp.,Grocery Store,21888 Hempstead Ave,Queens Village,Queens,11429,QUEENS,NY,40.712948,-73.73513
1517477,Sakman Deli On 4th Corp,Convenience Store,6817 4th Ave,Brooklyn,Brooklyn,11220,KINGS,NY,40.634762,-74.023254
1517537,New Utrecht Flaming Grill Inc.,Convenience Store,5425 New Utrecht Ave,Brooklyn,Brooklyn,11219,KINGS,NY,40.631611,-73.995262
1516596,Wz Deli Mini Market Inc,Convenience Store,2366 Westchester Ave,Bronx,Bronx,10462,BRONX,NY,40.836552,-73.846703
1498657,A.m. Pharmacy Inc,Convenience Store,5702 8th Ave,Brooklyn,Brooklyn,11220,KINGS,NY,40.637196,-74.008011
1516775,Titis Mercadito & More Corp. 1,Convenience Store,16005 46th Ave,Flushing,Queens,11358,QUEENS,NY,40.754005,-73.80648
1498374,King Deli 2 Corp,Convenience Store,941 4th Ave,Brooklyn,Brooklyn,11232,KINGS,NY,40.654106,-74.004349
1517600,Spicy Mini Market Corp.,Convenience Store,131 Tompkins Ave,Brooklyn,Brooklyn,11206,KINGS,NY,40.695114,-73.946114
1481737,K H G Supermarket Inc,Grocery Store,499 Kings Hwy,Brooklyn,Brooklyn,11223,KINGS,NY,40.604378,-73.971016
1498721,Supremo Food Market Corp.,Convenience Store,9334 43rd Ave,Elmhurst,Queens,11373,QUEENS,NY,40.74419,-73.871269
1517612,1097 Deli Grocery Corporation,Convenience Store,1097 Boston Rd,Bronx,Bronx,10456,BRONX,NY,40.827286,-73.905128
1570111,Suydam Beer & Market Inc,Convenience Store,81 Saint Nicholas Ave,Brooklyn,Brooklyn,11237,KINGS,NY,40.706299,-73.919312
1516828,Family Pharmacy,Other,1101 Flatbush Ave,Brooklyn,Brooklyn,11226,KINGS,NY,40.643486,-73.957626
1481797,Lito Deli Grocery Inc,Grocery Store,1879 Carter Ave,Bronx,Bronx,10457,BRONX,NY,40.847633,-73.901871
1517172,Galaxy Gourmet Deli Corp.,Convenience Store,300 E 170th St,Bronx,Bronx,10456,BRONX,NY,40.83733,-73.910477
1498778,El Mana Minimarket Corp.,Specialty Store,1024 Longwood Ave,Bronx,Bronx,10459,BRONX,NY,40.816383,-73.896645
1653985,1404 Myrtle Deli Inc,Convenience Store,1404 Myrtle Ave,Brooklyn,Brooklyn,11237,KINGS,NY,40.698601,-73.91935
1517697,145-02 14th Avenue Inc.,Convenience Store,14502 14th Ave,Whitestone,Queens,11357,QUEENS,NY,40.786785,-73.822121
1517194,Chang's Meat Market Inc.,Specialty Store,147-15C 45th Ave,Flushing,Queens,11355,QUEENS,NY,40.755711,-73.814743
1517215,J J Fish Market Corp.,Specialty Store,1215 Sutter Ave,Brooklyn,Brooklyn,11208,KINGS,NY,40.672729,-73.873161
1517217,Minimarket And Latino Deli Corp,Grocery Store,14311 Hillside Ave,Jamaica,Queens,11435,QUEENS,NY,40.705166,-73.812355
1517713,Carniceria - Deli Plautila Corp,Grocery Store,79 Church Ave,Brooklyn,Brooklyn,11218,KINGS,NY,40.642609,-73.98027
1498557,Wholesome Organic Market Corp,Grocery Store,343 2nd Ave,New York,Manhattan,10003,NEW YORK,NY,40.73597,-73.982536
1498841,Lotstop99,Grocery Store,2555 Ocean Ave,Brooklyn,Brooklyn,11229,KINGS,NY,40.59919,-73.951172
1517760,Perla Grocery Corp,Convenience Store,1142 E 165th St,Bronx,Bronx,10459,BRONX,NY,40.825153,-73.887474
1498864,Vanilla Gourmet,Grocery Store,287 Brighton Beach Ave,Brooklyn,Brooklyn,11235,KINGS,NY,40.577133,-73.964531
1498587,Sammy Gourmet Deli 2 Inc,Convenience Store,16903 Jamaica Ave,Jamaica,Queens,11432,QUEENS,NY,40.707077,-73.790649
1574170,Makro Uz,Grocery Store,1701 McDonald Ave,Brooklyn,Brooklyn,11230,KINGS,NY,40.611649,-73.973328
1492460,DOLLARTREE 8341,Other,429 Tompkins Ave,Staten Island,Staten Island,10305,RICHMOND,NY,40.615097,-74.07312
1492540,Jh Grocery Corp,Grocery Store,196 Audubon Ave,New York,Manhattan,10033,NEW YORK,NY,40.844769,-73.935432
1492571,Jahangir General Grocery Corp,Grocery Store,3133 Webster Ave,Bronx,Bronx,10467,BRONX,NY,40.871784,-73.876381
1492629,Zak Mini Mart Corp,Convenience Store,338 Central Ave,Brooklyn,Brooklyn,11221,KINGS,NY,40.695152,-73.920219
1492682,6902 D Heights Deli & Grocery Corp,Convenience Store,6902 13th Ave,Brooklyn,Brooklyn,11228,KINGS,NY,40.623692,-74.004128
1607810,595 Suriel Deli Grocery LLC,Convenience Store,595 E 141st St,Bronx,Bronx,10454,BRONX,NY,40.808277,-73.914612
1483637,Red Delicious Deli Grocery,Convenience Store,4832 104th St,Corona,Queens,11368,QUEENS,NY,40.744247,-73.858932
1484391,La Villita Mexican Grocery,Convenience Store,2086 E 13th St,Brooklyn,Brooklyn,11229,KINGS,NY,40.598873,-73.958427
1613833,Sanaa Discount Inc.,Convenience Store,778 Morris Park Ave,Bronx,Bronx,10462,BRONX,NY,40.845684,-73.863159
1384373,Jc Deli & Grill Corporation,Convenience Store,442 Lorimer St,Brooklyn,Brooklyn,11206,KINGS,NY,40.710358,-73.948639
1484600,New Spring Deli Corp,Convenience Store,651 E 187th St,Bronx,Bronx,10458,BRONX,NY,40.854931,-73.886002
1492133,192 Deli Grocery Corp,Convenience Store,2587 Jerome Ave,Bronx,Bronx,10468,BRONX,NY,40.865761,-73.898979
1611527,C & C Fruit & Vegetables Corp,Grocery Store,4206 Avenue D,Brooklyn,Brooklyn,11203,KINGS,NY,40.641563,-73.936745
1606284,397 Star Deli & Grill,Convenience Store,397 Avenue X,Brooklyn,Brooklyn,11223,KINGS,NY,40.590912,-73.968109
1484679,Mando Food Corp.,Convenience Store,7212 5th Ave,Brooklyn,Brooklyn,11209,KINGS,NY,40.631435,-74.022018
1608002,5 Brothers Food Corp,Convenience Store,365 Central Ave,Brooklyn,Brooklyn,11221,KINGS,NY,40.694046,-73.917801
1484740,612 Supermarket Corp,Convenience Store,612 Nostrand Ave,Brooklyn,Brooklyn,11216,KINGS,NY,40.677555,-73.949913
1484744,Hie Grocery Inc,Convenience Store,241 Bedford Park Blvd,Bronx,Bronx,10458,BRONX,NY,40.871197,-73.886452
1583816,Gourmet Glatt Market,Other,1274 39th St,Brooklyn,Brooklyn,11218,KINGS,NY,40.640728,-73.98671
1492082,Court Juice Bar & Deli Inc,Convenience Store,205 Court St,Brooklyn,Brooklyn,11201,KINGS,NY,40.686993,-73.993515
1492761,Sunnyside Gourmet Deli,Convenience Store,46-25 Queens Blvd,Sunnyside,Queens,11104,QUEENS,NY,40.74337,-73.917862
1492771,Stabroek Market West Indian Grocery Inc.,Grocery Store,11407 Atlantic Ave,Richmond Hill,Queens,11418,QUEENS,NY,40.693153,-73.83194
1492774,Food Story Natural Market Ii Inc,Other,1550 Myrtle Ave,Brooklyn,Brooklyn,11237,KINGS,NY,40.699421,-73.911583
1492814,Nueva Nitin Bakery Inc,Specialty Store,9328 Whitney Ave,Elmhurst,Queens,11373,QUEENS,NY,40.748558,-73.873299
1492885,Wize Organic Market Inc,Grocery Store,505 Union Ave,Brooklyn,Brooklyn,11211,KINGS,NY,40.715832,-73.95208
1492173,Shop Caribbean,Grocery Store,11109 Lefferts Blvd,South Ozone Park,Queens,11420,QUEENS,NY,40.680214,-73.821037
1492190,Mc Bakery And Coffee Shop Ii Corp,Convenience Store,2426 Jerome Ave,Bronx,Bronx,10468,BRONX,NY,40.862087,-73.901375
1499495,Big Berries Inc,Grocery Store,1137 Brighton Beach Ave,Brooklyn,Brooklyn,11235,KINGS,NY,40.577808,-73.955635
1499503,Sanaa Deli & Smoke Shop Ii Corp.,Convenience Store,255 Schenectady Ave,Brooklyn,Brooklyn,11213,KINGS,NY,40.669819,-73.933662
1499525,Manton Convenience Store Inc,Convenience Store,84-48 Manton St,Jamaica,Queens,11435,QUEENS,NY,40.709488,-73.818161
1586363,S Snacks Inc,Convenience Store,2952 Avenue S,Brooklyn,Brooklyn,11229,KINGS,NY,40.605049,-73.941902
1492315,New Mamas Halal Meat And Fish Inc,Specialty Store,7220 37th Ave,Jackson Heights,Queens,11372,QUEENS,NY,40.748714,-73.893105
1492405,Ambar Pharmacy,Convenience Store,2544A White Plains Rd,Bronx,Bronx,10467,BRONX,NY,40.864456,-73.867294
1483857,210 Rivington Deli Inc,Convenience Store,210 Rivington St,New York,Manhattan,10002,NEW YORK,NY,40.718452,-73.982704
1653260,Mozeb Deli Inc,Convenience Store,871 Franklin Ave,Brooklyn,Brooklyn,11225,KINGS,NY,40.669037,-73.958412
1483893,Austin Deli & Grocery Inc,Grocery Store,6725 Austin St,Forest Hills,Queens,11375,QUEENS,NY,40.723892,-73.854675
1499325,Zhenzhen Business City Inc,Other,13243 41st Ave,Flushing,Queens,11355,QUEENS,NY,40.756786,-73.832817
1647713,Sandwich Bliss Haven LLC,Convenience Store,8718 Rockaway Beach Blvd,Rockaway Beach,Queens,11693,QUEENS,NY,40.587524,-73.812828
1483921,Ranchadero Food Corp,Convenience Store,543 Evergreen Ave,Brooklyn,Brooklyn,11221,KINGS,NY,40.690006,-73.914726
1484204,Melrose African Market Inc,Grocery Store,623 Melrose Ave,Bronx,Bronx,10455,BRONX,NY,40.817898,-73.917122
1484209,Easy Buy Store Inc,Convenience Store,9022 Jamaica Ave,Woodhaven,Queens,11421,QUEENS,NY,40.692875,-73.854019
1571628,Xiao Gong Corp,Specialty Store,1 Catherine St,New York,Manhattan,10038,NEW YORK,NY,40.713867,-73.997322
1499431,New Easyshop Supermarket Inc,Grocery Store,1520 Avenue U,Brooklyn,Brooklyn,11229,KINGS,NY,40.598801,-73.955635
1518336,Mary Deli Grocery,Convenience Store,365 Onderdonk Ave,Ridgewood,Queens,11385,QUEENS,NY,40.708256,-73.914215
1586653,La Gaviota Deli Grocery Corp,Grocery Store,1161 Hoe Ave,Bronx,Bronx,10459,BRONX,NY,40.827766,-73.891014
1518380,One Way Live Poultry Corporation,Specialty Store,3071 Webster Ave,Bronx,Bronx,10467,BRONX,NY,40.870522,-73.878273
1518384,Family 2 Candy And Grocery Corp,Convenience Store,287 E 170th St,Bronx,Bronx,10456,BRONX,NY,40.837791,-73.910835
1656330,Red Olive Deli Inc,Grocery Store,567 W 125th St,New York,Manhattan,10027,NEW YORK,NY,40.81546,-73.957855
1518416,3724 Shak Deli Corp,Convenience Store,3724 Bronxwood Ave,Bronx,Bronx,10469,BRONX,NY,40.880428,-73.857567
1650107,294 Chopped Cheese Corp,Convenience Store,294 Lenox Ave,New York,Manhattan,10027,NEW YORK,NY,40.807549,-73.945496
1649650,Deli Time & Grocery Inc.,Convenience Store,294 5th Ave,Brooklyn,Brooklyn,11215,KINGS,NY,40.673801,-73.982635
1648671,Save A Lot 21767,Grocery Store,69 9th St,Brooklyn,Brooklyn,11215,KINGS,NY,40.673576,-73.99514
1493075,Ruby's Grocery Deli Inc,Convenience Store,9713 Astoria Blvd,East Elmhurst,Queens,11369,QUEENS,NY,40.762623,-73.871826
1664754,Walgreens 21344,Other,604 Pacific St,Brooklyn,Brooklyn,11217,KINGS,NY,40.682987,-73.97702
1493348,Ranchito Mixteco Corp.,Grocery Store,250 E Gun Hill Rd,Bronx,Bronx,10467,BRONX,NY,40.879841,-73.876266
1650373,P Central Market Place And Deli Inc,Convenience Store,271 Flatbush Ave,Brooklyn,Brooklyn,11217,KINGS,NY,40.679558,-73.973969
1518569,Zeus Deli & Grocery Corp.,Convenience Store,35 Victory Blvd,Staten Island,Staten Island,10301,RICHMOND,NY,40.637909,-74.076576
1518820,Mo Grill Corp,Convenience Store,144 Wyckoff Ave,Brooklyn,Brooklyn,11237,KINGS,NY,40.70295,-73.917244
1493199,1798 LOS PRIMOS GROCERY CO,Convenience Store,1798 Crotona Ave,Bronx,Bronx,10457,BRONX,NY,40.842457,-73.8937
1493278,Amsterdam Deli Grocery Corp.,Convenience Store,880 Amsterdam Ave,New York,Manhattan,10025,NEW YORK,NY,40.798687,-73.967216
1482688,L & Y Great Trading Inc.,Other,8611 14th Ave,Brooklyn,Brooklyn,11228,KINGS,NY,40.61235,-74.011894
1493464,B & B Deli & Grill,Convenience Store,2505 36th Ave,Astoria,Queens,11106,QUEENS,NY,40.758274,-73.933052
1658585,43 Wilson Gourmet Deli Corp,Convenience Store,43 Wilson Ave,Brooklyn,Brooklyn,11237,KINGS,NY,40.702789,-73.929131
1570665,Livyusen Fish,Specialty Store,338 Flushing Ave,Brooklyn,Brooklyn,11205,KINGS,NY,40.698154,-73.961494
1482420,Khaled Deli Grocery Corp.,Convenience Store,1502 Neptune Ave,Brooklyn,Brooklyn,11224,KINGS,NY,40.578991,-73.983231
1482450,New Wen De Food Inc.,Specialty Store,123 Mott St,New York,Manhattan,10013,NEW YORK,NY,40.718121,-73.99707
1518205,La Montra Deli Grocery Corp,Grocery Store,1575 Walton Ave,Bronx,Bronx,10452,BRONX,NY,40.843452,-73.913338
1482483,3960 Grab And Go Corp,Grocery Store,3960 White Plains Rd,Bronx,Bronx,10466,BRONX,NY,40.887363,-73.860504
1648051,Erminas Market,Other,825 2nd Ave,New York,Manhattan,10017,NEW YORK,NY,40.751297,-73.971367
1519062,S A R Deli & Bagels Inc,Grocery Store,960 Bloomingdale Rd,Staten Island,Staten Island,10309,RICHMOND,NY,40.549461,-74.221313
1519065,A.M. Pharmacy II Inc,Convenience Store,223 Grand St,New York,Manhattan,10013,NEW YORK,NY,40.718632,-73.995628
1482088,Labbaik Supermarket Inc N/A,Grocery Store,15806 84th Dr,Jamaica,Queens,11432,QUEENS,NY,40.713013,-73.806381
1647883,Amc Deli Grocery Corp,Convenience Store,147 Wilson Ave,Brooklyn,Brooklyn,11237,KINGS,NY,40.700508,-73.925125
1482524,Sweet Garden Market Inc,Grocery Store,6715 18th Ave,Brooklyn,Brooklyn,11204,KINGS,NY,40.617519,-73.991608
1656354,VMAA Inc.,Other,4003 Queens Blvd,Sunnyside,Queens,11104,QUEENS,NY,40.744076,-73.924011
1518234,Universal Market Corp,Convenience Store,624 Bradford St,Brooklyn,Brooklyn,11207,KINGS,NY,40.66338,-73.8899
1595338,Asian Market,Grocery Store,1399 Hylan Blvd,Staten Island,Staten Island,10305,RICHMOND,NY,40.59457,-74.086838
1482555,Square Food & Cafe Inc,Other,253 E 149th St,Bronx,Bronx,10451,BRONX,NY,40.81765,-73.923126
1482120,La Tiendita Dona Fide Corp,Grocery Store,2210 Westchester Ave,Bronx,Bronx,10462,BRONX,NY,40.834122,-73.851143
1518724,Allerton Market Llc,Specialty Store,766 Allerton Ave,Bronx,Bronx,10467,BRONX,NY,40.865337,-73.864822
1518727,Myrtle Deli Corp.,Convenience Store,158 Nostrand Ave,Brooklyn,Brooklyn,11205,KINGS,NY,40.694744,-73.952583
1482583,Kings Deli & Convenience Inc.,Other,319 E Houston St,New York,Manhattan,10002,NEW YORK,NY,40.721024,-73.982971
1519115,Mr. Plum,Grocery Store,744 Franklin Ave,Brooklyn,Brooklyn,11238,KINGS,NY,40.673035,-73.95726
1482613,Lucky 7 Smoke Shop & Deli Ii Inc,Grocery Store,2713 Avenue U,Brooklyn,Brooklyn,11229,KINGS,NY,40.600304,-73.944283
1594300,Salt & Pepper 3 Corp.,Convenience Store,215 S End Ave,New York,Manhattan,10280,NEW YORK,NY,40.709587,-74.0168
1591310,4317 Grocery Inc.,Grocery Store,809 44th St,Brooklyn,Brooklyn,11220,KINGS,NY,40.64436,-73.999802
1591207,Myrtle Deals,Convenience Store,5819 Myrtle Ave,Ridgewood,Queens,11385,QUEENS,NY,40.700615,-73.900589
1482899,Santos H Deli Grocery Inc.,Grocery Store,1293 Blake Ave,Brooklyn,Brooklyn,11208,KINGS,NY,40.671741,-73.868958
1482199,Boutique Butcher,Specialty Store,311 Avenue U,Brooklyn,Brooklyn,11223,KINGS,NY,40.597183,-73.972534
1482243,Bronxdale Enterprises Inc.,Convenience Store,2090 Bronxdale Ave,Bronx,Bronx,10462,BRONX,NY,40.852238,-73.868248
1519155,Tejada Family Grocery Corp,Convenience Store,3902 104th St,Corona,Queens,11368,QUEENS,NY,40.750805,-73.862312
1482308,Wyckoff Garden Deli And More Corporation,Convenience Store,164 Nevins St,Brooklyn,Brooklyn,11217,KINGS,NY,40.683693,-73.984428
1468261,Carino Deli Grocery Corp.,Convenience Store,643 E 182nd St,Bronx,Bronx,10457,BRONX,NY,40.851364,-73.888535
1468304,2550 Deli Grocery Corp,Convenience Store,2550 E Tremont Ave,Bronx,Bronx,10461,BRONX,NY,40.842758,-73.848587
1468393,Good Value 99 Cent Store,Grocery Store,105A E 183rd St,Bronx,Bronx,10453,BRONX,NY,40.85807,-73.901672
1571821,La Natural Gourmet Corp,Grocery Store,177 Patchen Ave,Brooklyn,Brooklyn,11221,KINGS,NY,40.685436,-73.926437
1466711,Downtown Organic Market Inc,Grocery Store,24 4th Ave,Brooklyn,Brooklyn,11217,KINGS,NY,40.684029,-73.978638
1535690,1420 Deli Food Corp.,Grocery Store,1420 Clay Ave,Bronx,Bronx,10456,BRONX,NY,40.837322,-73.907494
1535697,Gng Deli Corp,Convenience Store,3397 Fulton St,Brooklyn,Brooklyn,11208,KINGS,NY,40.684341,-73.870193
1535869,Shivmani Food Inc,Convenience Store,22324 Union Tpke,Oakland Gardens,Queens,11364,QUEENS,NY,40.735519,-73.747406
1408376,Flushing 1 Poultry Market Corp,Other,13339 35th Ave,Flushing,Queens,11354,QUEENS,NY,40.764191,-73.833664
1440299,Mothers Deli Inc,Convenience Store,395 E Mosholu Pkwy N,Bronx,Bronx,10467,BRONX,NY,40.869846,-73.8797
1571047,1444 Flatbush Meat Corp,Grocery Store,1444 Flatbush Ave,Brooklyn,Brooklyn,11210,KINGS,NY,40.635468,-73.950706
1440334,Six Bro Grocery Corp,Convenience Store,8404 Flatlands Ave,Brooklyn,Brooklyn,11236,KINGS,NY,40.637379,-73.910065
1573618,Urban Harvest Corp,Convenience Store,427 Central Ave,Brooklyn,Brooklyn,11221,KINGS,NY,40.692623,-73.915314
1440344,6 Bro Deli Corp,Convenience Store,8123 Flatlands Ave,Brooklyn,Brooklyn,11236,KINGS,NY,40.636429,-73.912155
1466757,Dilone Mini Market Inc.,Convenience Store,2837 Fulton St,Brooklyn,Brooklyn,11207,KINGS,NY,40.678425,-73.889763
1466765,Alan Minimart Fruits & Veg Inc,Grocery Store,22203 Jamaica Ave,Queens Village,Queens,11428,QUEENS,NY,40.72044,-73.732307
1466354,New Shiv Ganga Inc,Convenience Store,16906 Crocheron Ave,Flushing,Queens,11358,QUEENS,NY,40.762718,-73.796921
1440415,Nur Grocery Inc,Convenience Store,280 E 7th St,New York,Manhattan,10009,NEW YORK,NY,40.723148,-73.976913
1658604,24K Deli LLC,Convenience Store,1057 Flatbush Ave,Brooklyn,Brooklyn,11226,KINGS,NY,40.645058,-73.95784
1440422,Freds Munchies Inc,Grocery Store,2070 Frederick Douglass Blvd,New York,Manhattan,10026,NEW YORK,NY,40.801826,-73.956856
1440439,Moon Supermarket & Grill Inc.,Grocery Store,69-11 Woodside Ave,Woodside,Queens,11377,QUEENS,NY,40.742741,-73.895142
1466820,Max Deals 1 Inc.,Convenience Store,1634 Church Ave,Brooklyn,Brooklyn,11226,KINGS,NY,40.6488,-73.964539
1647273,Lilis Grocery Convenience Corporation,Convenience Store,971 Westchester Ave,Bronx,Bronx,10459,BRONX,NY,40.823055,-73.895416
1647064,Tasty Picks 4 Corp,Convenience Store,1400 Pelham Pkwy S,Bronx,Bronx,10461,BRONX,NY,40.857105,-73.84745
1655073,La Playita Deli Grocery Corp,Convenience Store,1489 Saint Johns Pl,Brooklyn,Brooklyn,11213,KINGS,NY,40.670616,-73.928696
1440476,192 Station Mart Corp,Grocery Store,39-21 192nd Street,Flushing,Queens,11358,QUEENS,NY,40.7612,-73.789764
1440769,Broadway 48 Deli Corp,Grocery Store,4816 Broadway,Astoria,Queens,11103,QUEENS,NY,40.755619,-73.912231
1504956,Family 1 Deli Inc,Convenience Store,2278 Flatbush Ave,Brooklyn,Brooklyn,11234,KINGS,NY,40.614388,-73.928032
1466880,Coco Island Mart,Grocery Store,1514 86th St,Brooklyn,Brooklyn,11228,KINGS,NY,40.611053,-74.009232
1440814,Star N B Inc,Grocery Store,1216 Flatbush Ave,Brooklyn,Brooklyn,11226,KINGS,NY,40.64064,-73.955994
1466910,3 In 1 Deli Grocery Inc,Convenience Store,13111 Jamaica Ave,Richmond Hill,Queens,11418,QUEENS,NY,40.702141,-73.820786
1504987,The Alamo Delicatessen Inc,Grocery Store,239 E 181st St,Bronx,Bronx,10457,BRONX,NY,40.854427,-73.900337
1505016,675 Morris Gourmet Deli Corp,Convenience Store,675 Morris Ave,Bronx,Bronx,10451,BRONX,NY,40.820808,-73.921379
1505017,Newkirk Halal Grocery,Grocery Store,631 Rugby Rd,Brooklyn,Brooklyn,11230,KINGS,NY,40.634148,-73.963913
1466410,Triple Star Deli Grocery,Convenience Store,390 Crescent St,Brooklyn,Brooklyn,11208,KINGS,NY,40.679455,-73.871132
1466468,Pisces,Specialty Store,413 5th Ave,Brooklyn,Brooklyn,11215,KINGS,NY,40.670006,-73.985428
1466478,Nikanth Deli Inc,Convenience Store,7543 Parsons Blvd,Fresh Meadows,Queens,11366,QUEENS,NY,40.72559,-73.810608
1466510,R & S Marine Avenue Corp.,Convenience Store,9801 3rd Ave,Brooklyn,Brooklyn,11209,KINGS,NY,40.614594,-74.034363
1584294,760 Brooklyn Flaming Grill Corp.,Convenience Store,760 McDonald Ave,Brooklyn,Brooklyn,11218,KINGS,NY,40.63541,-73.978249
1535983,2225 Tilden Gourmet Deli Corp,Convenience Store,2225 Tilden Ave,Brooklyn,Brooklyn,11226,KINGS,NY,40.646729,-73.955917
1535987,La Bodeguita Express Inc,Convenience Store,101 Sherman Ave,New York,Manhattan,10034,NEW YORK,NY,40.863663,-73.925339
861543,Margarita's Grocery Store,Convenience Store,926 Intervale Ave,Bronx,Bronx,10459,BRONX,NY,40.819958,-73.896477
1536032,In & Out Deli & Grill I Corp.,Convenience Store,2328 Mermaid Ave,Brooklyn,Brooklyn,11224,KINGS,NY,40.575829,-73.990974
1485208,Maress Express Deli Grocery Corp,Convenience Store,2952 Avenue X,Brooklyn,Brooklyn,11235,KINGS,NY,40.593773,-73.939804
1485237,Team Rd Deli Grocery Corp.,Convenience Store,306 E 178th St,Bronx,Bronx,10457,BRONX,NY,40.849911,-73.90242
1485281,Farm Boy Market,Grocery Store,11720 Liberty Ave,South Richmond Hill,Queens,11419,QUEENS,NY,40.685894,-73.825119
1485294,Lime Deli Grocery Inc.,Convenience Store,896 Amsterdam Ave,New York,Manhattan,10025,NEW YORK,NY,40.799004,-73.966988
1485304,7 Eleven Store #33975b,Convenience Store,10104 Metropolitan Ave,Forest Hills,Queens,11375,QUEENS,NY,40.710342,-73.851715
1484870,Mango Mania Inc,Specialty Store,1747 W 6th St,Brooklyn,Brooklyn,11223,KINGS,NY,40.604755,-73.978867
1500795,Bainbridge Market Corp,Grocery Store,3215 Bainbridge Ave,Bronx,Bronx,10467,BRONX,NY,40.87635,-73.879807
1499936,Xiangfu Grocery Inc,Other,5111 7th Ave,Brooklyn,Brooklyn,11220,KINGS,NY,40.641567,-74.00663
1505379,CVS Pharmacy 11217,Other,500 7th Ave,New York,Manhattan,10018,NEW YORK,NY,40.753143,-73.989296
1500233,Caribbean Mini Market Corp,Convenience Store,4513 Avenue D,Brooklyn,Brooklyn,11203,KINGS,NY,40.642002,-73.933678
1500419,St. Marie Pharmacy,Convenience Store,7211 5th Avenue,Brooklyn,Brooklyn,11209,KINGS,NY,40.63129,-74.021744
1598332,Emanuel Deli Grocery Corp,Grocery Store,6402 Bay Pkwy,Brooklyn,Brooklyn,11204,KINGS,NY,40.614452,-73.981064
1484882,2080 Valentine Deli Grocery Corp,Grocery Store,2080 Valentine Ave,Bronx,Bronx,10457,BRONX,NY,40.852566,-73.899818
1505382,CVS Pharmacy 11434,Other,130 5th Ave,New York,Manhattan,10011,NEW YORK,NY,40.738739,-73.991844
1500861,Liu's Deli Inc,Convenience Store,2061 Bath Ave,Brooklyn,Brooklyn,11214,KINGS,NY,40.600342,-73.999702
1500885,Horseradish,Grocery Store,839 Broadway,Brooklyn,Brooklyn,11206,KINGS,NY,40.699043,-73.938667
1484799,Corona Heights Pharmacy,Convenience Store,106-07 Corona Avenue,Corona,Queens,11368,QUEENS,NY,40.743992,-73.856773
1484948,Figland Market,Grocery Store,6512 14th Ave,Brooklyn,Brooklyn,11219,KINGS,NY,40.62439,-73.999802
1485552,Chela Foods Market Corp,Convenience Store,44 New Lots Ave,Brooklyn,Brooklyn,11212,KINGS,NY,40.657127,-73.903404
1484957,International Food Nobati Inc.,Convenience Store,1323 E 18th St,Brooklyn,Brooklyn,11230,KINGS,NY,40.618176,-73.957016
1505469,Eat Fair Grocery Corporation,Grocery Store,2004 College Point Blvd,College Point,Queens,11356,QUEENS,NY,40.781509,-73.846077
1484974,7 Eleven Store #32406b,Convenience Store,16201 46th Ave,Flushing,Queens,11358,QUEENS,NY,40.753819,-73.804794
1484977,7 Eleven Store #20944f,Convenience Store,6958 Main St,Flushing,Queens,11367,QUEENS,NY,40.729736,-73.823593
1500006,Allerton Deli Grocery Inc.,Convenience Store,801 Allerton Ave,Bronx,Bronx,10467,BRONX,NY,40.865681,-73.863373
1484982,Los Hermanos Poultry Corp,Specialty Store,966 Westchester Ave,Bronx,Bronx,10459,BRONX,NY,40.822655,-73.895477
1500616,El Pacifico Fish & Restaurant Corp,Specialty Store,3846 Broadway,New York,Manhattan,10032,NEW YORK,NY,40.835938,-73.943184
1484984,Marvins Gourmet Deli Inc,Convenience Store,1963 Grand Concourse,Bronx,Bronx,10453,BRONX,NY,40.850952,-73.905212
1505498,280 Galaxy Deli Corp,Convenience Store,280 Wyckoff Ave,Brooklyn,Brooklyn,11237,KINGS,NY,40.699932,-73.912025
1505499,Madina Halal Meat & Grocery Inc.,Specialty Store,402 E 11th St,New York,Manhattan,10009,NEW YORK,NY,40.729145,-73.983673
1485000,West 4th Marketplace Inc,Grocery Store,361 6th Ave,New York,Manhattan,10014,NEW YORK,NY,40.732243,-74.000648
1500686,Bani Mini Mart,Convenience Store,1121 Greene Ave,Brooklyn,Brooklyn,11221,KINGS,NY,40.693939,-73.923729
1485028,Esay1 Deli Corp,Convenience Store,2463 Adam Clayton Powell Jr Blvd,New York,Manhattan,10030,NEW YORK,NY,40.820496,-73.939728
1505557,Bongo Bazar Inc,Grocery Store,20503 Hollis Ave,Saint Albans,Queens,11412,QUEENS,NY,40.707096,-73.752861
1505558,Lotstop,Convenience Store,245 1st Ave,New York,Manhattan,10003,NEW YORK,NY,40.731728,-73.982536
1485701,Sabaneta 046 Grocery Corp,Convenience Store,1068 Nostrand Ave,Brooklyn,Brooklyn,11225,KINGS,NY,40.661968,-73.950928
1505041,217 Knickerbocker Food Corp,Convenience Store,217 Knickerbocker Ave,Brooklyn,Brooklyn,11237,KINGS,NY,40.70327,-73.925934
1505236,Gilbert Place Deli Grocery Inc,Grocery Store,1204 Gilbert Pl,Bronx,Bronx,10474,BRONX,NY,40.817749,-73.888115
1505291,Eliam Food Corp,Convenience Store,1001 Freeman St,Bronx,Bronx,10459,BRONX,NY,40.829342,-73.887352
1652401,His & Hers Deli & Market 1 Corp,Convenience Store,8140 Lefferts Blvd,Kew Gardens,Queens,11415,QUEENS,NY,40.708454,-73.830856
1505325,Livonia Grocery Corp,Grocery Store,933 Livonia Ave,Brooklyn,Brooklyn,11207,KINGS,NY,40.666584,-73.882568
1499731,D Con Discount Inc,Convenience Store,4412 White Plains Rd,Bronx,Bronx,10470,BRONX,NY,40.898827,-73.853828
1499906,Gourmet Fruit Inc.,Specialty Store,730 Avenue U,Brooklyn,Brooklyn,11223,KINGS,NY,40.597973,-73.96315
1499922,Sg Food Center,Convenience Store,8821 169th St,Jamaica,Queens,11432,QUEENS,NY,40.709469,-73.792168
1494369,Gardens Deli 1 Corp,Convenience Store,14014 Springfield Blvd,Springfield Gardens,Queens,11413,QUEENS,NY,40.672104,-73.75663
1485761,Caribbean  Deli Grocery Corp.,Convenience Store,646 E 241st St,Bronx,Bronx,10470,BRONX,NY,40.904076,-73.85215
1485788,Good Times Deli & Grill Corp,Convenience Store,859 Greene Ave,Brooklyn,Brooklyn,11221,KINGS,NY,40.690556,-73.933403
1485827,J & I Deli Grocery Corp,Convenience Store,601 Central Ave,Brooklyn,Brooklyn,11207,KINGS,NY,40.6889,-73.908768
1485849,7 Eleven Store #32117c,Convenience Store,8813 4th Ave,Brooklyn,Brooklyn,11209,KINGS,NY,40.620636,-74.028877
1493496,N & S Cstore Inc,Convenience Store,108 9th Ave,New York,Manhattan,10011,NEW YORK,NY,40.742889,-74.003723
1493505,348 Chopped Cheese Delicious Corporation,Convenience Store,348 E 110th St,New York,Manhattan,10029,NEW YORK,NY,40.792229,-73.93853
1493524,Y. Good Neighbor Deli Grocery Inc,Convenience Store,178-25 Jamaica Ave,Jamaica,Queens,11432,QUEENS,NY,40.708202,-73.782578
1493574,Bari Supermarket,Grocery Store,1412 Castle Hill Ave,Bronx,Bronx,10462,BRONX,NY,40.835976,-73.852058
1501335,Downtown Express Ny Deli Corporation,Convenience Store,408 Jay St,Brooklyn,Brooklyn,11201,KINGS,NY,40.691795,-73.987488
1158666,Lin & Chen Grocery Inc,Convenience Store,819 College Point Blvd,College Point,Queens,11356,QUEENS,NY,40.789547,-73.845444
1578160,Ibrahim Poultry Llc,Other,10015 94th Ave,Ozone Park,Queens,11416,QUEENS,NY,40.689072,-73.843369
1576504,A Town Supermarket,Grocery Store,1815 Church Ave,Brooklyn,Brooklyn,11226,KINGS,NY,40.649769,-73.962585
1501522,Fulton St Fruit And Vegetable Inc,Grocery Store,1932 Fulton St,Brooklyn,Brooklyn,11233,KINGS,NY,40.678772,-73.921837
1501559,544 Food Market Corp,Convenience Store,544 Throop Ave,Brooklyn,Brooklyn,11221,KINGS,NY,40.684784,-73.941437
1493937,Iron Grill Corp,Convenience Store,596 Southern Blvd,Bronx,Bronx,10455,BRONX,NY,40.812706,-73.901588
1493962,J & C Deli Food Ny Corp,Convenience Store,1293 Bushwick Ave,Brooklyn,Brooklyn,11207,KINGS,NY,40.686729,-73.91288
1494008,La Toma Grocery Corp.,Convenience Store,536 Liberty Ave,Brooklyn,Brooklyn,11207,KINGS,NY,40.675293,-73.889923
1494052,Bhakti Sagar Grocery Inc,Convenience Store,552 Woodward Ave,Ridgewood,Queens,11385,QUEENS,NY,40.706902,-73.909286
1494170,797 Four Seasons Deli Corp,Convenience Store,797 Flushing Ave,Brooklyn,Brooklyn,11206,KINGS,NY,40.701103,-73.940796
1501575,In And Out Deli 1 Corp,Convenience Store,2272 1st Ave,New York,Manhattan,10035,NEW YORK,NY,40.796467,-73.93486
1501610,Jay Street Food Corp,Grocery Store,108 Jay St,Brooklyn,Brooklyn,11201,KINGS,NY,40.701656,-73.986885
1501612,Ward Deli Grocery Corp,Convenience Store,1562A E 174th St,Bronx,Bronx,10472,BRONX,NY,40.834053,-73.878365
1501651,Ny Grill & Deli Inc.,Convenience Store,1938 Madison Ave,New York,Manhattan,10035,NEW YORK,NY,40.805393,-73.941093
1501667,Big Apple 22 Deli Corp,Convenience Store,669 Grand St,Brooklyn,Brooklyn,11211,KINGS,NY,40.711597,-73.94577
1501705,De Ren Tang 0,Other,4178 Main St,Flushing,Queens,11355,QUEENS,NY,40.75602,-73.828758
1501746,True Gourmet Deli Corp.,Convenience Store,2795 86th St,Brooklyn,Brooklyn,11223,KINGS,NY,40.593357,-73.979309
1501767,Solemio Tobacco Beverage & Deli Inc,Convenience Store,23220 Merrick Blvd,Laurelton,Queens,11413,QUEENS,NY,40.674831,-73.737129
1501057,Allerton Grocery & Convenience Corp,Grocery Store,685 Allerton Ave,Bronx,Bronx,10467,BRONX,NY,40.865578,-73.867844
1501075,Walton Ny Deli Grocery Inc,Convenience Store,901 Walton Ave,Bronx,Bronx,10452,BRONX,NY,40.827999,-73.923767
1501088,Deshi Bazar & Halal Meat Inc,Grocery Store,10615 Sutphin Blvd,Jamaica,Queens,11435,QUEENS,NY,40.694881,-73.802368
1501156,East 16 Deli And Juice Bar Inc,Convenience Store,1683 E 16th St,Brooklyn,Brooklyn,11229,KINGS,NY,40.608532,-73.957161
1501174,U & I Deli Grocery Corp,Convenience Store,191 Broad St,Staten Island,Staten Island,10304,RICHMOND,NY,40.624226,-74.0812
1501268,Aden Deli & Grill Inc. I,Convenience Store,1376 Rockaway Pkwy,Brooklyn,Brooklyn,11236,KINGS,NY,40.646122,-73.903587
1501280,Great Jade Deli & Grocery Inc,Convenience Store,146-02 34th Ave,Flushing,Queens,11354,QUEENS,NY,40.767143,-73.820984
1501294,Margaritas Mexican Deli Corp.,Convenience Store,8717 Roosevelt Ave,Jackson Heights,Queens,11372,QUEENS,NY,40.748318,-73.87867
1501319,Bedford Convenience Mart Corp,Convenience Store,29 Bedford Park Blvd E,Bronx,Bronx,10468,BRONX,NY,40.87286,-73.888657
1502010,Tian Tian Xian Inc,Specialty Store,5724 8th Ave,Brooklyn,Brooklyn,11220,KINGS,NY,40.63681,-74.008408
1502049,King Boy Deli And Grocery Corp,Convenience Store,216 W 96th St,New York,Manhattan,10025,NEW YORK,NY,40.794357,-73.971245
1652865,Osid Gourmet Deli Inc.,Convenience Store,2448 Adam Clayton Powell Jr Blvd,New York,Manhattan,10030,NEW YORK,NY,40.820107,-73.940529
1650776,Prestige Marketplace Fd Corp.,Convenience Store,2171 Frederick Douglass Blvd,New York,Manhattan,10026,NEW YORK,NY,40.80518,-73.954903
1653046,X Finest Deli,Convenience Store,586 Malcolm X Blvd,New York,Manhattan,10037,NEW YORK,NY,40.816971,-73.938591
1536275,TONY'S MINI MARKET CO,Convenience Store,740 Saint Anns Ave,Bronx,Bronx,10455,BRONX,NY,40.81905,-73.910515
1536291,Papi Fish Market Corp,Specialty Store,2036 Bedford Ave,Brooklyn,Brooklyn,11226,KINGS,NY,40.654747,-73.956429
1536303,Ab Fish Market Inc.,Specialty Store,1878 3rd Ave,New York,Manhattan,10029,NEW YORK,NY,40.790127,-73.945969
1536307,Kings Rx Pharmacy,Convenience Store,1214 Kings Hwy,Brooklyn,Brooklyn,11229,KINGS,NY,40.607758,-73.960403
1536369,Palen Deli Grill Corp,Convenience Store,4408 Church Ave,Brooklyn,Brooklyn,11203,KINGS,NY,40.651375,-73.935699
1536450,Max Super Discount Llc,Grocery Store,620 Morris Park Ave,Bronx,Bronx,10460,BRONX,NY,40.844307,-73.868965
1585910,165 Convenience & More Corp,Convenience Store,1036 Sheridan Ave,Bronx,Bronx,10456,BRONX,NY,40.830097,-73.918953
1536093,Vdk Grocery,Convenience Store,1442 College Point Blvd,College Point,Queens,11356,QUEENS,NY,40.78479,-73.845909
1536108,Nostrand Delicatessen Corp,Convenience Store,263 Nostrand Ave,Brooklyn,Brooklyn,11216,KINGS,NY,40.689713,-73.951294
1536123,Tastebuds,Grocery Store,1807 Hylan Blvd,Staten Island,Staten Island,10305,RICHMOND,NY,40.58514,-74.093834
1536155,Brot Deli Grocery Corp,Convenience Store,2740 Pitkin Ave,Brooklyn,Brooklyn,11208,KINGS,NY,40.675396,-73.87114
1588561,Loyalty Deli & Grill Corp.,Convenience Store,352 Willis Ave,Bronx,Bronx,10454,BRONX,NY,40.811485,-73.920929
1468637,Deli Point Corp.,Convenience Store,145 Franklin St,Brooklyn,Brooklyn,11222,KINGS,NY,40.731411,-73.957985
1468938,Castleton Corner Deli & Grocery 2 Corp.,Grocery Store,1293 Castleton Ave,Staten Island,Staten Island,10310,RICHMOND,NY,40.633972,-74.125824
1286327,UMK Brooklyn Grocery Corp,Convenience Store,930 4th Ave,Brooklyn,Brooklyn,11232,KINGS,NY,40.655197,-74.003815
1469007,Wonderful Market Place,Grocery Store,13735 Elder Ave,Flushing,Queens,11355,QUEENS,NY,40.751305,-73.825447
1574188,El Badia Live Poultry Inc no,Specialty Store,4113 2nd Ave,Brooklyn,Brooklyn,11232,KINGS,NY,40.653721,-74.011909
1576371,Kimball Delicatessen,Convenience Store,4013 Avenue T,Brooklyn,Brooklyn,11234,KINGS,NY,40.610336,-73.926369
1469097,Mexicana Del Campo A Su Mesa,Grocery Store,4009 National St,Corona,Queens,11368,QUEENS,NY,40.74918,-73.862801
1654487,Nationwide Cooop City Blvd Inc,Grocery Store,691 Co OP City Blvd,Bronx,Bronx,10475,BRONX,NY,40.8806,-73.824997
1469115,Varenyk House,Grocery Store,6714 Fresh Pond Rd,Ridgewood,Queens,11385,QUEENS,NY,40.705437,-73.896576
1468824,3720 Deli And Grill Corp,Convenience Store,3720 3rd Ave,Bronx,Bronx,10456,BRONX,NY,40.83564,-73.902771
1573740,Avenue O Stop One Deli Corp,Convenience Store,89 Avenue O,Brooklyn,Brooklyn,11204,KINGS,NY,40.610596,-73.981735
1468896,Marcelino Deli Corp.,Convenience Store,14134 Rockaway Blvd,Jamaica,Queens,11436,QUEENS,NY,40.673962,-73.798607
1537335,Nuthut,Other,6920 5th Ave,Brooklyn,Brooklyn,11209,KINGS,NY,40.633057,-74.021347
1649472,Deli Antojitos Poblanos Inc,Grocery Store,11619 Myrtle Ave,Richmond Hill,Queens,11418,QUEENS,NY,40.700272,-73.833084
1468572,Bendecido Deli Grocery Corp,Grocery Store,927 E 169th St,Bronx,Bronx,10459,BRONX,NY,40.827354,-73.893593
1571769,20r Grocery Store Corporation,Convenience Store,1300 Lafayette Ave,Bronx,Bronx,10474,BRONX,NY,40.816673,-73.886909
1536523,Brooklyn Bromix Juice Bar & Grill Corp,Grocery Store,116 Graham Ave,Brooklyn,Brooklyn,11206,KINGS,NY,40.705318,-73.942543
1536536,Fine Deli Corp,Convenience Store,315 Pleasant Ave,New York,Manhattan,10035,NEW YORK,NY,40.7957,-73.932915
1536691,732 Food Corp,Convenience Store,732 Courtlandt Ave,Bronx,Bronx,10451,BRONX,NY,40.821087,-73.917435
1536693,Fancy Varieties Inc,Convenience Store,16830 Hillside Ave,Jamaica,Queens,11432,QUEENS,NY,40.710266,-73.793701
1664811,Genesis Discount Deli & Grocery Inc.,Convenience Store,204 Avenue U,Brooklyn,Brooklyn,11223,KINGS,NY,40.596485,-73.976624
1437170,Mayflower Deli & Grocery Corp,Convenience Store,1869 Mayflower Ave,Bronx,Bronx,10461,BRONX,NY,40.849361,-73.834152
1536698,F&M Gourmet Deli Corp,Convenience Store,1903 Williamsbridge Rd,Bronx,Bronx,10461,BRONX,NY,40.852299,-73.853157
1647747,Bronx Deli & Mini Mart,Convenience Store,3645 Bruckner Blvd,Bronx,Bronx,10461,BRONX,NY,40.851604,-73.827354
1536715,Presidential Gourmet Deli Corp,Convenience Store,835 Nostrand Ave,Brooklyn,Brooklyn,11225,KINGS,NY,40.668205,-73.950508
1536718,Lan Lan Ginseng Inc,Grocery Store,87 E Broadway,New York,Manhattan,10002,NEW YORK,NY,40.713638,-73.993813
1537013,Saborcito Puebla Deli Grocery Corp,Convenience Store,4016 Glenwood Rd,Brooklyn,Brooklyn,11210,KINGS,NY,40.634514,-73.937622
1537079,Yankee One Deli Inc.,Convenience Store,278 W Fordham Rd,Bronx,Bronx,10468,BRONX,NY,40.861572,-73.911575
1537158,Cb Direct Store Of Kissena Inc,Grocery Store,4404 Kissena Blvd,Flushing,Queens,11355,QUEENS,NY,40.753651,-73.822746
1537213,Sun Fresh Fish Market,Specialty Store,1128 Flatbush Ave,Brooklyn,Brooklyn,11226,KINGS,NY,40.642937,-73.957863
1537264,Afa Albanian Market Corp,Grocery Store,809 Lydig Ave,Bronx,Bronx,10462,BRONX,NY,40.854527,-73.863503
1494714,Galaxy Food Market Corp,Grocery Store,290 Knickerbocker Ave,Brooklyn,Brooklyn,11237,KINGS,NY,40.70182,-73.923866
1536792,5 Kings Deli Corp,Convenience Store,3593 3rd Ave,Bronx,Bronx,10456,BRONX,NY,40.832668,-73.905251
1536796,Lic Gourmet Organic & Deli I Corp.,Convenience Store,2302 Jackson Ave,Long Island City,Queens,11101,QUEENS,NY,40.74572,-73.945511
1536825,Brooklyn Famous Deli Grocery Inc. 1,Convenience Store,4701 Avenue N,Brooklyn,Brooklyn,11234,KINGS,NY,40.618916,-73.929619
1536904,Ho Foods Mart Inc. 169,Other,169 Hester St,New York,Manhattan,10013,NEW YORK,NY,40.717827,-73.996719
1536909,Ai Mart Inc.,Grocery Store,2151 44th Dr,Long Island City,Queens,11101,QUEENS,NY,40.747875,-73.945343
1486038,Bcc Deli Corp.,Convenience Store,88 W 181st St,Bronx,Bronx,10453,BRONX,NY,40.856857,-73.908875
1506016,Fresh Meadows Food Mart Inc,Grocery Store,6974 188th St,Fresh Meadows,Queens,11365,QUEENS,NY,40.733356,-73.783623
1506067,Evergreen Discount Inc,Grocery Store,230 E 170th St,Bronx,Bronx,10456,BRONX,NY,40.838108,-73.912552
1506132,Broadway Ginseng Inc,Other,8632 Broadway,Elmhurst,Queens,11373,QUEENS,NY,40.737671,-73.877388
1506650,Asian Food 888 Inc,Grocery Store,41-31 Main St,Flushing,Queens,11355,QUEENS,NY,40.757393,-73.828865
1506653,1 Piece Deli & Grill Inc.,Convenience Store,2325 Southern Blvd,Bronx,Bronx,10460,BRONX,NY,40.851482,-73.882408
1582096,600 Deli Corp,Convenience Store,600 10th Ave,New York,Manhattan,10036,NEW YORK,NY,40.760464,-73.994652
1506754,Super Minimart Astoria Inc,Grocery Store,2928 30th Ave,Astoria,Queens,11102,QUEENS,NY,40.767334,-73.922684
1486151,Matthew Grocery Store Inc,Convenience Store,38 Herzl St,Brooklyn,Brooklyn,11212,KINGS,NY,40.669189,-73.915596
1486245,Great City Trading Inc,Other,6814 20th Ave,Brooklyn,Brooklyn,11204,KINGS,NY,40.61459,-73.988091
1486306,Ariana Food Market Inc,Grocery Store,900 Hylan Blvd,Staten Island,Staten Island,10305,RICHMOND,NY,40.598087,-74.072632
1505575,Stop & Carry N/A,Convenience Store,8202 Northern Blvd,Jackson Heights,Queens,11372,QUEENS,NY,40.755436,-73.885162
1505585,S & Z Bay Ridge Farmers Market Inc,Grocery Store,8504B 4th Ave,Brooklyn,Brooklyn,11209,KINGS,NY,40.623505,-74.028114
1505671,Jackpot Deals,Convenience Store,81 Willoughby St,Brooklyn,Brooklyn,11201,KINGS,NY,40.692276,-73.985863
1469536,Deli Bite Corp.,Convenience Store,149 Smith St,Brooklyn,Brooklyn,11201,KINGS,NY,40.686584,-73.990433
1469561,3220 Market Corp/c-town,Grocery Store,3220 3rd Ave,Bronx,Bronx,10451,BRONX,NY,40.823395,-73.908905
1469572,A & S Morningstar Corp,Convenience Store,127 Morningstar Rd,Staten Island,Staten Island,10303,RICHMOND,NY,40.634972,-74.145607
1469642,Westchester Grocery Corp,Convenience Store,987 Westchester Ave,Bronx,Bronx,10459,BRONX,NY,40.823593,-73.894371
1469744,Y.p. 107 Deli Grocery Corp.,Convenience Store,104-17 Sutphin Blvd,Jamaica,Queens,11435,QUEENS,NY,40.69611,-73.804291
1469764,Canarsie Fish Market,Specialty Store,1433 Rockaway Pkwy,Brooklyn,Brooklyn,11236,KINGS,NY,40.645012,-73.90184
1469781,7-eleven Store #39992a 39992A,Convenience Store,673 8th Ave,New York,Manhattan,10036,NEW YORK,NY,40.757774,-73.989624
1505732,Tremont Corner Store Corp.,Convenience Store,3742 E Tremont Ave,Bronx,Bronx,10465,BRONX,NY,40.826252,-73.821991
1505867,Express Deli & Coffee Corp.,Convenience Store,140 Wortman Ave,Brooklyn,Brooklyn,11207,KINGS,NY,40.655659,-73.887657
1505951,The Lady Fruit Stand 2,Specialty Store,374 E 149th St,Bronx,Bronx,10455,BRONX,NY,40.816151,-73.918541
1631323,Fresh Up Deli And Grill,Convenience Store,3844 White Plains Rd,Bronx,Bronx,10467,BRONX,NY,40.884842,-73.861908
1506340,150 J & J Deli Grocery Corp.,Convenience Store,150 E 174th St,Bronx,Bronx,10457,BRONX,NY,40.844757,-73.90966
1611013,Prime Deli Grocery I,Convenience Store,2022 Nostrand Ave,Brooklyn,Brooklyn,11210,KINGS,NY,40.636135,-73.948158
1506393,Deli Uno Inc.,Grocery Store,565 4th Ave,Brooklyn,Brooklyn,11215,KINGS,NY,40.665852,-73.99221
1506422,Andon Fruits And Vegetables,Specialty Store,116th ST and 2nd Ave,New York,Manhattan,10029,NEW YORK,NY,40.797001,-73.937767
1612971,7 Eleven Store #36951C,Convenience Store,17955 Hillside Ave,Jamaica,Queens,11432,QUEENS,NY,40.713093,-73.782684
1519532,Dong Xu Market Inc,Grocery Store,4913 8th Ave,Brooklyn,Brooklyn,11220,KINGS,NY,40.641296,-74.003326
1519570,Mela Mini Market Inc,Convenience Store,273 W 131st St,New York,Manhattan,10027,NEW YORK,NY,40.813942,-73.948067
1519577,1498 Gourmet Deli Corporation,Convenience Store,1498 Westchester Ave,Bronx,Bronx,10472,BRONX,NY,40.828354,-73.880219
1519584,Tompkins Value Deli Inc,Grocery Store,49 Victory Blvd,Staten Island,Staten Island,10301,RICHMOND,NY,40.638023,-74.077347
1470521,Earnest Foods,Grocery Store,12301 Merrick Blvd,Jamaica,Queens,11434,QUEENS,NY,40.68327,-73.768204
1470525,Woodbine Natural Deli Inc,Convenience Store,279 Woodbine St,Brooklyn,Brooklyn,11221,KINGS,NY,40.695934,-73.913567
1470615,Z Market & Deli Corp,Convenience Store,3901 Nostrand Ave,Brooklyn,Brooklyn,11235,KINGS,NY,40.588608,-73.9394
1470661,Dalaba African America And Caribbean Market Inc,Grocery Store,298 W 149th St,New York,Manhattan,10039,NEW YORK,NY,40.825176,-73.939827
1470727,Pastosa Ravioli Of West Brighton,Grocery Store,764 Forest Ave,Staten Island,Staten Island,10310,RICHMOND,NY,40.629047,-74.114494
1519814,Pace's Italian Market Inc.,Other,2314 Arthur Ave,Bronx,Bronx,10458,BRONX,NY,40.853714,-73.888969
1519850,67 St Grocery Corp,Convenience Store,67-05 Woodside Ave,Woodside,Queens,11377,QUEENS,NY,40.743191,-73.897263
1519877,A & S Superette I Corp.,Convenience Store,9423 Foster Ave,Brooklyn,Brooklyn,11236,KINGS,NY,40.647224,-73.9077
1519881,1 S & F Deli Grocery Corp,Convenience Store,260 Brook Ave,Bronx,Bronx,10454,BRONX,NY,40.808022,-73.91877
1519908,301 Stop One Convenience Corp. NO,Convenience Store,301 W 154th St,New York,Manhattan,10039,NEW YORK,NY,40.82872,-73.938019
1519922,Leidy Mini Market Inc.,Grocery Store,33 Van Cortlandt Avenue East,Bronx,Bronx,10468,BRONX,NY,40.877327,-73.886414
1519998,Gasikiya 2 Inc,Grocery Store,25 W Burnside Ave,Bronx,Bronx,10453,BRONX,NY,40.853943,-73.90863
1519293,960 Star Deli Grocery Corp,Convenience Store,960 Dekalb Ave,Brooklyn,Brooklyn,11221,KINGS,NY,40.692944,-73.936867
1519324,Nadia African Market Llc,Grocery Store,259 E 172nd St,Bronx,Bronx,10457,BRONX,NY,40.840424,-73.910507
1519370,N & L Grocery Store Inc,Convenience Store,1551 Sheridan Avenue,Bronx,Bronx,10457,BRONX,NY,40.842033,-73.911194
1519412,Eleganza Ii Gourmet Deli Inc,Convenience Store,1 Convent Ave,New York,Manhattan,10027,NEW YORK,NY,40.812794,-73.952988
1519429,Hernandez Meat Market Inc,Grocery Store,2807 Church Ave,Brooklyn,Brooklyn,11226,KINGS,NY,40.650867,-73.951096
1470277,Bite Delight Deli Grocery Corp,Convenience Store,732 10th Ave,New York,Manhattan,10019,NEW YORK,NY,40.764523,-73.991692
1470335,Puerto Plata Fish Market Inc,Specialty Store,391 Arlington Ave,Brooklyn,Brooklyn,11208,KINGS,NY,40.681652,-73.879845
1470338,Branden Solo Deli Corp,Convenience Store,407 Nostrand Ave,Brooklyn,Brooklyn,11216,KINGS,NY,40.683685,-73.950096
1470370,Abastos Llc,Grocery Store,1873 Lexington Ave,New York,Manhattan,10035,NEW YORK,NY,40.798916,-73.941238
1470451,Big Lou Deli & Grocery Corp.,Convenience Store,20101 Murdock Ave,Saint Albans,Queens,11412,QUEENS,NY,40.700405,-73.753685
1649861,Central Stop Deli,Grocery Store,1401 Central Ave,Far Rockaway,Queens,11691,QUEENS,NY,40.606243,-73.750343
1520365,Forest Hills Fishery,Other,7164 Austin St,Forest Hills,Queens,11375,QUEENS,NY,40.719261,-73.842659
1646365,Quality Bazar,Grocery Store,18010 Hillside Ave,Jamaica,Queens,11432,QUEENS,NY,40.712891,-73.782181
1520387,Sea House Ny Inc,Specialty Store,541 Nostrand Ave,Brooklyn,Brooklyn,11216,KINGS,NY,40.678932,-73.949509
1475445,El Novillo Meat #2 2,Grocery Store,1069 Wyckoff Ave,Ridgewood,Queens,11385,QUEENS,NY,40.694843,-73.902542
1574090,Original Brooklyn Bagel,Convenience Store,2835 Nostrand Ave,Brooklyn,Brooklyn,11229,KINGS,NY,40.615112,-73.94442
1470131,Productos Centroamericanos,Grocery Store,800 E 149th St,Bronx,Bronx,10455,BRONX,NY,40.812584,-73.906647
1486713,Shaks Deli Corp,Convenience Store,502 Clarkson Ave,Brooklyn,Brooklyn,11203,KINGS,NY,40.655754,-73.942749
1520275,Am Family Discount & 99c Store Inc.,Convenience Store,2135 Williamsbridge Rd,Bronx,Bronx,10461,BRONX,NY,40.856266,-73.855988
1486791,New Apple Market Inc,Grocery Store,21601 Jamaica Ave,Queens Village,Queens,11428,QUEENS,NY,40.717712,-73.738823
1503513,Fruits  Bazar Inc,Other,150 E 103rd St,New York,Manhattan,10029,NEW YORK,NY,40.790134,-73.94751
1503544,A & O Grocery Corp,Convenience Store,201 Irving Ave,Brooklyn,Brooklyn,11237,KINGS,NY,40.701569,-73.918602
1494909,121 Gourmet Deli Inc,Convenience Store,12203 Sutphin Blvd,Jamaica,Queens,11434,QUEENS,NY,40.676567,-73.790474
1495005,Nyc Gourmet Deli I Corp,Convenience Store,3459 Broadway,New York,Manhattan,10031,NEW YORK,NY,40.823811,-73.95269
1495089,Emeli Grocery Corp,Convenience Store,593 Van Nest Ave,Bronx,Bronx,10460,BRONX,NY,40.842503,-73.868179
1495126,Walgreens 15940,Other,185 Greenwich St,New York,Manhattan,10007,NEW YORK,NY,40.711498,-74.012177
1495182,Global Farm Inc,Grocery Store,1496 Coney Island Ave,Brooklyn,Brooklyn,11230,KINGS,NY,40.621033,-73.964661
1495217,Carolin Grocery Corp,Convenience Store,1276 Flatbush Ave,Brooklyn,Brooklyn,11226,KINGS,NY,40.638973,-73.954338
1503071,Spring Creek Deli Corporation,Convenience Store,1372 Loring Ave,Brooklyn,Brooklyn,11208,KINGS,NY,40.667866,-73.86087
1503101,Mo Grocery Corporation,Convenience Store,343 E 138th St,Bronx,Bronx,10454,BRONX,NY,40.809937,-73.924438
1503109,3610 Mini Market Deli Corporation,Convenience Store,3610 White Plains Rd,Bronx,Bronx,10467,BRONX,NY,40.879448,-73.864883
1503175,2m Deli Corp,Convenience Store,315 Alexander Ave,Bronx,Bronx,10454,BRONX,NY,40.811893,-73.924026
1503183,Max Grocery Corp,Convenience Store,198 Knickerbocker Ave,Brooklyn,Brooklyn,11237,KINGS,NY,40.703484,-73.926781
1503226,Yi & W Grocery Inc.,Specialty Store,5601 8th Ave,Brooklyn,Brooklyn,11220,KINGS,NY,40.637604,-74.007172
1503249,Ninth Avenue International Foods,Grocery Store,543 9th Ave,New York,Manhattan,10018,NEW YORK,NY,40.757355,-73.993637
1495346,1979 Organic Deli Inc,Convenience Store,1979 7th Ave,New York,Manhattan,10026,NEW YORK,NY,40.805,-73.951027
1495385,Anabelle Deli Grocery Corp,Convenience Store,2121 2nd Ave,New York,Manhattan,10029,NEW YORK,NY,40.792736,-73.941132
1495389,Lioni Italian Heroes,Grocery Store,7803 15th Ave,Brooklyn,Brooklyn,11228,KINGS,NY,40.615723,-74.004822
1495471,El Gaucho Meat,Other,9310 Roosevelt Ave,Jackson Heights,Queens,11372,QUEENS,NY,40.748737,-73.873009
1262296,Caba Deli Grocery Corporation,Grocery Store,1419 E New York Ave,Brooklyn,Brooklyn,11212,KINGS,NY,40.670055,-73.916061
1471034,Nostrand Health Pharmacy Inc,Convenience Store,3901 Nostrand Ave,Brooklyn,Brooklyn,11235,KINGS,NY,40.588608,-73.9394
1495566,Uptown Good Food,Specialty Store,330 St Nicholas Ave,New York,Manhattan,10027,NEW YORK,NY,40.811764,-73.951675
1471082,97 Us Deli Corp,Convenience Store,9704 Rockaway Blvd,Ozone Park,Queens,11417,QUEENS,NY,40.680122,-73.841698
1471295,Sr Mango House Inc 02,Grocery Store,3580 Broadway,New York,Manhattan,10031,NEW YORK,NY,40.82782,-73.949104
1502796,Sama Gourmet Market Corp,Grocery Store,27 Essex St,New York,Manhattan,10002,NEW YORK,NY,40.715843,-73.989784
1502887,Greater International Trading Inc,Grocery Store,6806 20th Ave,Brooklyn,Brooklyn,11204,KINGS,NY,40.614716,-73.987961
1569384,Blue Star Conveniece Inc.,Other,4818 5th Ave,Brooklyn,Brooklyn,11220,KINGS,NY,40.645943,-74.009659
1502931,Fer's Grill Deli Inc,Convenience Store,2962 Jerome Ave,Bronx,Bronx,10468,BRONX,NY,40.872799,-73.889427
1502985,Jochy Convenience Stores Inc,Convenience Store,12609 Merrick Blvd,Jamaica,Queens,11434,QUEENS,NY,40.681999,-73.765945
1567994,51st Grocery Corp,Convenience Store,510 51st St,Brooklyn,Brooklyn,11220,KINGS,NY,40.644268,-74.01062
1503043,Campos Deli Grocery Corp,Grocery Store,2113 W 6th St,Brooklyn,Brooklyn,11223,KINGS,NY,40.596146,-73.977234
1503063,Oceans Treasure And Herbs Trading Corp.,Other,145C Hester St,New York,Manhattan,10002,NEW YORK,NY,40.71727,-73.995209
1576690,Najim Gourmet Deli Inc,Convenience Store,526 Morris Park Ave,Bronx,Bronx,10460,BRONX,NY,40.842323,-73.871468
1495693,All American Organic Shop Inc,Convenience Store,162 Wyckoff Ave,Brooklyn,Brooklyn,11237,KINGS,NY,40.702335,-73.916275
1502592,Mi Esquina Market Corp.,Convenience Store,9802 37th Ave,Corona,Queens,11368,QUEENS,NY,40.751987,-73.868866
1495812,Taste Of Lex Corp,Convenience Store,150 E 110th St,New York,Manhattan,10029,NEW YORK,NY,40.794666,-73.944313
1654597,Chopcheese Deli,Convenience Store,4879 Broadway,New York,Manhattan,10034,NEW YORK,NY,40.867081,-73.923424
1495829,Honeybee Bakery Inc,Specialty Store,1355 E Gun Hill Rd,Bronx,Bronx,10469,BRONX,NY,40.870747,-73.846405
1648678,Tasty Picks,Convenience Store,1901 2nd Ave,New York,Manhattan,10029,NEW YORK,NY,40.785767,-73.94606
1502549,Moe Gourmet Food Center Corp N/A,Convenience Store,2306 Webster Ave,Bronx,Bronx,10458,BRONX,NY,40.856506,-73.89534
1470938,La Bodeda De Tony Inc,Convenience Store,11737 Farmers Blvd,Saint Albans,Queens,11412,QUEENS,NY,40.690598,-73.762093
1502742,Cheche Deli Grocery Corp,Convenience Store,4321 Church Ave,Brooklyn,Brooklyn,11203,KINGS,NY,40.651592,-73.936371
1502749,La Leyenda Deli Grocery Corp,Convenience Store,4812 104th St,Corona,Queens,11368,QUEENS,NY,40.744678,-73.859161
1538143,May May Grocery 86 Inc,Other,1951 86th St,Brooklyn,Brooklyn,11214,KINGS,NY,40.605305,-73.999077
1537430,El Centro Food Center Corp,Convenience Store,1133 Washington Ave,Bronx,Bronx,10456,BRONX,NY,40.829277,-73.90818
1537954,Dyckman Bakery Corp,Specialty Store,176 Dyckman St,New York,Manhattan,10040,NEW YORK,NY,40.864132,-73.92659
1538008,Luminescense Market Corp,Convenience Store,5203 Center Blvd,Long Island City,Queens,11101,QUEENS,NY,40.742058,-73.959915
1538040,Hamptons Fresh Deli Inc.,Convenience Store,217 1st Ave,New York,Manhattan,10003,NEW YORK,NY,40.730637,-73.983185
1538050,Captain Kiwi Market 1 Corp,Grocery Store,16930 Jamaica Ave,Jamaica,Queens,11432,QUEENS,NY,40.706955,-73.790405
1495932,Pamela Green Deli,Grocery Store,785 E 163rd St,Bronx,Bronx,10456,BRONX,NY,40.822796,-73.902786
1538147,Fresh Fruits & Bites Corporation,Convenience Store,2302 Bath Ave,Brooklyn,Brooklyn,11214,KINGS,NY,40.596916,-73.995201
1538149,A-C Market Grocery,Convenience Store,9132 197th St,Hollis,Queens,11423,QUEENS,NY,40.713696,-73.762863
1507178,Luna 5 Star Minimarket Corp,Convenience Store,14532 Lakewood Ave,Jamaica,Queens,11435,QUEENS,NY,40.690773,-73.802444
1506943,570 Food Corp,Convenience Store,570 Van Siclen Ave,Brooklyn,Brooklyn,11207,KINGS,NY,40.665695,-73.888657
1506973,Organic Deli Food Mart Inc,Convenience Store,2317 Voorhies Ave,Brooklyn,Brooklyn,11235,KINGS,NY,40.586761,-73.945335
1506979,Community Deli Grocery 1 Corp,Grocery Store,951 E 180th St,Bronx,Bronx,10460,BRONX,NY,40.844135,-73.880569
1507013,Buy Buy Deli & Grill Corp.,Grocery Store,11201 Rockaway Blvd,South Ozone Park,Queens,11420,QUEENS,NY,40.677464,-73.826355
1538447,Top Deli 1 Grocery Inc,Convenience Store,9512 35th Ave,Jackson Heights,Queens,11372,QUEENS,NY,40.753124,-73.872139
1538448,Meimei 168 Food Inc,Other,4628 Kissena Blvd,Flushing,Queens,11355,QUEENS,NY,40.749897,-73.818588
1507214,Quality Best Food Mart Inc.,Grocery Store,560 Coney Island Ave,Brooklyn,Brooklyn,11218,KINGS,NY,40.64362,-73.97023
1507239,Rs Organic Market Llc,Grocery Store,265 Bedford Ave,Brooklyn,Brooklyn,11211,KINGS,NY,40.714684,-73.96093
1507317,Brothers Market Corp,Grocery Store,8722 Parsons Blvd,Jamaica,Queens,11432,QUEENS,NY,40.708492,-73.803574
1507402,5313 Grocery Inc,Convenience Store,5313 Fort Hamilton Pkwy,Brooklyn,Brooklyn,11219,KINGS,NY,40.636108,-74.000755
1507451,1968 Discount .99 Cents Plus Inc.,Convenience Store,1368 Edward L Grant Hwy,Bronx,Bronx,10452,BRONX,NY,40.841141,-73.921707
1617268,Broadway Grab & Go Corp.,Convenience Store,395 Broadway,Brooklyn,Brooklyn,11211,KINGS,NY,40.707237,-73.954109
1507498,Ave T King Gourmet Mini Market Corp.,Convenience Store,5819 Avenue T,Brooklyn,Brooklyn,11234,KINGS,NY,40.61562,-73.918221
1537687,King 24 Food Corp,Convenience Store,2327 Mermaid Ave,Brooklyn,Brooklyn,11224,KINGS,NY,40.576073,-73.991013
1507508,538 Jj Supermarket Corp.,Grocery Store,536 Beach 25th St,Far Rockaway,Queens,11691,QUEENS,NY,40.599453,-73.761078
1507529,Jabar Fresh Bites Deli Incorporated,Grocery Store,117-01 Guy r Brewer Blvd,Jamaica,Queens,11434,QUEENS,NY,40.684177,-73.782784
1496200,New Gold Tim Corp,Convenience Store,12601 15th Ave,College Point,Queens,11356,QUEENS,NY,40.785049,-73.842018
1496201,H P A Deli Corp,Grocery Store,803 Hunts Point Ave,Bronx,Bronx,10474,BRONX,NY,40.816696,-73.888138
1537719,Casarrubias Fish Market Inc,Other,81 W Fordham Rd,Bronx,Bronx,10468,BRONX,NY,40.862919,-73.904144
1507551,Osgood Grocery Corp.,Convenience Store,137 Osgood Ave,Staten Island,Staten Island,10304,RICHMOND,NY,40.618279,-74.081375
1537553,Top Deli Corp,Convenience Store,2115 Surf Ave,Brooklyn,Brooklyn,11224,KINGS,NY,40.574562,-73.988449
1537724,Ramirez Grocery Corp NA,Convenience Store,571 E 139th St,Bronx,Bronx,10454,BRONX,NY,40.807541,-73.916817
1537739,First Healthy Fresh Gourmet Inc,Convenience Store,795 Southern Blvd,Bronx,Bronx,10455,BRONX,NY,40.816185,-73.896614
1537756,Five Star Deli And Grocery I Corp.,Convenience Store,740 Sutter Ave,Brooklyn,Brooklyn,11207,KINGS,NY,40.669872,-73.891167
1537763,M & M Grill N Juice Corp.,Convenience Store,21871 Hempstead Ave,Queens Village,Queens,11429,QUEENS,NY,40.713314,-73.735695
1537567,Aadhya Food Inc,Grocery Store,8233 Broadway,Elmhurst,Queens,11373,QUEENS,NY,40.742435,-73.88163
1507599,A&n Deli And Grill Corp.,Grocery Store,400 Lorimer St,Brooklyn,Brooklyn,11206,KINGS,NY,40.708927,-73.948395
1537627,Rx Plus,Grocery Store,2239 White Plains Rd,Bronx,Bronx,10467,BRONX,NY,40.860069,-73.867592
1507621,Halal Meat Fruit Vegetable And Grocery Inc,Grocery Store,13817 Jamaica Ave,Jamaica,Queens,11435,QUEENS,NY,40.702637,-73.814705
1507690,El Colmado Corp.,Grocery Store,309 E Houston St,New York,Manhattan,10002,NEW YORK,NY,40.721176,-73.983459
1652329,6ixth Borough Deli Llc,Convenience Store,31 Avenue C,New York,Manhattan,10009,NEW YORK,NY,40.721626,-73.980797
1121479,Quicksave Deli Grocery Corp,Convenience Store,11802 Rockaway Blvd,South Ozone Park,Queens,11420,QUEENS,NY,40.676113,-73.82
1487471,Mi Pueblo Grocery Inc,Grocery Store,2939 Fulton St,Brooklyn,Brooklyn,11207,KINGS,NY,40.679516,-73.886314
1520525,Eastside Market Corp,Convenience Store,1463 York Ave,New York,Manhattan,10075,NEW YORK,NY,40.770481,-73.951355
1576609,Al Humza International,Grocery Store,629 Richmond Rd,Staten Island,Staten Island,10304,RICHMOND,NY,40.611282,-74.088806
1574119,Cazares Grocery Llc,Convenience Store,344 E 148th Street,Bronx,Bronx,10451,BRONX,NY,40.815861,-73.920151
1564924,Nicole Deli Grocery Corp.,Convenience Store,119 E 157th St,Bronx,Bronx,10451,BRONX,NY,40.825527,-73.926254
981083,Laconia Fish Market,Specialty Store,3959 Laconia Ave,Bronx,Bronx,10466,BRONX,NY,40.884045,-73.84964
1188156,118-07 Alexander Deli Grocery Corp,Other,11807 Sutphin Blvd,Jamaica,Queens,11434,QUEENS,NY,40.679543,-73.791649
1508027,Papa Che Deli Corp,Grocery Store,759 Commonwealth Ave,Bronx,Bronx,10473,BRONX,NY,40.820824,-73.865822
1486973,1054 United Deli & Tobacco Corp,Grocery Store,1054 Southern Blvd,Bronx,Bronx,10459,BRONX,NY,40.824394,-73.891708
1285219,D & A Deli Grocery Corp,Grocery Store,3035 Valentine Ave,Bronx,Bronx,10458,BRONX,NY,40.873463,-73.885155
1118039,Max's Gourmet Deli Corp,Convenience Store,3345 Broadway,New York,Manhattan,10031,NEW YORK,NY,40.820377,-73.955215
1600827,Pike Place Market & Grill,Convenience Store,14917 Union Tpke,Flushing,Queens,11367,QUEENS,NY,40.718918,-73.81324
1508087,Bhuiyan Deli Grocery Corp,Grocery Store,333 Pulaski St,Brooklyn,Brooklyn,11206,KINGS,NY,40.693798,-73.937729
1261175,Daru Salam Food And Meat Market,Grocery Store,669 Elton Ave,Bronx,Bronx,10455,BRONX,NY,40.818604,-73.914825
1508103,Mt Carmel Pharmacy,Convenience Store,705 E 187th St,Bronx,Bronx,10458,BRONX,NY,40.854214,-73.884186
1230768,Nature's Gourmet Deli And Organic Food Corp.,Convenience Store,565 Evergreen Ave,Brooklyn,Brooklyn,11221,KINGS,NY,40.689495,-73.91404
1573475,A&Z Organic Market,Convenience Store,577 Decatur St,Brooklyn,Brooklyn,11233,KINGS,NY,40.683098,-73.920212
1648046,W And Y Grocery Inc,Convenience Store,6901 8th Ave,Brooklyn,Brooklyn,11228,KINGS,NY,40.630203,-74.014862
1508239,Nerys Grocery Store Inc.,Grocery Store,1145 Clay Ave,Bronx,Bronx,10456,BRONX,NY,40.830753,-73.911644
1571883,Acemak Deli & Grocery Inc.,Convenience Store,363 E 180th St,Bronx,Bronx,10457,BRONX,NY,40.8521,-73.89859
1487809,M & A Fruits & Deli Corp,Grocery Store,1976 Arthur Ave,Bronx,Bronx,10457,BRONX,NY,40.846821,-73.892975
1487861,S & S Adam Corp,Convenience Store,1780 Hylan Blvd,Staten Island,Staten Island,10305,RICHMOND,NY,40.585293,-74.092804
1487923,La Familia Mexicana Grocery Corp,Grocery Store,7515 Jamaica Ave,Woodhaven,Queens,11421,QUEENS,NY,40.69162,-73.865929
1487280,Seabreeze Gourmet Deli 1 Corp,Convenience Store,2925 Surf Ave,Brooklyn,Brooklyn,11224,KINGS,NY,40.572987,-73.995819
1487386,King Chop Cheese Deli And Grocery Corp,Convenience Store,620 E 178th St,Bronx,Bronx,10457,BRONX,NY,40.846722,-73.892555
1487403,Bites Delight Deli Corp,Convenience Store,2536 8th Ave,New York,Manhattan,10030,NEW YORK,NY,40.816532,-73.946434
1487411,Aj World Trading Inc,Grocery Store,7010 18th Ave,Brooklyn,Brooklyn,11204,KINGS,NY,40.616119,-73.993439
506114,BEST MEATS INC,Specialty Store,777 Flatbush Ave,Brooklyn,Brooklyn,11226,KINGS,NY,40.65382,-73.959473
1648447,Melting Pot Deli Corp,Convenience Store,1526 Mermaid Ave,Brooklyn,Brooklyn,11224,KINGS,NY,40.576664,-73.983398
1487964,H & H 4023 Deli Grocery Inc,Grocery Store,4023 8th Ave,Brooklyn,Brooklyn,11232,KINGS,NY,40.646183,-73.998253
1507763,Sal Wholesome Bites Corp,Convenience Store,344 Graham Ave,Brooklyn,Brooklyn,11211,KINGS,NY,40.714706,-73.94426
1654156,Zaman Gourmet Deli,Other,9109 Roosevelt Ave,Jackson Heights,Queens,11372,QUEENS,NY,40.748695,-73.875137
288966,Kleins Grocery Inc,Grocery Store,504 Empire Blvd,Brooklyn,Brooklyn,11225,KINGS,NY,40.664089,-73.945641
1488102,347 Chabely Deli Grocery Corp,Grocery Store,347 E 173rd St,Bronx,Bronx,10457,BRONX,NY,40.843525,-73.905151
1507818,Apple Mini Market Corp.,Grocery Store,10719 Jamaica Ave,Richmond Hill,Queens,11418,QUEENS,NY,40.695633,-73.83979
1488170,Golden Steamer Bakery Inc,Other,5906 8th Ave,Brooklyn,Brooklyn,11220,KINGS,NY,40.63599,-74.009262
1488203,Usa Superstores,Convenience Store,1467 1st Ave,New York,Manhattan,10075,NEW YORK,NY,40.770687,-73.953964
1577830,Sahadi Importing Co Inc,Other,187 Atlantic Ave,Brooklyn,Brooklyn,11201,KINGS,NY,40.69014,-73.993408
1488217,Usa Superstores,Grocery Store,4801 Queens Blvd,Woodside,Queens,11377,QUEENS,NY,40.743156,-73.916618
953366,LA PEQUENA FARM CORP,Grocery Store,10819 Roosevelt Ave,Corona,Queens,11368,QUEENS,NY,40.750988,-73.858009
1507861,F Gourmet Deli Corp,Convenience Store,1558 Fulton St,Brooklyn,Brooklyn,11216,KINGS,NY,40.679684,-73.938606
1217091,Cafe Con Pan Bakery III Corp,Specialty Store,32 New Dorp Plz S,Staten Island,Staten Island,10306,RICHMOND,NY,40.573795,-74.116493
1635109,Amro Deli Grocery Corp,Other,855 Prospect Ave,Bronx,Bronx,10459,BRONX,NY,40.820202,-73.901611
1257756,Velasquez & Associates Inc.-dba- Biarritz Bakery,Specialty Store,1015 E 167th St,Bronx,Bronx,10459,BRONX,NY,40.82679,-73.889168
1507934,Grand Mini Mart Llc,Convenience Store,72 05 Grand Ave,Maspeth,Queens,11378,QUEENS,NY,40.728409,-73.891342
1507954,1622 Canarsie Deli & Grill Inc,Convenience Store,1622 Ralph Ave,Brooklyn,Brooklyn,11236,KINGS,NY,40.63752,-73.919411
1507967,Aayan Fruits & Vegetables Inc,Grocery Store,547 Southern Blvd,Bronx,Bronx,10455,BRONX,NY,40.812428,-73.903694
1507968,Chopped Cheese 2 Corp,Convenience Store,2847 Church Ave,Brooklyn,Brooklyn,11226,KINGS,NY,40.650921,-73.94989
1472369,Kunpeng Grocery Inc.,Convenience Store,6318 11th Ave,Brooklyn,Brooklyn,11219,KINGS,NY,40.629547,-74.005211
1472500,Big American Gourmet Deli,Grocery Store,1400 Castle Hill Ave,Bronx,Bronx,10462,BRONX,NY,40.83577,-73.851898
1503558,Mamas Supermarket Llc,Grocery Store,3708 73rd St,Jackson Heights,Queens,11372,QUEENS,NY,40.748554,-73.892799
1503585,Neel Food Mart Inc,Convenience Store,13711 Northern Blvd,Flushing,Queens,11354,QUEENS,NY,40.763531,-73.830795
1503594,J & L Deli Grocery Mini Market Corp,Grocery Store,3214 White Plains Rd,Bronx,Bronx,10467,BRONX,NY,40.871964,-73.866951
1503669,Lg Meat Product Corp.,Grocery Store,1531 Watson Ave,Bronx,Bronx,10472,BRONX,NY,40.826229,-73.878113
1503723,Palmarejo Deli Grocery Corp,Convenience Store,72 Riverdale Ave,Brooklyn,Brooklyn,11212,KINGS,NY,40.660061,-73.914246
1503732,Rafael Deli Grocery Corp,Convenience Store,830 Macon St,Brooklyn,Brooklyn,11233,KINGS,NY,40.684654,-73.917694
1503801,R&E DELI CO,Grocery Store,240 Wilson Ave,Brooklyn,Brooklyn,11237,KINGS,NY,40.697914,-73.921028
1503812,Ka Wing Group Inc. 2261,Grocery Store,2261 86th St,Brooklyn,Brooklyn,11214,KINGS,NY,40.601112,-73.992096
939998,Ridgewood Finest Deli Inc,Convenience Store,765 SENECA AVE,RIDGEWOOD,Queens,11385,QUEENS,NY,40.702152,-73.906464
1293691,Brighton Super Deals Inc,Grocery Store,100 Brighton Beach Ave,Brooklyn,Brooklyn,11235,KINGS,NY,40.57629,-73.967766
1471684,West Harlem Deli Corp.,Convenience Store,2040 5th Ave,New York,Manhattan,10035,NEW YORK,NY,40.807068,-73.941872
1471704,Green House Farmers Market 1,Specialty Store,4501 Queens Blvd,Sunnyside,Queens,11104,QUEENS,NY,40.743549,-73.919418
1503870,Mr Plum Inc,Grocery Store,658 Manhattan Ave,Brooklyn,Brooklyn,11222,KINGS,NY,40.724556,-73.951096
1503879,RC Family Bakery Inc.,Specialty Store,97 W Fordham Rd,Bronx,Bronx,10468,BRONX,NY,40.862919,-73.904526
1471997,Blue Island Seafood Corp,Specialty Store,2819 Steinway St,Astoria,Queens,11103,QUEENS,NY,40.764885,-73.913994
1471724,Stay Fresh Juice & Salad Bar Inc,Convenience Store,21811 Jamaica Ave,Queens Village,Queens,11428,QUEENS,NY,40.718102,-73.736877
1471476,P & M Fish Market Corp,Specialty Store,1352 Saint Nicholas Ave,New York,Manhattan,10033,NEW YORK,NY,40.847061,-73.935181
1471620,M & G Food Corp,Convenience Store,391 E 167th St,Bronx,Bronx,10456,BRONX,NY,40.831066,-73.911018
1504208,Ch Butcher,Specialty Store,334 Albany Ave,Brooklyn,Brooklyn,11213,KINGS,NY,40.668495,-73.939644
1305251,Andres Cabrera-GC,Specialty Store,70 E 167th St,Bronx,Bronx,10452,BRONX,NY,40.835293,-73.920021
1159194,King Tobacco & Grocery Corp.,Convenience Store,1735 Pitkin Ave,Brooklyn,Brooklyn,11212,KINGS,NY,40.669979,-73.909149
1226036,Mediterranean Foods III Inc.,Other,2278 35th St,Astoria,Queens,11105,QUEENS,NY,40.773304,-73.910851
1472574,Cr Deli & Grill Corp,Convenience Store,495 Claremont Pkwy,Bronx,Bronx,10457,BRONX,NY,40.838718,-73.901917
1619366,Stanley Deli & Grocery 1 Corp,Convenience Store,513 Stanley Ave,Brooklyn,Brooklyn,11207,KINGS,NY,40.657108,-73.889275
1472040,K&s Laurelton Minimart,Convenience Store,22403 141st Ave,Springfield Gardens,Queens,11413,QUEENS,NY,40.669708,-73.750626
1472597,Lewis Deli & Grocery Corp.,Convenience Store,334 Lewis Ave,Brooklyn,Brooklyn,11221,KINGS,NY,40.684277,-73.935379
1621704,656 L & J Organic & Convenience Corp.,Convenience Store,656 Sutter Ave,Brooklyn,Brooklyn,11207,KINGS,NY,40.669384,-73.89447
1504354,Usa Superstores,Grocery Store,46 3rd Ave,New York,Manhattan,10003,NEW YORK,NY,40.730602,-73.989372
1641254,Soho Farm Deli Grocery Inc.,Grocery Store,3761 90th St,Jackson Heights,Queens,11372,QUEENS,NY,40.748787,-73.876427
1472065,Sahadi's Llc,Grocery Store,34 35th St,Brooklyn,Brooklyn,11232,KINGS,NY,40.657124,-74.007729
1472613,El Llano Bani Deli Corp,Convenience Store,1154 Washington Ave,Bronx,Bronx,10456,BRONX,NY,40.829548,-73.907715
1472622,Shoprite Gourmet Deli,Convenience Store,5802 4th Ave,Brooklyn,Brooklyn,11220,KINGS,NY,40.642021,-74.017509
1472067,Liam Grocery & Deli Corp,Grocery Store,10 E 198th St,Bronx,Bronx,10468,BRONX,NY,40.871166,-73.892929
1504371,Jk Botanical Market Inc,Convenience Store,2220 Boston Rd,Bronx,Bronx,10467,BRONX,NY,40.858074,-73.867874
1504375,Santiagos Deli & Bagels Inc,Convenience Store,1723 Bath Ave,Brooklyn,Brooklyn,11214,KINGS,NY,40.604942,-74.007637
1504062,5 Star Grocery And Halal Meat,Grocery Store,3078 Coney Island Ave,Brooklyn,Brooklyn,11235,KINGS,NY,40.581032,-73.960068
1471919,Royal African And Caribbean Foods Inc NO,Other,2957 Webster Ave,Bronx,Bronx,10458,BRONX,NY,40.867653,-73.883316
1472102,Dasao Usa General Products Distributor Inc,Grocery Store,78 Avenue U,Brooklyn,Brooklyn,11223,KINGS,NY,40.59594,-73.981544
1472663,Ralph Deli Grocery Corp I,Convenience Store,146 Ralph Ave,Brooklyn,Brooklyn,11233,KINGS,NY,40.685001,-73.923264
1472136,Amaa Gourmet Deli Inc,Convenience Store,1591 Watson Ave,Bronx,Bronx,10472,BRONX,NY,40.82658,-73.875481
1472733,Coffee House & Deli Corp,Convenience Store,1133 Flatbush Ave,Brooklyn,Brooklyn,11226,KINGS,NY,40.642864,-73.957512
1472245,Fantasy Deli Grocery Corp,Convenience Store,49 Kingsland Ave,Brooklyn,Brooklyn,11211,KINGS,NY,40.717594,-73.94046
1472250,St Marks Deli Inc.,Convenience Store,975 Saint Marks Ave,Brooklyn,Brooklyn,11213,KINGS,NY,40.67474,-73.939079
1472260,M & L Food Center Corp,Convenience Store,131 Terrace View Ave,Bronx,Bronx,10463,BRONX,NY,40.875973,-73.913002
1472762,101 Lucky Deli Inc 1,Convenience Store,9719 101st Ave,Ozone Park,Queens,11416,QUEENS,NY,40.685116,-73.843506
1472330,Dj Drug Corp.,Convenience Store,6365 108th St,Forest Hills,Queens,11375,QUEENS,NY,40.733387,-73.849739
1472339,5 Corners Grocery Corp,Other,1701 Unionport Rd,Bronx,Bronx,10462,BRONX,NY,40.843464,-73.866646
1538824,Jin Long Supermarket Inc,Other,5722 8th Ave,Brooklyn,Brooklyn,11220,KINGS,NY,40.636852,-74.008369
1538901,Osborn Mini Market 1 Corp,Convenience Store,1742 Pitkin Ave,Brooklyn,Brooklyn,11212,KINGS,NY,40.669853,-73.908722
1538907,Mi Ranchito Meat Market Inc,Grocery Store,1733 E 172nd St,Bronx,Bronx,10472,BRONX,NY,40.832623,-73.869774
1538935,AMG 170,Convenience Store,1610 Utica Ave,Brooklyn,Brooklyn,11234,KINGS,NY,40.633194,-73.928696
1496946,Longwood Fish Market #1 Inc,Specialty Store,410A E 148th St,Bronx,Bronx,10455,BRONX,NY,40.815029,-73.917572
1504732,128 T Edgecombe Deli Corp,Convenience Store,128 Edgecombe Ave,New York,Manhattan,10030,NEW YORK,NY,40.820915,-73.944931
1543337,Nona's European Market,Grocery Store,3071 Westchester Ave,Bronx,Bronx,10461,BRONX,NY,40.848728,-73.830872
1504803,Value Halal Grill Inc.,Convenience Store,281 South Ave,Staten Island,Staten Island,10303,RICHMOND,NY,40.63253,-74.166183
1504840,Bryan Gourmet Deli Inc,Convenience Store,2932 Pitkin Ave,Brooklyn,Brooklyn,11208,KINGS,NY,40.676373,-73.863701
1543338,Jas Crown Fried Chicken & Deli Inc,Convenience Store,578 Ralph Ave,Brooklyn,Brooklyn,11233,KINGS,NY,40.669399,-73.922676
1543340,The Best Columbia Deli Corp.,Convenience Store,945 Amsterdam Ave,New York,Manhattan,10025,NEW YORK,NY,40.80064,-73.965332
1543417,Rock Deli Inc,Convenience Store,13101 Rockaway Blvd,South Ozone Park,Queens,11420,QUEENS,NY,40.675045,-73.80732
1543422,King Usa 13 Ave Deli Corp.,Convenience Store,3723 13th Ave,Brooklyn,Brooklyn,11218,KINGS,NY,40.641479,-73.985298
1543434,Emad Food Inc,Grocery Store,516 New Lots Ave,Brooklyn,Brooklyn,11207,KINGS,NY,40.66349,-73.889069
1543482,E 149 Discount Store Corp,Grocery Store,833 E 149th St,Bronx,Bronx,10455,BRONX,NY,40.812588,-73.905174
1543569,Francys64 Deli Grocery Corp.,Convenience Store,1275 Webster Ave,Bronx,Bronx,10456,BRONX,NY,40.833904,-73.908936
1543613,700 Gourmet Deli 1 Corp,Convenience Store,700 Rockaway Ave,Brooklyn,Brooklyn,11212,KINGS,NY,40.662933,-73.909096
1538654,La Roca Fuerte Deli & Grocery Corp,Grocery Store,570 Midland Ave,Staten Island,Staten Island,10306,RICHMOND,NY,40.572315,-74.093361
1538682,Fernandez Deli Grocery Corp,Grocery Store,774 E 149th St,Bronx,Bronx,10455,BRONX,NY,40.812687,-73.907166
1538715,Rafito Food Center Corp,Grocery Store,16 E 183rd St,Bronx,Bronx,10453,BRONX,NY,40.858398,-73.903091
1538725,107 Mini Market Inc,Grocery Store,107-15 Northern Blvd,Corona,Queens,11368,QUEENS,NY,40.757862,-73.861412
1538729,Save Alot Inc.,Convenience Store,1967 Crotona Ave,Bronx,Bronx,10457,BRONX,NY,40.845886,-73.890923
1496975,888 Deli & Grocery Inc,Convenience Store,12112 18th Ave,College Point,Queens,11356,QUEENS,NY,40.783142,-73.846085
1539160,A & F Tobacco & Grocery Inc,Convenience Store,356 W 145th St,New York,Manhattan,10039,NEW YORK,NY,40.823929,-73.944649
1539236,Buena Vista Deli Grocery Corp.,Grocery Store,650 Prospect Ave,Bronx,Bronx,10455,BRONX,NY,40.815544,-73.903099
1539254,Burgos Fish Market Corp,Specialty Store,206 Dyckman St,New York,Manhattan,10040,NEW YORK,NY,40.865025,-73.927162
1497201,Rashed Gourmet Deli Corp,Convenience Store,784 Marcy Ave,Brooklyn,Brooklyn,11216,KINGS,NY,40.686676,-73.947624
1496665,La Economica Grocery Store Inc,Grocery Store,288 E 168th St,Bronx,Bronx,10456,BRONX,NY,40.833248,-73.912804
1496695,G & K Deli Grocery Inc,Convenience Store,1541 Rosedale Ave,Bronx,Bronx,10460,BRONX,NY,40.839035,-73.870209
1497039,Saba Restaurant Corp,Grocery Store,2575 Steinway St,Astoria,Queens,11103,QUEENS,NY,40.766045,-73.913055
1497273,Saul's Pharmacy & Surgical Supplies.,Other,3514 Mermaid Ave,Brooklyn,Brooklyn,11224,KINGS,NY,40.574688,-74.001015
1651158,Green Basket & More 1 Inc,Convenience Store,852 Wyckoff Ave,Brooklyn,Brooklyn,11237,KINGS,NY,40.697697,-73.907982
1650678,Kings W7 Deli & Grocery Inc,Convenience Store,268 Kings Hwy,Brooklyn,Brooklyn,11223,KINGS,NY,40.605118,-73.980736
1496892,A And T Grocery Inc.,Convenience Store,290608 Stillwell Ave,Brooklyn,Brooklyn,11224,KINGS,NY,40.579144,-73.981949
1497166,King Deli & Grill Corp. I,Convenience Store,1279 39th St,Brooklyn,Brooklyn,11218,KINGS,NY,40.640976,-73.986725
1410462,1610 Deli Corp,Convenience Store,1610 Nostrand Ave,Brooklyn,Brooklyn,11226,KINGS,NY,40.646774,-73.949303
1646510,Sunrise Express Deli 2 Corp,Grocery Store,5814 4th Ave,Brooklyn,Brooklyn,11220,KINGS,NY,40.641804,-74.017738
1509050,Gourmet Deli Grocery 4 Corp,Convenience Store,126 Marion St,Brooklyn,Brooklyn,11233,KINGS,NY,40.679977,-73.925766
1509068,8th Ave Food Convenience Corp,Convenience Store,2657 Frederick Douglass Blvd,New York,Manhattan,10030,NEW YORK,NY,40.820896,-73.943565
1509112,Jia Xin Deli Inc.,Grocery Store,6502 Forest Ave,Ridgewood,Queens,11385,QUEENS,NY,40.708458,-73.904152
1539744,Cholula Mini Market Corp.,Grocery Store,1475 Myrtle Ave,Brooklyn,Brooklyn,11237,KINGS,NY,40.699089,-73.916725
1508278,Downtown Natural Market,Grocery Store,395 Jay St,Brooklyn,Brooklyn,11201,KINGS,NY,40.691936,-73.987152
1508408,Syed's Super Mart 2,Convenience Store,1742 Flatbush Ave,Brooklyn,Brooklyn,11210,KINGS,NY,40.627716,-73.942497
1508465,Brownsville Market Corp.,Convenience Store,245 Riverdale Ave,Brooklyn,Brooklyn,11212,KINGS,NY,40.66119,-73.90818
1508466,Wild Ginseng Birdnest Inc,Grocery Store,3714A Main St,Flushing,Queens,11354,QUEENS,NY,40.761044,-73.831039
1544105,Stop One Organic Market Corp,Grocery Store,624 Wilson Ave,Brooklyn,Brooklyn,11207,KINGS,NY,40.689369,-73.906021
1544110,Min Rong Supermarket Inc.,Grocery Store,5611 8th Ave,Brooklyn,Brooklyn,11220,KINGS,NY,40.637428,-74.007347
1544138,Columbia Cafeteria & Mkt Place Inc/Baba's Market,Grocery Store,1260 Amsterdam Ave,New York,Manhattan,10027,NEW YORK,NY,40.810871,-73.958321
1508527,Nxt Trading Inc,Grocery Store,7304 18th Ave,Brooklyn,Brooklyn,11204,KINGS,NY,40.614506,-73.995064
1508555,Halal Mart Inc,Grocery Store,10919 Liberty Ave,South Richmond Hill,Queens,11419,QUEENS,NY,40.684505,-73.8321
1508602,5th Ave Brother Deli Inc,Convenience Store,1325 5th Ave,New York,Manhattan,10029,NEW YORK,NY,40.797749,-73.948364
1576990,Jochy Corporation,Grocery Store,40 Lewis Ave,Brooklyn,Brooklyn,11206,KINGS,NY,40.696556,-73.937889
1508693,3 Star Grocery,Grocery Store,4106 E Junction Blvd,Corona,Queens,11368,QUEENS,NY,40.747356,-73.868553
1415368,Lex Candy Corporation,Convenience Store,1993 Lexington Ave,New York,Manhattan,10035,NEW YORK,NY,40.802052,-73.93895
1509271,Claudio Deli Food Corp,Convenience Store,1853 Flatbush Ave,Brooklyn,Brooklyn,11210,KINGS,NY,40.624733,-73.938828
1509320,O & A Grocery Corp,Convenience Store,4806 46th St,Woodside,Queens,11377,QUEENS,NY,40.739178,-73.919624
1645722,Ocean Fruit & Supermarket,Convenience Store,1986 Ocean Ave,Brooklyn,Brooklyn,11230,KINGS,NY,40.613358,-73.954254
1509351,De La Cruz Deli-grocery,Convenience Store,1002 Seneca Ave,Ridgewood,Queens,11385,QUEENS,NY,40.699028,-73.901505
1509398,King Fish House,Specialty Store,778 Manor Rd,Staten Island,Staten Island,10314,RICHMOND,NY,40.607876,-74.121445
1509399,Super Store And More 99c Inc,Other,1001 Morris Park Ave,Bronx,Bronx,10462,BRONX,NY,40.848289,-73.856255
1509512,Aden Variety Inc,Grocery Store,795 Utica Ave,Brooklyn,Brooklyn,11203,KINGS,NY,40.653637,-73.930389
1539507,Zcw Market Inc.,Other,5615 8th Ave,Brooklyn,Brooklyn,11220,KINGS,NY,40.637341,-74.007431
1544170,Prospect  Gourmet Deli Ny Inc,Convenience Store,823 Freeman St,Bronx,Bronx,10459,BRONX,NY,40.830505,-73.896828
1544208,Bread & Honey,Convenience Store,941 8th Ave,New York,Manhattan,10019,NEW YORK,NY,40.765953,-73.983673
1544229,7 & 7 Grocery Deli Inc,Convenience Store,11128 Springfield Blvd,Queens Village,Queens,11429,QUEENS,NY,40.705936,-73.739799
1544264,Temptation Deli,Convenience Store,2851 Webster Ave,Bronx,Bronx,10458,BRONX,NY,40.866768,-73.884811
1590696,Koftown African Market,Other,3372 Hull Ave,Bronx,Bronx,10467,BRONX,NY,40.87862,-73.873482
1544348,African Market Keur Sokhna Diarra 387,Grocery Store,387 Nostrand Ave,Brooklyn,Brooklyn,11216,KINGS,NY,40.684475,-73.950256
1539551,Z & H Grill Corp,Convenience Store,297 7th Ave,New York,Manhattan,10001,NEW YORK,NY,40.746395,-73.993759
1543667,Eagles Convenience #1 Corp.,Convenience Store,322 Myrtle Ave,Brooklyn,Brooklyn,11205,KINGS,NY,40.693169,-73.973579
1539689,Peaceful Grocery Market Llc,Grocery Store,3738 White Plains Rd,Bronx,Bronx,10467,BRONX,NY,40.88258,-73.863152
1543745,Le Le Trading Inc.,Grocery Store,2257 86th St,Brooklyn,Brooklyn,11214,KINGS,NY,40.601189,-73.992218
1539391,CD East Harlem Deli Corp,Convenience Store,2375 2nd Ave,New York,Manhattan,10035,NEW YORK,NY,40.80077,-73.93531
1543981,Deli & Grill Ave X Inc.,Convenience Store,237 Avenue X,Brooklyn,Brooklyn,11223,KINGS,NY,40.590267,-73.973946
1539424,E.L. Putnam Grocery Corp,Convenience Store,1078 Putnam Ave,Brooklyn,Brooklyn,11221,KINGS,NY,40.6875,-73.919006
1539444,Maysa Gourmet Deli 2 Corp,Convenience Store,243B E 138th St,Bronx,Bronx,10451,BRONX,NY,40.811611,-73.927864
1539451,Tarzan Deli Corp,Convenience Store,1803 Broadway,Brooklyn,Brooklyn,11207,KINGS,NY,40.681969,-73.908554
1539454,Gopuff 839,Convenience Store,1356 Lexington Ave,New York,Manhattan,10128,NEW YORK,NY,40.781948,-73.953979
1543840,Al Hanaa 24/7 Inc,Grocery Store,2532 Steinway St,Astoria,Queens,11103,QUEENS,NY,40.767204,-73.912483
1544078,2&5 Line Deli Grocery Inc,Convenience Store,2196 White Plains Rd,Bronx,Bronx,10462,BRONX,NY,40.856441,-73.867447
1508820,Bbd Deli Grocery Inc,Convenience Store,2924 36th Ave,Astoria,Queens,11106,QUEENS,NY,40.75692,-73.930756
1619446,Milan Supermarket Inc.,Grocery Store,130 Cortelyou Rd,Brooklyn,Brooklyn,11218,KINGS,NY,40.637932,-73.97747
1619527,K & H Grill Corp,Convenience Store,1918 Kings Hwy,Brooklyn,Brooklyn,11229,KINGS,NY,40.610367,-73.954056
1545937,Lalas Grocery Inc,Grocery Store,1553 Westchester Ave,Bronx,Bronx,10472,BRONX,NY,40.828861,-73.877731
1545948,S & G Happy Face Corp,Grocery Store,230 McKinley Ave,Brooklyn,Brooklyn,11208,KINGS,NY,40.680374,-73.867386
1546010,145 Jamaica Deli Inc.,Convenience Store,145-19 Jamaica Avenue,Jamaica,Queens,11435,QUEENS,NY,40.702011,-73.809113
1546100,Galaxy 1802 Deli Corp,Convenience Store,1802 Avenue U,Brooklyn,Brooklyn,11229,KINGS,NY,40.599045,-73.953369
1546118,Mr. Fruit And Vegetable Inc,Other,5616 8th Ave,Brooklyn,Brooklyn,11220,KINGS,NY,40.637497,-74.00769
1546120,California Fruits Market Inc,Grocery Store,1456 Saint Nicholas Ave,New York,Manhattan,10033,NEW YORK,NY,40.850307,-73.9328
1546121,Chelsea Deli Market Corp.,Convenience Store,259 7th Ave,New York,Manhattan,10001,NEW YORK,NY,40.745167,-73.994667
1238470,Stephen Deli 1 Corp,Convenience Store,6125 Woodhaven Blvd,Rego Park,Queens,11374,QUEENS,NY,40.728199,-73.870781
1291813,Sammy 2500 Grocery Corp,Grocery Store,2500 Arthur Ave,Bronx,Bronx,10458,BRONX,NY,40.857971,-73.885468
965132,El Buen Gusto Grocery Corp,Convenience Store,5423 4th Ave,Brooklyn,Brooklyn,11220,KINGS,NY,40.643719,-74.015312
991656,Your Choice Deli Inc,Convenience Store,175 Garretson Ave,Staten Island,Staten Island,10305,RICHMOND,NY,40.589138,-74.09539
1646676,STE Deli And Grocery Inc,Convenience Store,301 Mother Gaston Blvd,Brooklyn,Brooklyn,11212,KINGS,NY,40.671967,-73.907265
1545522,Twin Parks Pharmacy & Surgical Supplies,Convenience Store,817 E 180th St,Bronx,Bronx,10460,BRONX,NY,40.846485,-73.885147
1545691,Rizkq,Grocery Store,1111 Church Ave,Brooklyn,Brooklyn,11218,KINGS,NY,40.647274,-73.968933
1545891,Lindo Amanecer Grocery Corp,Convenience Store,4099 Broadway,New York,Manhattan,10032,NEW YORK,NY,40.84454,-73.939095
1546127,Star Block Convenience Store,Convenience Store,1401 E 233rd St,Bronx,Bronx,10466,BRONX,NY,40.889122,-73.836342
1544381,Juri Deli Inc.,Convenience Store,203 Maujer St,Brooklyn,Brooklyn,11206,KINGS,NY,40.711155,-73.942268
1546149,J & J Grab And Go,Grocery Store,2409 65th St,Brooklyn,Brooklyn,11204,KINGS,NY,40.61108,-73.976524
1586633,Utica Discount & Variety Store Corp.,Convenience Store,314 Utica Ave,Brooklyn,Brooklyn,11213,KINGS,NY,40.667351,-73.931404
1286527,Frederick Deli & Grocery Inc.,Convenience Store,2268 8th Ave,New York,Manhattan,10027,NEW YORK,NY,40.808025,-73.952705
1545231,Future Deli And Convenience Store Llc,Convenience Store,21433 Jamaica Ave,Queen Village,Queens,11428,QUEENS,NY,40.716797,-73.742737
1153240,Highlawn Grill Deli Inc.,Convenience Store,196 Highlawn Ave,Brooklyn,Brooklyn,11223,KINGS,NY,40.603382,-73.978584
1544428,Shree Siddhivinayka,Other,143-01 Holly Ave,Flushing,Queens,11355,QUEENS,NY,40.752399,-73.816597
1030102,Desi Bazzar Inc,Grocery Store,557 McDonald Ave,Brooklyn,Brooklyn,11218,KINGS,NY,40.64064,-73.978828
1544466,Royal Deli & Grill Corp. II,Convenience Store,193 Knickerbocker Ave,Brooklyn,Brooklyn,11237,KINGS,NY,40.703693,-73.926689
1282984,113th Gourmet Deli Inc,Convenience Store,11321 Jamaica Ave,Richmond Hill,Queens,11418,QUEENS,NY,40.698246,-73.834885
1061615,Touba African Market Dress Flavor,Grocery Store,84 E 116th St,New York,Manhattan,10029,NEW YORK,NY,40.799309,-73.943619
1230393,Tokyo Market Inc.,Convenience Store,3315 Broadway,Astoria,Queens,11106,QUEENS,NY,40.760975,-73.923187
1577262,New Mott Deli Corp,Convenience Store,1909 Mott Ave,Far Rockaway,Queens,11691,QUEENS,NY,40.603645,-73.752029
1544837,Don Julio Deli Market Corp,Grocery Store,7414 18th Ave,Brooklyn,Brooklyn,11204,KINGS,NY,40.613781,-73.995804
1544913,Newkirk Foodmart,Grocery Store,2 Newkirk Plz,Brooklyn,Brooklyn,11226,KINGS,NY,40.635643,-73.962761
1544958,M & R Bronx Deli Corp,Convenience Store,1991 Bronxdale Ave,Bronx,Bronx,10462,BRONX,NY,40.849815,-73.864693
1544971,Strawberry Garden,Grocery Store,98 Nagle Ave,New York,Manhattan,10040,NEW YORK,NY,40.860741,-73.927559
1546931,New York African Market LLC,Grocery Store,67A Utica Ave,Brooklyn,Brooklyn,11213,KINGS,NY,40.676727,-73.93029
1546975,Crosby Deli & Grocery Inc,Grocery Store,1450 Crosby Ave,Bronx,Bronx,10461,BRONX,NY,40.842087,-73.829849
1547026,Bouna Candy Convenience Inc,Other,718 E 180th St,Bronx,Bronx,10457,BRONX,NY,40.847466,-73.888397
1547060,El Capital Deli Grocery,Convenience Store,518 B 72 Street,Queens,Queens,11692,QUEENS,NY,40.703632,-73.878876
1153988,Alex Food II Corp,Grocery Store,1615 Mlk Jr Blvd,Bronx,Bronx,10453,BRONX,NY,40.847725,-73.919785
1546175,Reyes Deli Mexicana Inc,Convenience Store,196 Port Richmond Ave,Staten Island,Staten Island,10302,RICHMOND,NY,40.636505,-74.134613
1546273,2816 Glenwood Deli And Juice Bar Incorporated,Convenience Store,2816 Glenwood Rd,Brooklyn,Brooklyn,11210,KINGS,NY,40.634209,-73.949684
1546304,Foster Ave Deli King,Convenience Store,1036 Coney Island Ave,Brooklyn,Brooklyn,11230,KINGS,NY,40.632336,-73.966988
1547093,Richmond Food Mart Inc,Convenience Store,744 Port Richmond Ave,Staten Island,Staten Island,10302,RICHMOND,NY,40.625679,-74.143547
1546428,96 Deli Mart,Convenience Store,141 E 96th St,New York,Manhattan,10128,NEW YORK,NY,40.786095,-73.951317
1546437,AMG 94,Convenience Store,4801 Kings Hwy,Brooklyn,Brooklyn,11234,KINGS,NY,40.633064,-73.930107
1546488,East Village Farm & Grocery Inc.,Other,69 2nd Ave,New York,Manhattan,10003,NEW YORK,NY,40.726364,-73.989525
1547383,Ali Baba Halal Market,Grocery Store,1201 Quentin Rd,Brooklyn,Brooklyn,11229,KINGS,NY,40.608116,-73.960693
1488534,125 Convenient Inc.,Convenience Store,12432 Rockaway Blvd,South Ozone Park,Queens,11420,QUEENS,NY,40.675232,-73.812782
1488563,R Deli Corp,Convenience Store,552 Beach 25th St,Far Rockaway,Queens,11691,QUEENS,NY,40.599724,-73.761269
1546690,Hetal Groceries Inc,Convenience Store,635 N Railroad Ave,Staten Island,Staten Island,10304,RICHMOND,NY,40.589188,-74.096039
896545,Ginseng Empire Inc,Other,4211 Main St,Flushing,Queens,11355,QUEENS,NY,40.755051,-73.828117
1488296,Keshi's Deli Inc,Grocery Store,220 Port Richmond Ave,Staten Island,Staten Island,10302,RICHMOND,NY,40.635902,-74.134995
1488408,Naz Deli Corp,Convenience Store,234 E 106th St,New York,Manhattan,10029,NEW YORK,NY,40.790852,-73.943359
1663020,Susy Grocery Corp,Grocery Store,769 Liberty Ave,Brooklyn,Brooklyn,11208,KINGS,NY,40.676758,-73.88131
1208541,Camila Grocery Store Inc,Convenience Store,1665 Boston Rd,Bronx,Bronx,10460,BRONX,NY,40.836414,-73.889709
1071077,Gnm Deli & Grocery Inc.,Grocery Store,22801 147th Ave,Springfield Gardens,Queens,11413,QUEENS,NY,40.65831,-73.753693
1291465,Lee Hayward Groceries Inc.,Other,198 Lee Ave,Brooklyn,Brooklyn,11206,KINGS,NY,40.701809,-73.955643
1488636,Cindy's Deli Corp.,Convenience Store,2154 Richmond Ter,Staten Island,Staten Island,10302,RICHMOND,NY,40.640224,-74.134888
1488637,Adelay Deli Grocery Inc,Convenience Store,1861 Pitkin Ave,Brooklyn,Brooklyn,11212,KINGS,NY,40.670811,-73.904091
1571601,Los 3 Compadres Deli Corp,Convenience Store,9001 77th St,Woodhaven,Queens,11421,QUEENS,NY,40.687607,-73.863693
1489002,Happy Farms,Grocery Store,120-01 Liberty Ave,S Richmond Hill,Queens,11419,QUEENS,NY,40.68681,-73.823082
955337,K.A.N.Z. DELI GROCERY INC.,Convenience Store,510 Clarkson Ave,Brooklyn,Brooklyn,11203,KINGS,NY,40.655766,-73.942528
1236293,N&S 191 Food Corp.,Convenience Store,19034 Jamaica Ave,Hollis,Queens,11423,QUEENS,NY,40.712414,-73.768799
1547233,J Village Market Inc,Other,2357 86th St,Brooklyn,Brooklyn,11214,KINGS,NY,40.599857,-73.989998
1085263,Five Boroughs Halal Wholesale Inc,Specialty Store,11808 Rockaway Blvd,South Ozone Park,Queens,11420,QUEENS,NY,40.676075,-73.819786
916908,Li's Herb Co. Inc,Other,93 Elizabeth St,New York,Manhattan,10013,NEW YORK,NY,40.718407,-73.995979
1489074,Havemeyer Convenience Store Inc.,Convenience Store,149 Havemeyer St,Brooklyn,Brooklyn,11211,KINGS,NY,40.711716,-73.957344
1489129,Cr7 Gourmet Corp,Convenience Store,26 1st Ave,New York,Manhattan,10009,NEW YORK,NY,40.723743,-73.9879
1207334,Susan's Green Green Green Market Inc,Grocery Store,3002 Buhre Ave,Bronx,Bronx,10461,BRONX,NY,40.847061,-73.831985
1488814,Suly Fruit Stand 2,Specialty Store,1406 Saint Nicholas Ave,New York,Manhattan,10033,NEW YORK,NY,40.848839,-73.933876
1547312,Gmb 228 Corp,Grocery Store,228 Prospect Park W,Brooklyn,Brooklyn,11215,KINGS,NY,40.659737,-73.981117
1547346,Arkan Food Corp,Convenience Store,477 Malcolm X Blvd,New York,Manhattan,10037,NEW YORK,NY,40.813366,-73.941566
1547364,Golden Food And Grocery Corp,Convenience Store,694 Rockaway Ave,Brooklyn,Brooklyn,11212,KINGS,NY,40.662975,-73.909164
1569026,Alex Fish Market Corp,Specialty Store,5302 Church Ave,Brooklyn,Brooklyn,11203,KINGS,NY,40.652218,-73.927322
1168566,Elmanahry,Grocery Store,6210 11th Ave,Brooklyn,Brooklyn,11219,KINGS,NY,40.630264,-74.004272
1569535,H & M Market,Convenience Store,561 Grand St,Brooklyn,Brooklyn,11211,KINGS,NY,40.711269,-73.949142
1569377,Neymar Farms Ii Llc,Grocery Store,878 Utica Ave,Brooklyn,Brooklyn,11203,KINGS,NY,40.651657,-73.930473
1577415,La Oaxaquena Fruits & Vegetables Inc.,Grocery Store,9011 Jamaica Ave,Woodhaven,Queens,11421,QUEENS,NY,40.693035,-73.854286
1510577,Moe Deli Grill Corp. N/A,Convenience Store,2254 5th Ave,New York,Manhattan,10037,NEW YORK,NY,40.814384,-73.936684
1540035,La Plazita Organic Corp,Convenience Store,752 Seneca Ave,Ridgewood,Queens,11385,QUEENS,NY,40.702229,-73.906921
1489590,C&d Family Inc,Grocery Store,1220 Nostrand Ave,Brooklyn,Brooklyn,11225,KINGS,NY,40.65744,-73.950447
1489659,Z & J Ny Enterprises Corp,Convenience Store,111 W 110th St,New York,Manhattan,10026,NEW YORK,NY,40.798504,-73.952911
1489709,Walid Corp,Convenience Store,19 Fort Pl,Staten Island,Staten Island,10301,RICHMOND,NY,40.642075,-74.078995
1540340,Barahi Deli Grocery Corp,Convenience Store,9527 Church Ave,Brooklyn,Brooklyn,11212,KINGS,NY,40.655701,-73.915726
1567748,Bay Parkway Deli Corp,Convenience Store,8508 Bay Pkwy,Brooklyn,Brooklyn,11214,KINGS,NY,40.60244,-73.993561
1540462,Burke 99 Cents And Up Corp,Convenience Store,717 Burke Ave,Bronx,Bronx,10467,BRONX,NY,40.87159,-73.866386
1540494,Andrew's Ave Deli Grocery Llc,Convenience Store,1893 Andrews Ave,Bronx,Bronx,10453,BRONX,NY,40.853653,-73.914001
1509912,Alhabib Super Inc.,Grocery Store,25202 Hillside Ave,Bellerose,Queens,11426,QUEENS,NY,40.735661,-73.715416
1509963,Sunrise Gourmet Deli Ii Corp.,Convenience Store,2186 Bedford Ave,Brooklyn,Brooklyn,11226,KINGS,NY,40.650772,-73.956009
1509978,El Conuco De Mama Corp,Grocery Store,3156 Fulton St,Brooklyn,Brooklyn,11208,KINGS,NY,40.68177,-73.87841
1510065,Esam Deli Corp,Convenience Store,585 Lenox Ave,New York,Manhattan,10037,NEW YORK,NY,40.817379,-73.938637
1510078,684 Deli And Market Inc,Convenience Store,684 Hegeman Ave,Brooklyn,Brooklyn,11207,KINGS,NY,40.662079,-73.886299
1510099,Madison Deli Food Corp,Convenience Store,3402 Avenue I,Brooklyn,Brooklyn,11210,KINGS,NY,40.629452,-73.943275
1510734,Elmana Deli And Grocery Inc.,Convenience Store,84 Bay 13th St,Brooklyn,Brooklyn,11214,KINGS,NY,40.608059,-74.008263
1510257,Adamz Deli & Grill I Corp.,Convenience Store,354 Saratoga Ave,Brooklyn,Brooklyn,11233,KINGS,NY,40.673599,-73.916901
1510286,Tree Of Life Rx Inc,Convenience Store,2472 Coney Island Ave,Brooklyn,Brooklyn,11223,KINGS,NY,40.596523,-73.961128
1510319,129 Money Market & Grill Corp,Convenience Store,129 Dwight St,Brooklyn,Brooklyn,11231,KINGS,NY,40.675026,-74.010078
1489234,Isara Mexican Taqueria Llc,Grocery Store,1512 Amsterdam Ave,New York,Manhattan,10031,NEW YORK,NY,40.818707,-73.952629
1509582,7 Eleven Store #34707b,Convenience Store,247 3rd Ave,New York,Manhattan,10010,NEW YORK,NY,40.737133,-73.984161
1649662,Organic Valley Deli Inc.,Convenience Store,400 4th Ave,Brooklyn,Brooklyn,11215,KINGS,NY,40.672169,-73.98748
1509587,332 Bello Mini Market Inc,Convenience Store,332 Saint Anns Ave,Bronx,Bronx,10454,BRONX,NY,40.808846,-73.915977
1509611,Ccs Ravioli Company,Grocery Store,5223 Avenue N,Brooklyn,Brooklyn,11234,KINGS,NY,40.619255,-73.924171
1489318,Tims Deli & Grocery Corporation,Convenience Store,804 Burke Ave,Bronx,Bronx,10467,BRONX,NY,40.871223,-73.863159
1640912,Jalpa 117 Inc. Dba-metro Deli & Grocery,Convenience Store,11701 Hillside Ave,Richmond Hill,Queens,11418,QUEENS,NY,40.70026,-73.832848
1539879,Besa Meat Market,Specialty Store,2133B Williamsbridge Rd,Bronx,Bronx,10461,BRONX,NY,40.856121,-73.855759
1539911,M &T Deli Corp,Convenience Store,17223 Jamaica Ave,Jamaica,Queens,11432,QUEENS,NY,40.708,-73.787064
1509644,Tuv Taam Fish Market,Specialty Store,4801 New Utrecht Ave,Brooklyn,Brooklyn,11219,KINGS,NY,40.637257,-73.994499
1489359,Amsterdam 99c Plus Inc.,Convenience Store,912 Amsterdam Ave,New York,Manhattan,10025,NEW YORK,NY,40.799686,-73.966492
1509651,5001 Xin Xin Grocery Inc.,Convenience Store,5001 6th Ave,Brooklyn,Brooklyn,11220,KINGS,NY,40.643623,-74.008087
1540137,Jessi's Deli Corp,Grocery Store,105-17 Jamaica Ave,Richmond Hill,Queens,11418,QUEENS,NY,40.695385,-73.841309
1510862,Little Guyana Pharmacy & Cafe Inc.,Convenience Store,11908 Liberty Ave,South Richmond Hill,Queens,11419,QUEENS,NY,40.686264,-73.823761
1540154,New Leader Helal Meat Iii Corp,Grocery Store,6714 5th Ave,Brooklyn,Brooklyn,11220,KINGS,NY,40.635277,-74.020447
1510895,Alondra's Mexgrocer,Grocery Store,2872 W 15th St,Brooklyn,Brooklyn,11224,KINGS,NY,40.577427,-73.98288
1510918,New Arrow Deli Grocery Inc.,Convenience Store,18602 122nd Ave,Springfield Gardens,Queens,11413,QUEENS,NY,40.683174,-73.759911
1489480,Jaiden Grocery Inc,Convenience Store,276 Albany Ave,Brooklyn,Brooklyn,11213,KINGS,NY,40.671238,-73.939384
1540206,The Happy Panda Deli Grocery Corp,Convenience Store,14504 Liberty Ave,Jamaica,Queens,11435,QUEENS,NY,40.693325,-73.807701
1510953,LQA Grocery Ii Corp,Grocery Store,1702 Mermaid Ave,Brooklyn,Brooklyn,11224,KINGS,NY,40.576496,-73.984886
1540601,1791 San Antonio Grocery Corp,Grocery Store,1791 Gleason Ave,Bronx,Bronx,10472,BRONX,NY,40.829948,-73.866615
1540715,A & A Family Deli Corp,Convenience Store,22702A 112th Ave,Queens Village,Queens,11429,QUEENS,NY,40.7052,-73.73008
1547475,Quick Stop 1 Mini Mart Corp,Other,895 Park Ave,Brooklyn,Brooklyn,11206,KINGS,NY,40.698826,-73.939079
1547497,El Patio Deli Market Corp,Convenience Store,279 Tompkins Ave,Brooklyn,Brooklyn,11216,KINGS,NY,40.688416,-73.944855
1547540,Knickerbocker Fresh Market Incorporated,Convenience Store,341 Knickerbocker Ave,Brooklyn,Brooklyn,11237,KINGS,NY,40.701084,-73.922104
1547555,125 Fresh Food Inc,Convenience Store,2425 2nd Ave,New York,Manhattan,10035,NEW YORK,NY,40.802601,-73.933914
1547663,Quick Stop,Grocery Store,2404 Coney Island Ave,Brooklyn,Brooklyn,11223,KINGS,NY,40.598438,-73.961395
1547671,AMG 2,Convenience Store,3500 Conner St,Bronx,Bronx,10475,BRONX,NY,40.884964,-73.826393
1547705,Happy Market & Discount Inc,Convenience Store,784 E 152nd St,Bronx,Bronx,10455,BRONX,NY,40.81551,-73.90609
1547719,Mr. Avocado Wholesales Inc.,Grocery Store,7219 13th Ave,Brooklyn,Brooklyn,11228,KINGS,NY,40.621487,-74.006012
1540857,B & K Blessing Corp,Grocery Store,512 E 149th St,Bronx,Bronx,10455,BRONX,NY,40.814674,-73.914642
1235728,West Indian Fresh Inc,Grocery Store,4207 Avenue J,Brooklyn,Brooklyn,11210,KINGS,NY,40.627747,-73.935204
1223243,7 Eleven Store 35710a,Convenience Store,311 Broadway,New York,Manhattan,10007,NEW YORK,NY,40.715542,-74.005203
1195655,574 Marcy Deli Corp,Convenience Store,574 Marcy Ave,Brooklyn,Brooklyn,11206,KINGS,NY,40.695068,-73.949287
1016978,Mtr Grocery Corp.,Convenience Store,760 E 187th St,Bronx,Bronx,10458,BRONX,NY,40.853497,-73.882652
1272373,Alexandra Deli & Grocery Llc,Grocery Store,79 Saratoga Ave,Brooklyn,Brooklyn,11233,KINGS,NY,40.684238,-73.917419
1548096,Tzion Meat Corp,Specialty Store,6351 Austin St,Rego Park,Queens,11374,QUEENS,NY,40.727604,-73.864388
1547802,Jk 168 Grocery Inc.,Convenience Store,6707 11th Ave,Brooklyn,Brooklyn,11219,KINGS,NY,40.627197,-74.007233
1547808,Chopcheese Deli 3 Corp,Convenience Store,542 W 207th St,New York,Manhattan,10034,NEW YORK,NY,40.865608,-73.920044
1540896,Gold Star Deli Corp,Convenience Store,418 Malcolm X Blvd,New York,Manhattan,10037,NEW YORK,NY,40.811462,-73.942619
1540921,Yummy Gourmet Deli 1 Corp,Convenience Store,379 Bedford Park Blvd,Bronx,Bronx,10458,BRONX,NY,40.868015,-73.88401
1183495,Rehobothe Fish Market,Specialty Store,104 E Burnside Ave,Bronx,Bronx,10453,BRONX,NY,40.853046,-73.905418
956950,M Barrie  African Market Halal Meat,Grocery Store,3818 White Plains Rd,Bronx,Bronx,10467,BRONX,NY,40.884052,-73.862442
1078973,Rishi Grocery Inc - New Woodside Grocery,Convenience Store,4170 74th St,Elmhurst,Queens,11373,QUEENS,NY,40.743736,-73.890907
1547425,Ahmed Deli Discount Corporation,Convenience Store,857 E 241st St,Bronx,Bronx,10470,BRONX,NY,40.901897,-73.846931
1547864,Tez Pharmacy,Convenience Store,834 Coney Island Ave,Brooklyn,Brooklyn,11218,KINGS,NY,40.637096,-73.968376
1540974,A & K Deli And Grill Corp,Convenience Store,1839 Coney Island Ave,Brooklyn,Brooklyn,11230,KINGS,NY,40.612434,-73.962639
1540987,Max Deals Prospect Inc.,Grocery Store,985 Prospect Ave,Bronx,Bronx,10459,BRONX,NY,40.823208,-73.900368
1243707,East Avenue Express Corp,Convenience Store,1444 East Ave,Bronx,Bronx,10462,BRONX,NY,40.836193,-73.860176
1541034,M & M Detox Deli Corp,Grocery Store,134 Manhattan Ave,Brooklyn,Brooklyn,11206,KINGS,NY,40.707336,-73.944786
1548009,Galleria Gourmet Marketplace Inc./Galleria Mkt Pl,Convenience Store,203 10th Ave,New York,Manhattan,10011,NEW YORK,NY,40.7472,-74.004753
1548281,Dinoah Market Corp,Grocery Store,111 E 167th St,Bronx,Bronx,10452,BRONX,NY,40.835258,-73.918907
1592897,Firehouse Deli & Grill #2 Corp.,Convenience Store,644 Wilson Ave,Brooklyn,Brooklyn,11207,KINGS,NY,40.688942,-73.905273
1548022,Lucero's Grocery Store Inc,Convenience Store,4503 162nd St,Flushing,Queens,11358,QUEENS,NY,40.756233,-73.80442
1200485,San Jose Mini Market Corp,Grocery Store,1055 Walton Ave,Bronx,Bronx,10452,BRONX,NY,40.831566,-73.92157
1511594,New Beginning Deli Grocery Llc,Grocery Store,673 Allerton Ave,Bronx,Bronx,10467,BRONX,NY,40.86557,-73.86824
1511652,BP AMPM 48357,Convenience Store,824 Allerton Ave,Bronx,Bronx,10467,BRONX,NY,40.865253,-73.861916
1511700,Farmers Deli One Corp,Convenience Store,10918 Farmers Blvd,Saint Albans,Queens,11412,QUEENS,NY,40.703468,-73.766838
1511799,Jeannine Deli Grocery Corp,Convenience Store,115 E 184th St,Bronx,Bronx,10468,BRONX,NY,40.859821,-73.900024
1490289,Berakah Foods,Other,1240 Randall Ave,Bronx,Bronx,10474,BRONX,NY,40.811722,-73.888168
1548663,Gutierrez Bakery,Other,157 Port Richmond Ave,Staten Island,Staten Island,10302,RICHMOND,NY,40.637321,-74.133766
1550944,Le Tao Grocery,Convenience Store,5623 Fort Hamilton Pkwy,Brooklyn,Brooklyn,11219,KINGS,NY,40.634521,-74.003128
1551135,Edenwald Market And Grill Corp,Convenience Store,4043 Laconia Ave,Bronx,Bronx,10466,BRONX,NY,40.886192,-73.848198
1551144,Green Valley Organic Market,Convenience Store,2512 Queens Plz S,Long Island City,Queens,11101,QUEENS,NY,40.750423,-73.940506
1548462,Suthpin Deli Inc,Convenience Store,9511 Sutphin Blvd,Jamaica,Queens,11435,QUEENS,NY,40.698074,-73.806076
1511193,Premier Farmers Market Llc,Grocery Store,3906 108th St,Corona,Queens,11368,QUEENS,NY,40.751312,-73.85923
1550729,Chopcheese Deli 2 Corp,Grocery Store,3879 Broadway,New York,Manhattan,10032,NEW YORK,NY,40.837418,-73.942764
1551166,Evergreen Food Mart Corp,Convenience Store,661 Evergreen Ave,Brooklyn,Brooklyn,11207,KINGS,NY,40.687298,-73.909981
1548465,Rey's Grocery Deli Corp,Convenience Store,288 Audubon Ave,New York,Manhattan,10033,NEW YORK,NY,40.847847,-73.933182
1490641,T & R  Tobacco Sales Co. Inc.,Grocery Store,20307 Linden Blvd,Saint Albans,Queens,11412,QUEENS,NY,40.695427,-73.749214
1511199,Lorries Deli Grocery Corp,Convenience Store,365 E 193rd St,Bronx,Bronx,10458,BRONX,NY,40.86319,-73.890823
1548473,Canabacoa Deli Grocery Corp.,Grocery Store,1158 Gerard Ave,Bronx,Bronx,10452,BRONX,NY,40.833908,-73.921043
1511212,Mott Street Trading Inc.,Grocery Store,46 Mott St,New York,Manhattan,10013,NEW YORK,NY,40.715336,-73.998573
1548759,Jc Deli & Grill Ii Grocery Corp,Convenience Store,1004 Flushing Ave,Brooklyn,Brooklyn,11237,KINGS,NY,40.703781,-73.93084
1490362,Ashford Express Deli Corp.,Grocery Store,797A Stanley Ave,Brooklyn,Brooklyn,11207,KINGS,NY,40.66124,-73.879639
1550528,14108 Baby Shop Inc,Grocery Store,14108 Northern Blvd,Flushing,Queens,11354,QUEENS,NY,40.764248,-73.8255
1511439,One Stop Deli & More Corp.,Convenience Store,732 Greene Ave,Brooklyn,Brooklyn,11221,KINGS,NY,40.689686,-73.939133
1511446,Fresh 1 Deli And Grill Inc,Convenience Store,34-02 31st Ave,Astoria,Queens,11106,QUEENS,NY,40.763046,-73.921043
1511447,Food Market Grocery Store Inc,Convenience Store,305 E 181st St,Bronx,Bronx,10457,BRONX,NY,40.854111,-73.899048
1550550,Musaed Deli Inc.,Convenience Store,3554 Nostrand Ave,Brooklyn,Brooklyn,11229,KINGS,NY,40.597229,-73.941467
1511260,Kevin Adrian Smart Market Corp,Convenience Store,325 Quincy St,Brooklyn,Brooklyn,11216,KINGS,NY,40.687412,-73.947784
1511273,1 Gold Deli Corp,Grocery Store,126 E 103rd St,New York,Manhattan,10029,NEW YORK,NY,40.790459,-73.948265
1551196,Macareno Mini Market Corp,Grocery Store,4901 5th Ave,Brooklyn,Brooklyn,11220,KINGS,NY,40.645515,-74.009697
1550583,Julitin Deli Grocery Corp,Convenience Store,1290 Sutter Ave,Brooklyn,Brooklyn,11208,KINGS,NY,40.672894,-73.870483
1511509,7 Eleven Store #34248b,Convenience Store,1440 Forest Ave,Staten Island,Staten Island,10302,RICHMOND,NY,40.624313,-74.136307
1490158,Bionic Bagels & Deli Inc,Convenience Store,3741 Nostrand Ave,Brooklyn,Brooklyn,11235,KINGS,NY,40.592651,-73.940178
1550786,Roman Convenience Inc,Convenience Store,451 Northfield Ave,Staten Island,Staten Island,10303,RICHMOND,NY,40.628353,-74.168533
1510985,Daviel Deli Grocery Corp,Convenience Store,740 Gerard Avenue,Bronx,Bronx,10451,BRONX,NY,40.824612,-73.926506
1548558,La Gran Lupita Deli And Grocery Corp,Grocery Store,3901 5th Ave,Brooklyn,Brooklyn,11232,KINGS,NY,40.651112,-74.003868
1550623,Ocean Deli And Grill Inc,Convenience Store,2616 Ocean Pkwy,Brooklyn,Brooklyn,11235,KINGS,NY,40.586163,-73.966682
1576466,Family Discount Grocery Deli Inc.,Convenience Store,268 E 98th St,Brooklyn,Brooklyn,11212,KINGS,NY,40.661057,-73.918747
1550810,Stop 1 Convenience Deli And Grocery Corp,Convenience Store,222 Hoyt St,Brooklyn,Brooklyn,11217,KINGS,NY,40.683533,-73.989998
1550632,Urban Gourmet Deli Corp,Convenience Store,1917 Adam Clayton Powell Jr Blvd,New York,Manhattan,10026,NEW YORK,NY,40.802956,-73.9524
1548594,Noah Deli And Grocery Corp,Convenience Store,229 Saint Anns Ave,Bronx,Bronx,10454,BRONX,NY,40.807491,-73.917206
1490257,Hasan Supermarket Inc,Grocery Store,2165 Starling Ave,Bronx,Bronx,10462,BRONX,NY,40.836597,-73.853157
1511049,Unionport Candy Llc,Grocery Store,1541 Unionport Rd,Bronx,Bronx,10462,BRONX,NY,40.8367,-73.857368
1550837,Ave U Deli & Grocery Inc,Convenience Store,156 Avenue U,Brooklyn,Brooklyn,11223,KINGS,NY,40.596268,-73.978622
1511867,Elias Deli V Corp.,Convenience Store,1382 Nostrand Ave,Brooklyn,Brooklyn,11226,KINGS,NY,40.652966,-73.949951
1557924,Golden Steamer I Inc,Specialty Store,210 Grand St,New York,Manhattan,10013,NEW YORK,NY,40.71907,-73.996162
1542082,Mocha Cafe Inc,Convenience Store,145 W Kingsbridge Rd,Bronx,Bronx,10468,BRONX,NY,40.869438,-73.90329
1541830,Mercado Grocery 1 Corp,Grocery Store,12311 Jamaica Ave,Richmond Hill,Queens,11418,QUEENS,NY,40.700829,-73.827011
1549058,180th Mini Mart Corp.,Convenience Store,906 E 180th St,Bronx,Bronx,10460,BRONX,NY,40.844715,-73.882179
1317147,Amor Supermarket Corp,Convenience Store,35 W 183rd St,Bronx,Bronx,10453,BRONX,NY,40.858925,-73.905205
1549243,Atlantic Ocean Deli And Grill Inc,Convenience Store,2053 Atlantic Ave,Brooklyn,Brooklyn,11233,KINGS,NY,40.676647,-73.912994
1549319,Sea Kings Seafood Inc 2,Specialty Store,114-14C Sutphin Boulevard,Queens,Queens,11434,QUEENS,NY,40.685921,-73.793686
1549353,Al-Helal Corp.,Convenience Store,531 Henry St,Brooklyn,Brooklyn,11231,KINGS,NY,40.683552,-73.999527
1549400,Don Poli Meat Market Corp,Grocery Store,3143 Fulton St,Brooklyn,Brooklyn,11208,KINGS,NY,40.681854,-73.878929
1549454,Sinai Deli & Grocery Corp,Grocery Store,7314 18th Ave,Brooklyn,Brooklyn,11204,KINGS,NY,40.614338,-73.995239
1281823,178 Gourmet Deli Corp,Convenience Store,1930 Grand Concourse,Bronx,Bronx,10457,BRONX,NY,40.850014,-73.905067
1549523,Ai Fresh Ii Inc,Other,6904 18th Ave,Brooklyn,Brooklyn,11204,KINGS,NY,40.616783,-73.992775
1549539,Rose Deli & Grill Inc.,Convenience Store,70 4th Ave,Brooklyn,Brooklyn,11217,KINGS,NY,40.682598,-73.979721
1548838,DOLLARTREE 9375,Other,6101 18th Ave,Brooklyn,Brooklyn,11204,KINGS,NY,40.621258,-73.987831
1541632,Rightway Pharmacy Inc,Convenience Store,2511 Avenue U,Brooklyn,Brooklyn,11229,KINGS,NY,40.600094,-73.946198
1541697,Alejandro 04 Deli Grocery Corp,Convenience Store,493 Tompkins Ave,Brooklyn,Brooklyn,11216,KINGS,NY,40.680485,-73.943199
1541768,Natural Food Land  Llc,Grocery Store,409 Brighton Beach Ave,Brooklyn,Brooklyn,11235,KINGS,NY,40.577457,-73.963005
1541428,Bella Deli Food Corp,Convenience Store,951 Putnam Ave,Brooklyn,Brooklyn,11221,KINGS,NY,40.687241,-73.923103
1595265,West 3rd Nyc Deli Inc.,Convenience Store,121 W 3rd St,New York,Manhattan,10012,NEW YORK,NY,40.730663,-74.000374
1650671,A&c Wendy Grocery Inc,Convenience Store,4804 Broadway,Astoria,Queens,11103,QUEENS,NY,40.755798,-73.912506
1541439,F & C Deli Grocery Corp,Convenience Store,1017 Rogers Ave,Brooklyn,Brooklyn,11226,KINGS,NY,40.645321,-73.951729
1541908,Richmond Gas Inc.,Convenience Store,1125 Richmond Ter,Staten Island,Staten Island,10310,RICHMOND,NY,40.645348,-74.108521
1541458,La Vega Grocery,Convenience Store,2772 Fulton St,Brooklyn,Brooklyn,11207,KINGS,NY,40.67786,-73.892242
1541959,Nickelby Mini Market Corp.,Grocery Store,177-04 Baisley Blvd,Jamaica,Queens,11434,QUEENS,NY,40.686203,-73.768318
1541961,Sunny Grocery & Grill Inc,Convenience Store,60-84 Fresh Pond Rd,Maspeth,Queens,11378,QUEENS,NY,40.714695,-73.901382
1541502,Emily Farm Corp,Convenience Store,8118 5th Ave,Brooklyn,Brooklyn,11209,KINGS,NY,40.624676,-74.02478
1541969,Y & O Food Corp,Convenience Store,4702 Clarendon Rd,Brooklyn,Brooklyn,11203,KINGS,NY,40.644115,-73.932327
1541516,J Deli & Grill PR Corp.,Convenience Store,689 Melrose Ave,Bronx,Bronx,10455,BRONX,NY,40.819748,-73.916267
1558344,Wilson 26 Deli Grocery Corp,Convenience Store,26 Wilson Ave,Brooklyn,Brooklyn,11237,KINGS,NY,40.703075,-73.93013
1548962,Redan Deli Corp,Convenience Store,9007 Avenue A,Brooklyn,Brooklyn,11236,KINGS,NY,40.651436,-73.917976
1541085,Los Hernandez Meat & Deli Grocery Inc,Grocery Store,501B Jackson Ave,Bronx,Bronx,10455,BRONX,NY,40.811989,-73.909607
1541129,Yummilicious Deli #2 Corp,Grocery Store,1488 1st Ave,New York,Manhattan,10075,NEW YORK,NY,40.771309,-73.953224
1542021,260 Burnside Deli Inc.,Convenience Store,260 E Burnside Ave,Bronx,Bronx,10457,BRONX,NY,40.851391,-73.902451
1541320,Fusion Pharmacy,Other,6801 18th Ave,Brooklyn,Brooklyn,11204,KINGS,NY,40.617233,-73.991898
1542055,777 Bek Inc,Grocery Store,2269 86th St,Brooklyn,Brooklyn,11214,KINGS,NY,40.60091,-73.992065
1216371,Jl Plum Tree LLC,Grocery Store,1156 Flatbush Ave,Brooklyn,Brooklyn,11226,KINGS,NY,40.642078,-73.957245
1279585,King of Boro Inc V,Convenience Store,4928 New Utrecht Ave,Brooklyn,Brooklyn,11219,KINGS,NY,40.63636,-73.994797
1068253,Zamzam Live Poultry Ii Corp,Grocery Store,21250 Jamaica Ave,Queens Village,Queens,11428,QUEENS,NY,40.715927,-73.745659
1136261,Meat On Us Inc,Convenience Store,1928 Kings Hwy,Brooklyn,Brooklyn,11229,KINGS,NY,40.610523,-73.953835
1223589,Five United Market Inc.,Specialty Store,5704 8th Ave,Brooklyn,Brooklyn,11220,KINGS,NY,40.637062,-74.007942
1169716,Baraka African Market Store,Grocery Store,1345 Webster Ave,Bronx,Bronx,10456,BRONX,NY,40.835018,-73.908134
1549807,Sister Fatima African Market,Other,2488 Adam Clayton Powell Jr Blvd,New York,Manhattan,10030,NEW YORK,NY,40.821388,-73.93959
999222,La Villa Produce And Deli Inc,Grocery Store,323 Knickerbocker Ave,Brooklyn,Brooklyn,11237,KINGS,NY,40.701294,-73.922699
1269263,Goldbergers Grocery Store Inc.,Grocery Store,188 Division Ave,Brooklyn,Brooklyn,11211,KINGS,NY,40.707375,-73.960091
932177,Sem Sem Deli Corp,Grocery Store,75 Humboldt St,Brooklyn,Brooklyn,11206,KINGS,NY,40.704159,-73.940994
1102792,Allerton FIsh Market,Specialty Store,718 Allerton Ave,Bronx,Bronx,10467,BRONX,NY,40.865303,-73.866547
1214985,Ittadi Bazaar,Grocery Store,7307 37th Rd,Jackson Heights,Queens,11372,QUEENS,NY,40.747246,-73.892204
1209319,Sooo Delicious Food Court,Grocery Store,1801 Bath Ave,Brooklyn,Brooklyn,11214,KINGS,NY,40.603806,-74.005966
1573743,Calvin's Meat Mall,Grocery Store,226-11 Merrick Blvd,Springfield Gardens,Queens,11413,QUEENS,NY,40.677277,-73.743385
1015520,Psi Mid Atlantic Seafoods Inc.,Grocery Store,15220 Rockaway Blvd,Jamaica,Queens,11434,QUEENS,NY,40.671993,-73.785141
1001728,15th Avenue Mini Market Corp,Convenience Store,7501 15th Ave,Brooklyn,Brooklyn,11228,KINGS,NY,40.617527,-74.00309
999307,Heaven's Deli Grocery,Grocery Store,10220 101st Ave,Ozone Park,Queens,11416,QUEENS,NY,40.685848,-73.839966
1110035,Bay-Care Pharmacy LLC,Convenience Store,8515 Bay Pkwy,Brooklyn,Brooklyn,11214,KINGS,NY,40.602097,-73.993408
1294297,Fuxing Mini Market Inc,Other,4136 Main St,Flushing,Queens,11355,QUEENS,NY,40.757164,-73.829041
1133057,S & H Fruits And Vegetable Inc,Grocery Store,731 E Tremont Ave,Bronx,Bronx,10457,BRONX,NY,40.844944,-73.889885
1153387,Luna Brothers Fruit Plaza,Grocery Store,88 Essex St,New York,Manhattan,10002,NEW YORK,NY,40.71772,-73.988449
1087052,Ckm Deli Grocery Corp,Grocery Store,510 Hinsdale St,Brooklyn,Brooklyn,11207,KINGS,NY,40.662327,-73.898277
1129454,Mexico 2000 Deli Grocery Corp,Convenience Store,367A Broadway,Brooklyn,Brooklyn,11211,KINGS,NY,40.707523,-73.955116
1287488,Meadows Halal Meat & Grill Inc,Grocery Store,18418 Horace Harding Expy,Fresh Meadows,Queens,11365,QUEENS,NY,40.739735,-73.789429
1549930,Los Tres Amigos Place Inc,Convenience Store,5406 Flushing Ave,Maspeth,Queens,11378,QUEENS,NY,40.71492,-73.913239
1549950,Chauncey 1763 Deli Grocery Inc,Convenience Store,1763 Broadway,Brooklyn,Brooklyn,11207,KINGS,NY,40.682739,-73.910065
997872,N & I Venture Corp,Convenience Store,6571 Broadway,Bronx,Bronx,10471,BRONX,NY,40.907669,-73.896568
1022780,212 Grand Food,Other,212 Grand Street,New York,Manhattan,10013,NEW YORK,NY,40.71896,-73.996117
1145909,Stratford Deli Grocery Corp,Convenience Store,1105 Church Ave,Brooklyn,Brooklyn,11218,KINGS,NY,40.647137,-73.969032
1550007,Dreamland Deli Grocery Inc,Convenience Store,975 E 167th St,Bronx,Bronx,10459,BRONX,NY,40.826923,-73.891098
1549717,A & S Super Deli Inc.,Convenience Store,123-36 Rockaway Blvd,South Ozone Park,Queens,11420,QUEENS,NY,40.675304,-73.813721
1239242,Capri Cakes,Specialty Store,306 E 149th St,Bronx,Bronx,10451,BRONX,NY,40.816994,-73.92128
1550022,Queen African Market,Grocery Store,598 Morris Ave,Bronx,Bronx,10451,BRONX,NY,40.818501,-73.922081
1304253,Carniceria Cesina Y Enchilada Inc,Grocery Store,10806 37th Ave,Corona,Queens,11368,QUEENS,NY,40.753922,-73.859879
1474898,Gourmet Deli Nyc Inc,Convenience Store,25 Saint Nicholas Ter,New York,Manhattan,10027,NEW YORK,NY,40.813183,-73.951752
1474942,Amazon Go INY9,Other,165 Broadway,New York,Manhattan,10006,NEW YORK,NY,40.709602,-74.01049
1579362,18th Gourmet Deli And Grill Inc,Convenience Store,6318 18th Ave,Brooklyn,Brooklyn,11204,KINGS,NY,40.619999,-73.98951
1474992,Dainobu E47 1,Grocery Store,129 East 47th Street,New York,Manhattan,10017,NEW YORK,NY,40.754524,-73.973206
1475008,Dainobu W56 2,Grocery Store,36 West 56th Street,New York,Manhattan,10019,NEW YORK,NY,40.762959,-73.976303
1475011,Dainobu Greenwich Village 3,Grocery Store,498 Avenue of the Americas,New York,Manhattan,10011,NEW YORK,NY,40.736355,-73.997353
1475045,Family Dollar 12969,Other,1975 Utica Ave,Brooklyn,Brooklyn,11234,KINGS,NY,40.623791,-73.9272
1579136,Epic Fish Co.,Specialty Store,1860 Utica Ave,Brooklyn,Brooklyn,11234,KINGS,NY,40.626923,-73.927956
1475217,Pincezachry Deli Grocery Corp,Convenience Store,1898 Longfellow Ave,Bronx,Bronx,10460,BRONX,NY,40.83881,-73.882332
1475349,Sky Gourmet Deli I Corp,Convenience Store,3670 Nostrand Ave,Brooklyn,Brooklyn,11229,KINGS,NY,40.594559,-73.940956
1283278,70 Cedar Pearl LLc/ City Acres Market,Other,70 Pine St,New York,Manhattan,10005,NEW YORK,NY,40.70628,-74.007736
1058016,Plaza Fruit & Grocery Corp,Convenience Store,37 Newkirk Plz,Brooklyn,Brooklyn,11226,KINGS,NY,40.634941,-73.962914
1162966,Fish House Sunnyside Corp,Specialty Store,47-49 42nd St,Sunnyside,Queens,11104,QUEENS,NY,40.740284,-73.923035
1472907,Gourmet Deli Grocery 3 Corp,Convenience Store,1098 Clarkson Ave,Brooklyn,Brooklyn,11212,KINGS,NY,40.659866,-73.921799
1472934,Universal Convenience Corp,Convenience Store,267 Broadway,Brooklyn,Brooklyn,11211,KINGS,NY,40.708908,-73.958939
896595,DORKA GROCERY CORP.,Convenience Store,963 Teller Ave,Bronx,Bronx,10456,BRONX,NY,40.826885,-73.915169
1472948,Victoria Grocery Ny Corp,Convenience Store,285 E 91st St,Brooklyn,Brooklyn,11212,KINGS,NY,40.658073,-73.924347
1558540,Ave X Pharmacy,Convenience Store,2108 Avenue X,Brooklyn,Brooklyn,11235,KINGS,NY,40.592793,-73.948738
1558601,Flatbush Flaming Grill Inc.,Convenience Store,1953 Flatbush Ave,Brooklyn,Brooklyn,11234,KINGS,NY,40.622269,-73.936234
1558769,1154 Stanley Food Corp./Stanley Deli & Grocery,Grocery Store,1154 Stanley Ave,Brooklyn,Brooklyn,11208,KINGS,NY,40.665405,-73.867004
1296496,San Atanacio Deli-Grocery Corp,Grocery Store,6304 Bay Pkwy,Brooklyn,Brooklyn,11204,KINGS,NY,40.614887,-73.980362
1472995,Basha Masr Ny,Grocery Store,31 Giffords Ln,Staten Island,Staten Island,10308,RICHMOND,NY,40.551876,-74.15052
1473029,U And P Deli & Grocery Inc.,Grocery Store,185 Roma Ave,Staten Island,Staten Island,10306,RICHMOND,NY,40.561459,-74.104004
1473063,Brodway Food & Discount Inc 1,Convenience Store,937 Broadway,Brooklyn,Brooklyn,11206,KINGS,NY,40.697273,-73.935509
1473079,The Food Pyramid,Grocery Store,569 Marcy Ave,Brooklyn,Brooklyn,11206,KINGS,NY,40.695541,-73.949104
1473098,Diprice Inc.,Grocery Store,8702 4th Ave,Brooklyn,Brooklyn,11209,KINGS,NY,40.621956,-74.028908
1558878,Richmond Hill Food Corp,Convenience Store,12619 Jamaica Ave,Richmond Hill,Queens,11418,QUEENS,NY,40.701481,-73.824074
1558880,Kings Express Grocery Inc,Grocery Store,478 Kings Hwy,Brooklyn,Brooklyn,11223,KINGS,NY,40.604065,-73.972046
1558884,AMG 174,Convenience Store,1 E 233rd St,Bronx,Bronx,10470,BRONX,NY,40.895844,-73.876526
1558892,Met Fish Inc,Specialty Store,7915 Eliot Ave,Middle Village,Queens,11379,QUEENS,NY,40.724995,-73.879562
1582085,Dumont Grocery Inc,Grocery Store,125 Dumont Ave,Brooklyn,Brooklyn,11212,KINGS,NY,40.663342,-73.915192
979032,7- Eleven Store#34495A,Convenience Store,395 Flatbush Avenue Ext,Brooklyn,Brooklyn,11201,KINGS,NY,40.689327,-73.981064
1203759,Satmar Meats & Poultry,Specialty Store,5301 New Utrecht Ave,Brooklyn,Brooklyn,11219,KINGS,NY,40.633034,-73.995178
1558971,106 Quick Stop Convenience Store Corp,Convenience Store,10610 Astoria Blvd,East Elmhurst,Queens,11369,QUEENS,NY,40.760696,-73.862961
1474709,Julians Discount Store Inc,Convenience Store,260 B Utica Ave,Brooklyn,Brooklyn,11213,KINGS,NY,40.669598,-73.931198
1559044,One Mart Nostrand Ave Corp. I,Convenience Store,3600 Nostrand Ave,Brooklyn,Brooklyn,11229,KINGS,NY,40.596279,-73.941269
1352288,The Zahra Halal Meat I Corp,Grocery Store,6926 5th Ave,Brooklyn,Brooklyn,11209,KINGS,NY,40.6329,-74.021408
1474769,Market On Kent,Grocery Store,917921 Manhattan Ave,Brooklyn,Brooklyn,11222,KINGS,NY,40.728645,-73.95356
1474491,Mott Haven Grocery Corp,Convenience Store,2592 3rd Ave,Bronx,Bronx,10454,BRONX,NY,40.81171,-73.925735
1474812,E & U Grill & Deli Corp,Grocery Store,6657 60th Pl,Ridgewood,Queens,11385,QUEENS,NY,40.706493,-73.900215
1660835,Speedway 7814,Convenience Store,9711 Northern Blvd,Corona,Queens,11368,QUEENS,NY,40.757267,-73.870773
1552386,B & R Candy Grocery Corp,Convenience Store,4700B White Plains Rd,Bronx,Bronx,10470,BRONX,NY,40.903797,-73.849953
1552424,Soto Deli & Grill Corp,Convenience Store,8416 Flatlands Ave,Brooklyn,Brooklyn,11236,KINGS,NY,40.637566,-73.909798
1552428,Argjiros Corner 11 2,Grocery Store,4112 Victory Blvd,Staten Island,Staten Island,10314,RICHMOND,NY,40.591492,-74.190865
1552518,Laith Grocery Deli Corp,Convenience Store,1932 3rd Ave,New York,Manhattan,10029,NEW YORK,NY,40.792046,-73.944557
1542255,Nyc Grill & Deli,Convenience Store,208 Rivington St,New York,Manhattan,10002,NEW YORK,NY,40.718506,-73.982872
1661516,Esperanza Grocery Corp,Convenience Store,1665 Grand Concourse,Bronx,Bronx,10452,BRONX,NY,40.844181,-73.911972
1542434,Dua Balkan Mini Market,Grocery Store,371 E 204th St,Bronx,Bronx,10467,BRONX,NY,40.871422,-73.876915
1542468,7th Ave Mike Food Corp. I,Convenience Store,2299 Adam Clayton Powell Jr Blvd,New York,Manhattan,10030,NEW YORK,NY,40.81506,-73.943565
1542534,Food Valley Gourmet Deli Inc,Grocery Store,2594 Adam Clayton Powell Jr Blvd,New York,Manhattan,10039,NEW YORK,NY,40.824825,-73.937096
1551268,New York Seafood Market Corp,Other,454 Lenox Ave,New York,Manhattan,10037,NEW YORK,NY,40.812408,-73.941772
1552104,Paco Meat & Fruit Market Corp.,Convenience Store,744 E Tremont Ave,Bronx,Bronx,10457,BRONX,NY,40.844532,-73.889595
1551605,Halal Lincoln Deli Corp,Convenience Store,522 Morris Ave,Bronx,Bronx,10451,BRONX,NY,40.816761,-73.922882
1620209,Munchies Mini Market & Deli Corp,Convenience Store,1225 Webster Ave,Bronx,Bronx,10456,BRONX,NY,40.832466,-73.909744
1559659,Sam Deli & Convenience Store Inc,Convenience Store,8802 3rd Ave,Brooklyn,Brooklyn,11209,KINGS,NY,40.62199,-74.031837
1552120,Tienda Guatemalteca Sabor Chapin Corp,Grocery Store,3822 108th St,Corona,Queens,11368,QUEENS,NY,40.751667,-73.859428
1551323,Emanuel Mini Market Corp,Convenience Store,7401 18th Ave,Brooklyn,Brooklyn,11204,KINGS,NY,40.613831,-73.995331
1542835,Super Discount Variety Inc,Convenience Store,17 E 167th St,Bronx,Bronx,10452,BRONX,NY,40.835926,-73.921455
1551367,Honor Grocery & Deli Corp,Convenience Store,1217 Sherman Ave,Bronx,Bronx,10456,BRONX,NY,40.834145,-73.915825
1552182,Great Neck Healthy Food Inc,Other,3705 Main St,Flushing,Queens,11354,QUEENS,NY,40.76144,-73.830887
1551693,Rinconcito Centroamericano Corp,Grocery Store,10855 157th St,Jamaica,Queens,11433,QUEENS,NY,40.69339,-73.79435
1551705,My Way Deli Inc,Convenience Store,514 Targee St,Staten Island,Staten Island,10304,RICHMOND,NY,40.614498,-74.084892
1617028,Gateway Food Mart Inc.,Convenience Store,1047 Elton St,Brooklyn,Brooklyn,11208,KINGS,NY,40.657898,-73.875008
1551927,Mi Favorita Fruit Meat Market Corp,Grocery Store,745 Lydig Ave,Bronx,Bronx,10462,BRONX,NY,40.854523,-73.86599
1621925,Family Mini Mart,Convenience Store,2383 65th Street,Brooklyn,Brooklyn,11204,KINGS,NY,40.611374,-73.977005
1551711,Delancey's Ludlow L L C/Green Star Foods,Grocery Store,95 Delancey St,New York,Manhattan,10002,NEW YORK,NY,40.718666,-73.989349
1551723,Feng Yuan Meat Market Inc.,Specialty Store,337 Grand St,New York,Manhattan,10002,NEW YORK,NY,40.716927,-73.990181
1552233,728 Organic Deli Grocery Inc.,Convenience Store,728 Driggs Ave,Brooklyn,Brooklyn,11211,KINGS,NY,40.712948,-73.960564
1551751,Bob Deli Corp,Convenience Store,106 Dekalb Ave,Brooklyn,Brooklyn,11201,KINGS,NY,40.689808,-73.978569
1551217,Berito's II Deli & Grocery Corp,Convenience Store,2364 86th St,Brooklyn,Brooklyn,11214,KINGS,NY,40.599476,-73.990059
1551226,2143 Palma Exotic Deli Corp,Convenience Store,2143 Williamsbridge Rd,Bronx,Bronx,10461,BRONX,NY,40.856537,-73.856125
1552032,Sunny Deli & Grocery Inc.,Convenience Store,8477 Parsons Blvd,Jamaica,Queens,11432,QUEENS,NY,40.712177,-73.806351
1660674,Bravos Carniceria And Grocery Inc,Convenience Store,10720 Corona Ave,Corona,Queens,11368,QUEENS,NY,40.743385,-73.855629
1542717,Berry Organic Market Corp,Convenience Store,55 Sickles St,New York,Manhattan,10040,NEW YORK,NY,40.862434,-73.928352
1552039,Kelly Street Deli Corp,Convenience Store,947 E 163rd St,Bronx,Bronx,10459,BRONX,NY,40.821049,-73.896065
1552040,Nas Super Deli Inc,Convenience Store,1067 Rutland Rd,Brooklyn,Brooklyn,11212,KINGS,NY,40.664032,-73.924545
1660828,Speedway 7807,Convenience Store,11708 Springfield Blvd,Cambria Heights,Queens,11411,QUEENS,NY,40.695999,-73.744186
1128854,Low Price Deli And Grocery Inc,Convenience Store,682 Cary Ave,Staten Island,Staten Island,10310,RICHMOND,NY,40.631752,-74.124344
1550383,Casa Amigos Deli & Grocery Corp,Convenience Store,301 Soundview Ave,Bronx,Bronx,10473,BRONX,NY,40.811516,-73.856407
1093309,Mercy Pharmacy Inc,Convenience Store,6413 18th Ave,Brooklyn,Brooklyn,11204,KINGS,NY,40.619438,-73.98983
1054400,Los Jazmines Grocery Store,Convenience Store,1612 Newkirk Ave,Brooklyn,Brooklyn,11226,KINGS,NY,40.636093,-73.962059
1039465,Hometown Fresh Market Inc,Grocery Store,5704 5th Ave,Brooklyn,Brooklyn,11220,KINGS,NY,40.641136,-74.014664
1242591,Southern Blvd Meat Market Corp./Sagal Food,Grocery Store,1087 Southern Blvd,Bronx,Bronx,10459,BRONX,NY,40.825859,-73.891983
1649964,Universal 99c Plus Corporation,Convenience Store,3915B Broadway,New York,Manhattan,10032,NEW YORK,NY,40.838417,-73.942032
1550422,Hero Farm Llc,Grocery Store,3984 Amboy Rd,Staten Island,Staten Island,10308,RICHMOND,NY,40.550415,-74.150406
1141150,Yummy Happy Gourmet Deli Inc,Convenience Store,201 E 163rd St,Bronx,Bronx,10451,BRONX,NY,40.828148,-73.919998
1150949,7201 Food Corp,Convenience Store,7201 Ft Hamilton Pkwy,Brooklyn,Brooklyn,11228,KINGS,NY,40.627155,-74.014397
1169702,Sea Food House Inc,Other,12 W Mount Eden Ave,Bronx,Bronx,10452,BRONX,NY,40.844494,-73.915337
1550495,180 Convenience Shop Inc,Other,308 Audubon Ave,New York,Manhattan,10033,NEW YORK,NY,40.848351,-73.932808
1550496,Emis Deli Corp,Convenience Store,1665 Lexington Ave,New York,Manhattan,10029,NEW YORK,NY,40.791275,-73.946815
1550502,Mora Bakery Corp,Grocery Store,534 E 138th St,Bronx,Bronx,10454,BRONX,NY,40.806995,-73.918282
1218060,Valentina Grocery  Corp,Grocery Store,3910 6th Ave,Brooklyn,Brooklyn,11232,KINGS,NY,40.649479,-74.002197
1275196,Taam Eden,Specialty Store,4603 13th Ave,Brooklyn,Brooklyn,11219,KINGS,NY,40.636513,-73.990379
1200108,3 Hands Deli And Grill I Corp,Convenience Store,23134 Merrick Blvd,Laurelton,Queens,11413,QUEENS,NY,40.675377,-73.738487
1215579,Hing Hing Supermarket Inc.,Convenience Store,9326 Corona Ave,Elmhurst,Queens,11373,QUEENS,NY,40.742317,-73.870407
1599036,Sahara Grocery And Convenience Corp 6467757654,Other,2504 7th Ave,New York,Manhattan,10039,NEW YORK,NY,40.821888,-73.939087
1206547,Bushwick Deli Grocery Corp,Convenience Store,285 Bushwick Ave,Brooklyn,Brooklyn,11206,KINGS,NY,40.706367,-73.939461
1543004,Marine Park Deli & Grocery,Grocery Store,3509 Avenue S,Brooklyn,Brooklyn,11234,KINGS,NY,40.60955,-73.931915
1543009,Arden Minimart Inc,Convenience Store,1307 Arthur Kill Rd,Staten Island,Staten Island,10312,RICHMOND,NY,40.565502,-74.184059
1543125,Main Stop Deli & Grocery Corp,Convenience Store,2706 Mermaid Ave,Brooklyn,Brooklyn,11224,KINGS,NY,40.575539,-73.993576
1550101,Twinz Deli Corp,Convenience Store,9101 Avenue L,Brooklyn,Brooklyn,11236,KINGS,NY,40.635998,-73.899712
1543154,Ave V Gourmet Deli Corp,Convenience Store,3043 Avenue V,Brooklyn,Brooklyn,11229,KINGS,NY,40.598938,-73.936966
1543155,Wilson Food Center Deli & Grill Inc,Convenience Store,443 Wilson Ave,Brooklyn,Brooklyn,11221,KINGS,NY,40.693798,-73.913345
1243150,The Yellow Basket LLC,Grocery Store,73 Division Ave,Brooklyn,Brooklyn,11249,KINGS,NY,40.707287,-73.96582
1081755,Lime Tree Market,Grocery Store,146 1st Ave,New York,Manhattan,10009,NEW YORK,NY,40.728062,-73.984886
758681,CCA Food Corp,Grocery Store,1623 E 172nd St,Bronx,Bronx,10472,BRONX,NY,40.831818,-73.874908
1550152,Aftab Food Market,Grocery Store,1209 White Plains Rd,Bronx,Bronx,10472,BRONX,NY,40.830799,-73.861961
1621562,Sammy Gourmet Deli 3 Corp,Grocery Store,169-01 Jamaica Ave,Jamaica,Queens,11432,QUEENS,NY,40.707058,-73.790726
1179934,Forest Ave Deli Corp,Convenience Store,6681 Forest Ave,Ridgewood,Queens,11385,QUEENS,NY,40.705025,-73.902031
1044816,Stephs Cake Shop Corp,Other,1392 Rockaway Pkwy,Brooklyn,Brooklyn,11236,KINGS,NY,40.64584,-73.903275
1550271,Moon Fish Market Corp,Other,903 Columbus Ave,New York,Manhattan,10025,NEW YORK,NY,40.798042,-73.963524
1550087,Greenwood Market Deli & Grill Inc,Convenience Store,751 4th Ave,Brooklyn,Brooklyn,11232,KINGS,NY,40.660263,-73.997932
1550309,111 Farmers Deli Grocery Inc.,Convenience Store,111-04 Farmers Blvd,Saint Albans,Queens,11412,QUEENS,NY,40.701744,-73.765663
1550316,New Way Convenience Corp,Other,10513 177th St,Jamaica,Queens,11433,QUEENS,NY,40.703224,-73.780891
1156814,Schwartz Bros Fish Market Corp,Specialty Store,122 Franklin Ave,Brooklyn,Brooklyn,11205,KINGS,NY,40.695259,-73.958206
1274810,Hong Key Market Inc,Grocery Store,7022 18th Ave,Brooklyn,Brooklyn,11204,KINGS,NY,40.61591,-73.993645
1265845,153 J And J Food Market Corp.,Grocery Store,153 E 99th St,New York,Manhattan,10029,NEW YORK,NY,40.787716,-73.949249
1265309,Star Deli & Grill Corp,Convenience Store,10632 Sutphin Blvd,Jamaica,Queens,11435,QUEENS,NY,40.694389,-73.802101
927018,Ek Express Way Ny Inc.,Grocery Store,7514 18th Ave,Brooklyn,Brooklyn,11214,KINGS,NY,40.61314,-73.996452
1475442,Mexicans Grocery Santa Cruz Corp,Grocery Store,245 Willis Ave,Bronx,Bronx,10454,BRONX,NY,40.809643,-73.922745
1292162,Lindo Despertar Grocery Corp,Convenience Store,202 Audubon Ave,New York,Manhattan,10033,NEW YORK,NY,40.8451,-73.935188
1281899,Gourmet Deli & Grocery Corp.,Convenience Store,1060 Fulton St,Brooklyn,Brooklyn,11238,KINGS,NY,40.681641,-73.958298
1245189,Ganada Corp dba Kim's Fish Market,Other,201 W 104th St,New York,Manhattan,10025,NEW YORK,NY,40.799274,-73.966942
1154271,Cathy's Green Gold,Grocery Store,1569 Broadway,Brooklyn,Brooklyn,11207,KINGS,NY,40.685818,-73.91552
1075122,2001 Gourmet Deli Inc,Convenience Store,2001 Clinton Ave,Bronx,Bronx,10457,BRONX,NY,40.846443,-73.888939
983902,JJN Corporation,Grocery Store,1512 Washington Ave,Bronx,Bronx,10457,BRONX,NY,40.837746,-73.903137
1081749,Great Kill Superette Corp,Convenience Store,3997 Hylan Blvd,Staten Island,Staten Island,10308,RICHMOND,NY,40.542355,-74.146225
1260404,7 Eleven Store 37539A,Convenience Store,801 Amsterdam Ave,New York,Manhattan,10025,NEW YORK,NY,40.796204,-73.968765
1141214,Red Hook Food Corp.,Convenience Store,603 Clinton St,Brooklyn,Brooklyn,11231,KINGS,NY,40.674755,-74.001801
1528457,Laura Natural Flower Inc,Grocery Store,18740 Hillside Ave,Jamaica,Queens,11432,QUEENS,NY,40.714897,-73.774246
1646366,AMG 192,Convenience Store,281 Bruckner Blvd,Bronx,Bronx,10454,BRONX,NY,40.805725,-73.911247
1529020,Rakan Convenience Corp,Convenience Store,791 Rogers Ave,Brooklyn,Brooklyn,11226,KINGS,NY,40.651699,-73.952415
1631275,787 Deli Grocery Corp,Convenience Store,787 E 185th St,Bronx,Bronx,10460,BRONX,NY,40.85239,-73.882339
1251221,Nostrand Deli & Grill Inc,Convenience Store,1840 Nostrand Ave,Brooklyn,Brooklyn,11226,KINGS,NY,40.640816,-73.948524
1475367,Health Plus Pharmacy,Convenience Store,1231 Fulton St,Brooklyn,Brooklyn,11216,KINGS,NY,40.680676,-73.952263
1528522,Domino Marketplace Inc.,Convenience Store,317 Wythe Ave,Brooklyn,Brooklyn,11249,KINGS,NY,40.71413,-73.965096
1283993,171 West Deli Corp,Convenience Store,171 W Burnside Ave,Bronx,Bronx,10453,BRONX,NY,40.854057,-73.914909
1296609,Johanna Deli Grocery Corp,Convenience Store,532 Sutter Ave,Brooklyn,Brooklyn,11207,KINGS,NY,40.668762,-73.899147
1196227,Ghanshyam Deli & Grocery Inc,Convenience Store,5902 Myrtle Ave,Ridgewood,Queens,11385,QUEENS,NY,40.700474,-73.899841
1529085,Mohammad Z Rahman 01,Other,388 W 125th St,New York,Manhattan,10027,NEW YORK,NY,40.811115,-73.953819
1475391,Dc Brooklyn Market,Specialty Store,1701 Avenue U,Brooklyn,Brooklyn,11229,KINGS,NY,40.59919,-73.954361
1300724,One Stop Food Center Inc,Convenience Store,1076 New York Ave,Brooklyn,Brooklyn,11203,KINGS,NY,40.646725,-73.946259
982018,Noble Deli Grocery Corp,Grocery Store,1721 E 172nd St,Bronx,Bronx,10472,BRONX,NY,40.832558,-73.870262
1528823,Los Vecinos Mini Market Inc,Grocery Store,3518 Broadway,New York,Manhattan,10031,NEW YORK,NY,40.825546,-73.950775
1528825,Albanian Market Corp,Grocery Store,3043 Buhre Ave,Bronx,Bronx,10461,BRONX,NY,40.847649,-73.830948
1635235,R- K Deli Grocery Corp,Grocery Store,919 E Tremont Ave,Bronx,Bronx,10460,BRONX,NY,40.842026,-73.883965
1552706,AMG 98,Convenience Store,441 Utica Ave,Brooklyn,Brooklyn,11203,KINGS,NY,40.662449,-73.931328
1552714,LP Corner Deli Inc,Convenience Store,208-01 35th Ave,Bayside,Queens,11361,QUEENS,NY,40.767593,-73.780037
1552718,Come N Pick,Convenience Store,63-01 39th Ave,Woodside,Queens,11377,QUEENS,NY,40.746765,-73.900536
1552829,231 Big Apple Deli Grocery Corporation,Convenience Store,141 W 231st St,Bronx,Bronx,10463,BRONX,NY,40.878204,-73.902496
1552837,1773 Express Deli Corporation,Convenience Store,1773 1st Ave,New York,Manhattan,10128,NEW YORK,NY,40.780502,-73.9468
1553070,Family Fruit And Meat Market Corp,Convenience Store,1474 Saint Nicholas Ave,New York,Manhattan,10033,NEW YORK,NY,40.850895,-73.932358
1101453,Dahaleel 1 Inc,Grocery Store,281 Beach 116th St,Rockaway Park,Queens,11694,QUEENS,NY,40.581314,-73.83828
960793,Don Paco Panaderia Inc,Specialty Store,2129 3rd Ave,New York,Manhattan,10035,NEW YORK,NY,40.798233,-73.939766
983331,Caton Deli & Luncheonette Corp,Convenience Store,1818 Caton Ave,Brooklyn,Brooklyn,11226,KINGS,NY,40.65147,-73.962776
1155847,Metropolitan Eurofood,Grocery Store,11829 Metropolitan Ave,Kew Gardens,Queens,11415,QUEENS,NY,40.706944,-73.83416
1239582,Franco Fruits & Vegetables Inc,Grocery Store,121 E Burnside Ave,Bronx,Bronx,10453,BRONX,NY,40.853024,-73.90522
1428315,Columbia Convenience Corp,Convenience Store,521 Columbia St,Brooklyn,Brooklyn,11231,KINGS,NY,40.674507,-74.007652
557492,Glendale Food Center Corp,Grocery Store,6049 Cooper Ave,Glendale,Queens,11385,QUEENS,NY,40.696388,-73.894333
1553091,2nd Avenue Fantasy Food Inc,Convenience Store,2383 2nd Ave,New York,Manhattan,10035,NEW YORK,NY,40.801109,-73.935074
1553092,Al-amin Supermarket,Grocery Store,276 E 169th St,Bronx,Bronx,10456,BRONX,NY,40.835106,-73.91272
1563521,AMG 187,Convenience Store,1610 Bushwick Ave,Brooklyn,Brooklyn,11207,KINGS,NY,40.68045,-73.903328
1561098,Community Deli Gourmet Corp,Convenience Store,142 Decatur St,Brooklyn,Brooklyn,11233,KINGS,NY,40.680878,-73.937454
1561122,Rahman Natural Food Inc,Grocery Store,8044 Jamaica Ave,Woodhaven,Queens,11421,QUEENS,NY,40.69223,-73.860764
1562381,Westchester Deli Grocery Inc,Grocery Store,2397 Westchester Ave,Bronx,Bronx,10461,BRONX,NY,40.837139,-73.846527
1553205,86th Street Optimo Center Inc,Convenience Store,1516 86th St,Brooklyn,Brooklyn,11228,KINGS,NY,40.611012,-74.009171
1553003,A Z Deli & Grill Ny Inc,Convenience Store,3827 3rd Ave,Bronx,Bronx,10457,BRONX,NY,40.838066,-73.901474
1553010,Best Family Grocery Corporation,Other,619 Classon Ave,Brooklyn,Brooklyn,11238,KINGS,NY,40.679379,-73.958313
1553293,Vidania Grocery Store Corp,Grocery Store,124 E 176th St,Bronx,Bronx,10453,BRONX,NY,40.847977,-73.908821
1529351,The Corner Store Deli Grocery Corp,Grocery Store,798 E 170th St,Bronx,Bronx,10459,BRONX,NY,40.833012,-73.896126
1553597,169 Street Matanza Deli Grocery Inc.,Convenience Store,157 W 169th St,Bronx,Bronx,10452,BRONX,NY,40.840244,-73.925751
1553687,Parsons Deli & Grocery Llc,Convenience Store,8269 Parsons Blvd,Jamaica,Queens,11432,QUEENS,NY,40.716648,-73.807884
1553720,La Hacienda Mexicana Meat Market Corp.,Grocery Store,1528 Westchester Ave,Bronx,Bronx,10472,BRONX,NY,40.82856,-73.878799
1553756,Diamond Express Deli Market Inc.,Convenience Store,98 Bushwick Ave,Brooklyn,Brooklyn,11206,KINGS,NY,40.711807,-73.940781
1063533,K & L Fruit & Vegetable Corp.,Grocery Store,558 Morris Ave,Bronx,Bronx,10451,BRONX,NY,40.817764,-73.922554
1251190,1088 Flatbush Deli Inc,Convenience Store,1088 Flatbush Ave,Brooklyn,Brooklyn,11226,KINGS,NY,40.643867,-73.957916
1221342,Jaa Deli Corp,Convenience Store,4904 111th St,Corona,Queens,11368,QUEENS,NY,40.746025,-73.852989
1024449,B & B Grocery & Halal Meat Inc,Grocery Store,9212 147th Pl,Jamaica,Queens,11435,QUEENS,NY,40.70145,-73.806931
1122229,Bangla Bazar Grocery And Halal Meat Inc.,Grocery Store,7211 35th Ave,Jackson Heights,Queens,11372,QUEENS,NY,40.750893,-73.893837
1133013,Palax Deli & Grocery Corp.,Convenience Store,5222 4th Ave,Brooklyn,Brooklyn,11220,KINGS,NY,40.644951,-74.01429
1017861,Greenfresh 2 Supermarket,Grocery Store,527 Dekalb Ave,Brooklyn,Brooklyn,11205,KINGS,NY,40.690983,-73.955772
939038,Wilkens II Deli Ltd,Grocery Store,7114 Avenue U,Brooklyn,Brooklyn,11234,KINGS,NY,40.620075,-73.907028
1201061,Dairy Direct,Grocery Store,3835 9th Ave,New York,Manhattan,10034,NEW YORK,NY,40.862659,-73.917656
1256004,Middletown Deli And Convenience,Convenience Store,2959 Middletown Rd,Bronx,Bronx,10461,BRONX,NY,40.843983,-73.830704
1292448,M & J Supermarket Inc/ Haim's International,Grocery Store,7268 Main St,Flushing,Queens,11367,QUEENS,NY,40.724941,-73.821175
1038585,Bomber Gourmet Deli Inc,Convenience Store,2245 Westchester Ave,Bronx,Bronx,10462,BRONX,NY,40.834492,-73.850533
850940,Fort Hamilton Live Poultry Inc.,Specialty Store,3902 Fort Hamilton Pkwy,Brooklyn,Brooklyn,11218,KINGS,NY,40.643066,-73.990685
1170526,Park Place Organic Deli,Convenience Store,637 Park Pl,Brooklyn,Brooklyn,11238,KINGS,NY,40.674236,-73.956863
1553417,7-eleven Store #42327a,Convenience Store,128 W 34th St,New York,Manhattan,10001,NEW YORK,NY,40.750229,-73.989174
936948,Go Food LLC,Grocery Store,4504 Fort Hamilton Pkwy,Brooklyn,Brooklyn,11219,KINGS,NY,40.640327,-73.995056
1017887,J W W Mini Store Inc.,Grocery Store,5221 7th Ave,Brooklyn,Brooklyn,11220,KINGS,NY,40.640835,-74.007401
1091749,Mill Basin Shuk Inc 0,Grocery Store,6324 Avenue N,Brooklyn,Brooklyn,11234,KINGS,NY,40.619484,-73.916367
1553509,Mini Market Fresh Fruit Corp.,Grocery Store,222 Kings Hwy,Brooklyn,Brooklyn,11223,KINGS,NY,40.605316,-73.982605
1127797,El Mercadito Food Inc.,Grocery Store,1321 Saint Nicholas Ave,New York,Manhattan,10033,NEW YORK,NY,40.846153,-73.936089
1175621,M &k 99 Cents Plus,Convenience Store,776 Melrose Ave,Bronx,Bronx,10451,BRONX,NY,40.822144,-73.914757
976331,Wengerd Farm LLC,Other,531 Main St,Roosevelt Island,Manhattan,10044,NEW YORK,NY,40.761471,-73.950462
973674,J & W Food Center Corp,Grocery Store,990 Leggett Ave,Bronx,Bronx,10455,BRONX,NY,40.814445,-73.899834
1212148,Freddie Corp,Convenience Store,454 Castleton Ave,Staten Island,Staten Island,10301,RICHMOND,NY,40.633942,-74.097549
1297046,Big Sal Deli Inc,Grocery Store,1361 Ogden Ave,Bronx,Bronx,10452,BRONX,NY,40.841576,-73.924866
1168743,La Mina Mini Market Corp,Grocery Store,1000 Hoe Ave,Bronx,Bronx,10459,BRONX,NY,40.823353,-73.890411
1036888,681 Times Square Food Corp N/A,Convenience Store,681 8th Ave,New York,Manhattan,10036,NEW YORK,NY,40.75808,-73.98941
1589642,Top Fish Mkt Inc/Top Fish,Specialty Store,5024 Church Ave,Brooklyn,Brooklyn,11203,KINGS,NY,40.651787,-73.929504
1135356,JK Flatbush Farm Corp,Grocery Store,1124 Flatbush Ave,Brooklyn,Brooklyn,11226,KINGS,NY,40.643051,-73.957756
1154724,Luna Deli Mini Market,Grocery Store,2820 Bailey Ave,Bronx,Bronx,10463,BRONX,NY,40.873695,-73.905113
1285767,Efe Market,Grocery Store,2741 Ocean Ave,Brooklyn,Brooklyn,11229,KINGS,NY,40.594479,-73.950455
1149280,Alex Deli,Grocery Store,202 Gordon St,Staten Island,Staten Island,10304,RICHMOND,NY,40.622524,-74.083107
1292623,El Conuco Familiar Corp,Grocery Store,9302 Liberty Ave,Ozone Park,Queens,11417,QUEENS,NY,40.680202,-73.845634
1228673,Green Garden 1 Deli Corp,Convenience Store,2801 Nostrand Ave,Brooklyn,Brooklyn,11229,KINGS,NY,40.615757,-73.944504
1155249,Cariluis Corp,Grocery Store,14418 Rockaway Blvd,Jamaica,Queens,11436,QUEENS,NY,40.673683,-73.793983
1205523,A F Deli Grocery & Meat Corp,Grocery Store,326 Roebling St,Brooklyn,Brooklyn,11211,KINGS,NY,40.708611,-73.960983
1274403,Baez Deli Grocery Corp.,Convenience Store,751 Home St,Bronx,Bronx,10456,BRONX,NY,40.828262,-73.901894
1308040,C & C Farm Bronx Inc,Grocery Store,681 Allerton Ave,Bronx,Bronx,10467,BRONX,NY,40.865574,-73.868042
1109650,Aden City Corp,Convenience Store,926 Nostrand Ave,Brooklyn,Brooklyn,11225,KINGS,NY,40.666187,-73.950989
1587612,A&r Gourmet Deli Inc,Convenience Store,1800 Cedar Ave,Bronx,Bronx,10453,BRONX,NY,40.852409,-73.920341
1170040,Buhre Mini Mart & Deli Corp.,Grocery Store,3056 Buhre Ave,Bronx,Bronx,10461,BRONX,NY,40.847572,-73.830704
1302025,Good Guys Deli And Grocery Inc,Convenience Store,20722 Hollis Ave,Queens Village,Queens,11429,QUEENS,NY,40.707489,-73.750038
1661503,Stop 1 Money Market Inc,Convenience Store,513 Brighton Beach Ave,Brooklyn,Brooklyn,11235,KINGS,NY,40.577686,-73.961952
1216991,Blue Supermarket Inc,Grocery Store,515 Targee St,Staten Island,Staten Island,10304,RICHMOND,NY,40.614643,-74.084679
1278814,Utica Deli Gourmet 1 Corp Suite A,Convenience Store,260 Utica Ave,Brooklyn,Brooklyn,11213,KINGS,NY,40.669598,-73.931084
917182,Oscar Deli Grocery Corp,Convenience Store,750 E 149th St,Bronx,Bronx,10455,BRONX,NY,40.812874,-73.908073
1602064,CVS Pharmacy 11355,Other,2686 Broadway,New York,Manhattan,10025,NEW YORK,NY,40.798634,-73.968681
1186736,La Tiendita De Lucy,Convenience Store,5058 69th St,Woodside,Queens,11377,QUEENS,NY,40.735413,-73.896049
1293414,Happy 88 Grocery Store Inc.,Convenience Store,9017 Corona Ave,Elmhurst,Queens,11373,QUEENS,NY,40.741802,-73.874695
1217424,17 Up Food Product Corp,Convenience Store,1378 Walton Ave,Bronx,Bronx,10452,BRONX,NY,40.839123,-73.916252
993219,La Reina Morena Deli & Grocery Corp,Convenience Store,1001 39th St,Brooklyn,Brooklyn,11219,KINGS,NY,40.644627,-73.992661
1245020,Asia Deli & Grocery Inc,Convenience Store,21701 Jamaica Ave,Queens Village,Queens,11428,QUEENS,NY,40.717796,-73.737762
1263990,Ocean Pharmacy,Convenience Store,1929 Kings Hwy,Brooklyn,Brooklyn,11229,KINGS,NY,40.610367,-73.954468
1211942,Bedstuy Finest Deli Corp,Grocery Store,62 Stuyvesant Ave,Brooklyn,Brooklyn,11221,KINGS,NY,40.693924,-73.934265
1301120,Buhre Fish Market Inc,Specialty Store,3035 Buhre Ave,Bronx,Bronx,10461,BRONX,NY,40.847462,-73.831146
906675,La Chiquita De Mount Eden Corp,Convenience Store,120 E Mount Eden Ave,Bronx,Bronx,10452,BRONX,NY,40.843231,-73.912491
1125310,Tinton Gourmet Deli Corp,Convenience Store,643 Tinton Ave,Bronx,Bronx,10455,BRONX,NY,40.815289,-73.905525
1291350,Duncans Fish Market,Specialty Store,385 Myrtle Ave,Brooklyn,Brooklyn,11205,KINGS,NY,40.693172,-73.97052
935209,AVS Pharmacy Inc - Leroy Pharmacy,Other,314 E 204th St,Bronx,Bronx,10467,BRONX,NY,40.872692,-73.878326
1306606,Our Community Grocery Corp.,Grocery Store,2032 Madison Ave,New York,Manhattan,10035,NEW YORK,NY,40.808121,-73.938957
1158685,A&Y Grocery Inc,Convenience Store,301 E 204th St,Bronx,Bronx,10467,BRONX,NY,40.873051,-73.878418
1027077,T & D Bakery Inc,Grocery Store,2307 Avenue U,Brooklyn,Brooklyn,11229,KINGS,NY,40.599747,-73.948235
1241808,Famosa Grocery Corp,Convenience Store,10419 177th St,Jamaica,Queens,11433,QUEENS,NY,40.70369,-73.781235
1089654,Greek Food Emporium,Grocery Store,1252 150th St,Whitestone,Queens,11357,QUEENS,NY,40.789383,-73.814163
1246958,Rushika Inc/ Soho Deli Grocery,Convenience Store,15 Stanton St,New York,Manhattan,10002,NEW YORK,NY,40.722534,-73.992203
1225853,Stop I King Gourmet Deli Inc,Convenience Store,1775 Lexington Ave,New York,Manhattan,10029,NEW YORK,NY,40.794849,-73.944206
1247168,Los Herrmanos Cuahuizo Fruit Market Corp,Grocery Store,11501 Jamaica Ave,Richmond Hill,Queens,11418,QUEENS,NY,40.698826,-73.833824
1155425,Mi Mundo Deli Grocery Corp,Grocery Store,215 Wyckoff Ave,Brooklyn,Brooklyn,11237,KINGS,NY,40.702259,-73.915703
1094551,EZ Grocery Inc,Convenience Store,4021 7th Ave,Brooklyn,Brooklyn,11232,KINGS,NY,40.64753,-74.00042
987021,94 St Nicholas Deli Inc,Grocery Store,94 Saint Nicholas Pl,New York,Manhattan,10032,NEW YORK,NY,40.829983,-73.940201
1090357,180 La Deli Grocery Corp,Convenience Store,180 McClellan St,Bronx,Bronx,10456,BRONX,NY,40.832706,-73.91819
1089435,Sunshine Pharmacy Of NY Inc,Convenience Store,411 Kingston Ave,Brooklyn,Brooklyn,11225,KINGS,NY,40.664879,-73.942551
1122247,Green Forest Market Inc,Other,1520 Avenue M,Brooklyn,Brooklyn,11230,KINGS,NY,40.617966,-73.959221
1069567,Super A Mart LLC,Grocery Store,101 Bowery,New York,Manhattan,10002,NEW YORK,NY,40.717564,-73.995224
1571203,Premium Fresh Fruit Inc.,Other,7312 18th Ave,Brooklyn,Brooklyn,11204,KINGS,NY,40.614376,-73.995201
1191867,Ecowas African Food Market Inc. 1,Grocery Store,1292A Sutter Ave,Brooklyn,Brooklyn,11208,KINGS,NY,40.672928,-73.870193
1298887,7 Eleven 37066a,Convenience Store,10504 Flatlands Ave,Brooklyn,Brooklyn,11236,KINGS,NY,40.64761,-73.894409
1327380,Tropical Deli & Grocery Inc.,Convenience Store,4402 Broadway,Astoria,Queens,11103,QUEENS,NY,40.757328,-73.915764
1170449,111 Corona Candy Store Inc,Convenience Store,4001 111th St,Corona,Queens,11368,QUEENS,NY,40.751408,-73.855713
1303153,Four Seasons Grill Deli Corp,Convenience Store,98 Wyckoff Ave,Brooklyn,Brooklyn,11237,KINGS,NY,40.704212,-73.919128
1295495,Dwip Bangla Grocery Inc,Grocery Store,124 Beverley Rd,Brooklyn,Brooklyn,11218,KINGS,NY,40.642796,-73.978447
1065933,Berito's Deli & Grocery Corp,Convenience Store,180 Bay 32nd Street,Brooklyn,Brooklyn,11214,KINGS,NY,40.597382,-73.996132
1249353,Lola's Deli & Grocery Corp,Convenience Store,4008 Bronxwood Ave,Bronx,Bronx,10466,BRONX,NY,40.886971,-73.854118
1272546,Hong Jin Fishmarket Inc.,Other,1606 Newkirk Ave,Brooklyn,Brooklyn,11226,KINGS,NY,40.636005,-73.962242
761104,Illes Kosher Poultry Corp,Specialty Store,5502 16th Ave,Brooklyn,Brooklyn,11204,KINGS,NY,40.627563,-73.989151
1251485,Richy Deli Grocery,Convenience Store,2334 Washington Ave,Bronx,Bronx,10458,BRONX,NY,40.85614,-73.892319
853378,Banana King On U Corp,Grocery Store,1624 Avenue U,Brooklyn,Brooklyn,11229,KINGS,NY,40.598976,-73.95475
1570823,Deyvi Grocery Deli Corp.,Convenience Store,965 Sutter Ave,Brooklyn,Brooklyn,11208,KINGS,NY,40.671284,-73.883118
1570710,N & K Deli Grocery Corp,Convenience Store,309 Utica Ave,Brooklyn,Brooklyn,11213,KINGS,NY,40.667511,-73.931091
1305386,Tsar Caviar 2584,Grocery Store,2584 Coney Island Ave,Brooklyn,Brooklyn,11223,KINGS,NY,40.593872,-73.961044
1304822,Jsy Trading Inc. 1,Other,8023 18th Ave,Brooklyn,Brooklyn,11214,KINGS,NY,40.610325,-73.999008
1086437,Royal Deli Grocery Corp I,Convenience Store,780 Metropolitan Ave,Brooklyn,Brooklyn,11211,KINGS,NY,40.714565,-73.942856
1573265,Top Deli & More Corp,Convenience Store,743 Burke Ave,Bronx,Bronx,10467,BRONX,NY,40.871563,-73.865082
1590194,Loren Cibao Grocery Corp,Convenience Store,8904 86th St,Woodhaven,Queens,11421,QUEENS,NY,40.689373,-73.857086
1568952,Passion Deli Llc,Other,3324 Tilden Ave,Brooklyn,Brooklyn,11203,KINGS,NY,40.646938,-73.945412
997462,Nino De Atocha Deli,Convenience Store,239 Sand Ln,Staten Island,Staten Island,10305,RICHMOND,NY,40.594006,-74.068802
1053526,24 Deli Grocery Inc,Convenience Store,1801 Williamsbridge Rd,Bronx,Bronx,10461,BRONX,NY,40.850372,-73.851639
1632737,Salcedo2  Deli & Grocery Llc,Convenience Store,1082 Olmstead Ave,Bronx,Bronx,10472,BRONX,NY,40.829273,-73.853409
1121942,Bangla Bazar Fish Market Inc,Grocery Store,4410 43rd Ave,Sunnyside,Queens,11104,QUEENS,NY,40.745022,-73.920052
1238411,Alan's Deli Grocery Corp.,Convenience Store,1246 Shakespeare Ave,Bronx,Bronx,10452,BRONX,NY,40.838261,-73.922897
1253089,Pablo Deli & Grocery,Convenience Store,202 Mother Gaston Blvd,Brooklyn,Brooklyn,11233,KINGS,NY,40.674477,-73.908356
1296071,Bassel Deli,Convenience Store,495 2nd Ave,New York,Manhattan,10016,NEW YORK,NY,40.741005,-73.978867
1217721,M A N Bronxwood Deli Corp,Convenience Store,871 E 220th St,Bronx,Bronx,10467,BRONX,NY,40.882687,-73.856888
1293461,Windsor Terrace Food Cooperative Inc,Grocery Store,825 Caton Ave,Brooklyn,Brooklyn,11218,KINGS,NY,40.647991,-73.972206
1090456,7 Eleven Store 35516A,Convenience Store,555 W 42nd St,New York,Manhattan,10036,NEW YORK,NY,40.760662,-73.997421
1289222,A & G Deli Grocery Iii Corp,Grocery Store,948 E 163rd St,Bronx,Bronx,10459,BRONX,NY,40.820934,-73.895958
1267924,729 Jackson Deli Grocery Inc,Convenience Store,729 Westchester Ave,Bronx,Bronx,10455,BRONX,NY,40.817616,-73.905937
1148870,Arroyondero Deli Grocery Corp,Grocery Store,476 E 187th St,Bronx,Bronx,10458,BRONX,NY,40.857647,-73.891548
1262793,Emily Grocery,Grocery Store,1322 Saint Nicholas Ave,New York,Manhattan,10033,NEW YORK,NY,40.846294,-73.935905
1574004,Adam Convenience And Deli Corp,Convenience Store,4524 Church Ave,Brooklyn,Brooklyn,11203,KINGS,NY,40.65144,-73.934418
1571632,Global Fruit Market Corp.,Grocery Store,722 Burke Ave,Bronx,Bronx,10467,BRONX,NY,40.871288,-73.866348
1110633,Halal Naturals Inc,Grocery Store,576 Atlantic Ave,Brooklyn,Brooklyn,11217,KINGS,NY,40.684402,-73.97876
1078763,Sophi's Meat Market Corp,Grocery Store,13915 101st Ave,Jamaica,Queens,11435,QUEENS,NY,40.695015,-73.808701
1554914,K & S Grocery Deli Corp,Convenience Store,1403 Fulton St,Brooklyn,Brooklyn,11216,KINGS,NY,40.680271,-73.945
1066668,Kings Ii Deli & Grocery Inc,Convenience Store,2105 Avenue Z,Brooklyn,Brooklyn,11235,KINGS,NY,40.588791,-73.948051
1238666,969 Food Corp.  Dba- Green Market & Discount Store,Grocery Store,4214 10th Ave,Brooklyn,Brooklyn,11219,KINGS,NY,40.642845,-73.994766
1297732,New Yemen Convenience Inc,Grocery Store,2819 Frederick Douglass Blvd,New York,Manhattan,10039,NEW YORK,NY,40.826199,-73.939499
1125796,Emmons Deli Inc,Convenience Store,1729 Emmons Ave,Brooklyn,Brooklyn,11235,KINGS,NY,40.583614,-73.950615
1197218,J.e.n. Deli Grocery Corp,Grocery Store,1665 Longfellow Ave,Bronx,Bronx,10460,BRONX,NY,40.834679,-73.885208
1565953,Chopcheese Deli,Convenience Store,1561 Saint Nicholas Ave,New York,Manhattan,10040,NEW YORK,NY,40.853859,-73.930649
1579559,Morro Deli Grocery  Corp.,Convenience Store,602 Morris Ave,Bronx,Bronx,10451,BRONX,NY,40.818661,-73.92202
1566016,Ets Essovalenini Llc,Grocery Store,1458 Boston Rd,Bronx,Bronx,10460,BRONX,NY,40.833939,-73.895119
1251865,Express Grocery And Deli Corporation,Convenience Store,25 Beaver St,Brooklyn,Brooklyn,11206,KINGS,NY,40.700432,-73.93853
1554607,Ayel Deli Grocery Corp,Convenience Store,1299 Franklin Ave,Bronx,Bronx,10456,BRONX,NY,40.831959,-73.901833
1043567,Ebenezer Mini Market Inc,Grocery Store,10807 Corona Ave,Corona,Queens,11368,QUEENS,NY,40.742695,-73.854263
1555155,1626 Gourmet Deli Corp.,Convenience Store,1626 Cortelyou Rd,Brooklyn,Brooklyn,11226,KINGS,NY,40.641788,-73.962784
1643361,Al Badia Halal Meat,Specialty Store,4702 3rd Ave,Brooklyn,Brooklyn,11220,KINGS,NY,40.649441,-74.013191
1303322,Norion Super Market,Grocery Store,3410 Union St,Flushing,Queens,11354,QUEENS,NY,40.766579,-73.827545
1237053,Quentin Corner Foodmart Corp,Convenience Store,1101 Quentin Rd,Brooklyn,Brooklyn,11229,KINGS,NY,40.607994,-73.961792
1212078,J Market,Grocery Store,1260 Morrison Ave,Bronx,Bronx,10472,BRONX,NY,40.83128,-73.874985
1553819,Cooper Deli Inc,Convenience Store,1717 Broadway,Brooklyn,Brooklyn,11207,KINGS,NY,40.683502,-73.911438
1553830,Broadway Famous Deli 1 Corp,Convenience Store,948 Broadway,Brooklyn,Brooklyn,11221,KINGS,NY,40.696815,-73.935211
1036417,Hky Ginseng Inc Dba Quintessential Herbs,Other,85N Elizabeth St,New York,Manhattan,10013,NEW YORK,NY,40.718185,-73.996078
1554121,La Perla Gourmet Market Corp,Convenience Store,7402 13th Ave,Brooklyn,Brooklyn,11228,KINGS,NY,40.620907,-74.007019
1660761,J L R Fish Market & Seafood Corp.,Specialty Store,1551 Broadway,Brooklyn,Brooklyn,11221,KINGS,NY,40.686253,-73.916061
1641684,Jia He Xing Grocery Inc,Grocery Store,4717 8th Ave,Brooklyn,Brooklyn,11220,KINGS,NY,40.642357,-74.002213
1554783,F & N Convenience Corp,Convenience Store,3441 Fulton St,Brooklyn,Brooklyn,11208,KINGS,NY,40.684803,-73.868553
1279752,Five Eleven Convenience & Deli,Convenience Store,135-02 Lefferts Blvd,South Ozone Park,Queens,11420,QUEENS,NY,40.670452,-73.821114
1554158,M Finest Deli Corp.,Convenience Store,5002 Avenue M,Brooklyn,Brooklyn,11234,KINGS,NY,40.621258,-73.92691
1554794,United We Stand Deli,Convenience Store,814 10th Ave,New York,Manhattan,10019,NEW YORK,NY,40.767307,-73.989662
1133915,Paradise Meat Corp/Paradise Food Market,Grocery Store,2476 Williamsbridge Rd,Bronx,Bronx,10469,BRONX,NY,40.862427,-73.857704
1107373,Preferred Pharmacy,Convenience Store,1771 Broadway,Brooklyn,Brooklyn,11207,KINGS,NY,40.682533,-73.909698
1553879,18 Market Inc,Grocery Store,6307 18th Ave,Brooklyn,Brooklyn,11204,KINGS,NY,40.620022,-73.989098
1554465,Allerton Halal Meat Market Inc,Grocery Store,755 Allerton Ave,Bronx,Bronx,10467,BRONX,NY,40.865635,-73.865089
1215938,La Potencia Deli-grocery Store Corp,Convenience Store,320 E 167th St,Bronx,Bronx,10456,BRONX,NY,40.831161,-73.913162
1661522,Alarabi Market Llc,Grocery Store,6824 5th Ave,Brooklyn,Brooklyn,11220,KINGS,NY,40.633656,-74.021111
1553910,Ny City Grill Corp.,Convenience Store,101 W 137th St,New York,Manhattan,10030,NEW YORK,NY,40.815636,-73.940201
1554838,Nk Supermarket Inc./Bangla Supermarket,Grocery Store,2741 Pitkin Ave,Brooklyn,Brooklyn,11208,KINGS,NY,40.67569,-73.87088
1553934,Metro King Deli Corp,Convenience Store,73-02 Metropolitan Ave,Middle Village,Queens,11379,QUEENS,NY,40.712643,-73.879181
1129038,Slim Deli Corp,Convenience Store,11421 Jamaica Ave,Richmond Hill,Queens,11418,QUEENS,NY,40.698681,-73.834084
995245,Agave Deli Grocery Corp,Grocery Store,252 Kings Hwy,Brooklyn,Brooklyn,11223,KINGS,NY,40.605198,-73.98143
1299567,Corona Food Corp,Convenience Store,10502 34th Ave,Corona,Queens,11368,QUEENS,NY,40.755985,-73.86322
1291801,7 Eleven 39681,Convenience Store,147th Ave,Jamaica,Queens,11430,QUEENS,NY,40.663498,-73.792175
1647404,Forest Deli & Grill Corp.,Convenience Store,7220 Forest Ave,Ridgewood,Queens,11385,QUEENS,NY,40.699654,-73.898972
1649050,La Finquita,Grocery Store,718 Knickerbocker Ave,Brooklyn,Brooklyn,11221,KINGS,NY,40.69408,-73.910248
1191847,Premier Food Fresh Market,Grocery Store,1165 Broadway,Brooklyn,Brooklyn,11221,KINGS,NY,40.692955,-73.928062
1123861,A.M.E. Deli Grocery Corp,Convenience Store,275 E Kingsbridge Rd,Bronx,Bronx,10458,BRONX,NY,40.863564,-73.894234
1117213,La Union Fruit & Grocery Inc.,Convenience Store,110 Moore St,Brooklyn,Brooklyn,11206,KINGS,NY,40.703819,-73.941086
1660860,Big Boy Juice Bar & Grill Corp,Convenience Store,934 Broadway,Brooklyn,Brooklyn,11221,KINGS,NY,40.697052,-73.935501
1037579,Saanvi Food Mart Inc,Convenience Store,6830 Roosevelt Ave,Woodside,Queens,11377,QUEENS,NY,40.746212,-73.896896
938568,Moon Convenience & Deli Inc,Convenience Store,7402 New Utrecht Ave,Brooklyn,Brooklyn,11204,KINGS,NY,40.61652,-73.999779
1040590,7-Eleven Store 35472A 35472,Convenience Store,110 Lafayette St,New York,Manhattan,10013,NEW YORK,NY,40.718212,-74.000946
1277827,Cherry Valley Gourmet Deli Corp,Convenience Store,74 Kingston Ave,Brooklyn,Brooklyn,11213,KINGS,NY,40.677334,-73.941467
1285197,B Landi Deli Grocery Corp,Convenience Store,885 4th Ave,Brooklyn,Brooklyn,11232,KINGS,NY,40.655701,-74.002541
965985,Brooklyn #2 Meat Market,Grocery Store,4212 Avenue D,Brooklyn,Brooklyn,11203,KINGS,NY,40.641674,-73.936569
1240741,Golden Deli Corp,Grocery Store,3377 Broadway,New York,Manhattan,10031,NEW YORK,NY,40.8214,-73.954277
1660830,Speedway 7806,Convenience Store,8910 Astoria Blvd,East Elmhurst,Queens,11369,QUEENS,NY,40.763603,-73.87999
1247762,Joe's Gourmet Deli Inc,Convenience Store,920 Columbus Ave,New York,Manhattan,10025,NEW YORK,NY,40.798668,-73.963341
1660788,El Tronco Food Corp,Grocery Store,853 Clarkson Ave,Brooklyn,Brooklyn,11203,KINGS,NY,40.656811,-73.929756
1216173,Cencerro Deli Corp,Grocery Store,1403 5th Ave,New York,Manhattan,10029,NEW YORK,NY,40.800087,-73.946671
1582314,Crescent Deli & Convenience Inc,Convenience Store,403 Crescent St,Brooklyn,Brooklyn,11208,KINGS,NY,40.678989,-73.870773
1257288,Midway Minimarket Corp,Grocery Store,207 Broad St,Staten Island,Staten Island,10304,RICHMOND,NY,40.623978,-74.081642
1061962,Green Mango Tree Inc,Grocery Store,784 Nostrand Ave,Brooklyn,Brooklyn,11216,KINGS,NY,40.671913,-73.950348
1213089,Broadway Food Mart Inc.,Grocery Store,1550 Broadway,Brooklyn,Brooklyn,11221,KINGS,NY,40.68594,-73.916283
1148700,Medcare Pharmacy,Other,260 Kings Hwy,Brooklyn,Brooklyn,11223,KINGS,NY,40.605145,-73.980934
1373689,Maurice Petroleum LLC 23,Convenience Store,59-36 Maurice Ave,Maspeth,Queens,11378,QUEENS,NY,40.726971,-73.907593
1305115,Harlem Polo Grounds Meat Corp/Associated Supermkt,Grocery Store,159-04 Harlem River Dr,New York,Manhattan,10039,NEW YORK,NY,40.832138,-73.935402
1250652,King Rockaway Pkwy Corp,Convenience Store,1938 Rockaway Pkwy,Brooklyn,Brooklyn,11236,KINGS,NY,40.63522,-73.891319
1076414,Ditmars Candy & Grocery Inc,Convenience Store,2805 Ditmars Blvd,Astoria,Queens,11105,QUEENS,NY,40.777267,-73.912056
1275648,Evolution Gourmet Deli Corp,Grocery Store,923 Prospect Ave,Bronx,Bronx,10459,BRONX,NY,40.821899,-73.900909
1571517,Olinville Deli Plaza Corp.,Convenience Store,2220 Olinville Ave,Bronx,Bronx,10467,BRONX,NY,40.858646,-73.868462
841743,MOTT FAMOUS DELI CORP,Convenience Store,2017 Mott Ave,Far Rockaway,Queens,11691,QUEENS,NY,40.604263,-73.753082
1589637,Al Medina Pharmacy,Other,1242 Flatbush Ave,Brooklyn,Brooklyn,11226,KINGS,NY,40.639931,-73.955276
1074427,David's Lot Inc dba Belle Harbor Foods,Other,413 Beach 129th St,Rockaway Park,Queens,11694,QUEENS,NY,40.578167,-73.849403
1228353,Koshertown,Grocery Store,459 Albany Ave,Brooklyn,Brooklyn,11213,KINGS,NY,40.664253,-73.939857
1222005,Fortune Plus Trading Corp.,Grocery Store,4510 8th Ave,Brooklyn,Brooklyn,11220,KINGS,NY,40.643635,-74.001122
1165973,Stop One Grocery & Deli Corp,Convenience Store,1101 Allerton Ave,Bronx,Bronx,10469,BRONX,NY,40.865459,-73.85553
1092006,G & A Produce Corp,Grocery Store,4901 New Utrecht Ave,Brooklyn,Brooklyn,11219,KINGS,NY,40.636326,-73.994728
1179065,B And H Kosher Bakery,Specialty Store,188 Lee Ave,Brooklyn,Brooklyn,11211,KINGS,NY,40.702339,-73.956223
1033650,Honish Deli Grocery Inc,Convenience Store,18246 Hillside Ave,Jamaica,Queens,11432,QUEENS,NY,40.713661,-73.779449
1091522,Super Quality Meat Market Inc,Grocery Store,692 Knickerbocker Ave,Brooklyn,Brooklyn,11221,KINGS,NY,40.694492,-73.910973
1141353,BEIT ALMAQDIS LIVE POULTRY INC.,Specialty Store,553 63rd St,Brooklyn,Brooklyn,11220,KINGS,NY,40.636944,-74.016457
1279315,Satmar Meats Division Of Flatbush Inc.,Specialty Store,1211 Avenue J,Brooklyn,Brooklyn,11230,KINGS,NY,40.624947,-73.963745
1230949,Los Mellizos Grocery Store Corp,Grocery Store,199 E 165th St,Bronx,Bronx,10456,BRONX,NY,40.830406,-73.919029
1016939,Jewel Of Flushing Rx Inc,Other,7035 Parsons Blvd,Fresh Meadows,Queens,11365,QUEENS,NY,40.731606,-73.810791
1568960,Veras Grocery,Grocery Store,4522 3rd Ave,Brooklyn,Brooklyn,11220,KINGS,NY,40.650219,-74.01239
1279127,Michael's Deli Corp/ Xpress Mart,Grocery Store,745 White Plains Rd,Bronx,Bronx,10473,BRONX,NY,40.821503,-73.858437
1297823,Gerritsen Gourmet Deli Corp,Convenience Store,2602 Gerritsen Ave,Brooklyn,Brooklyn,11229,KINGS,NY,40.594963,-73.927528
1111610,Deli Combo Inc.,Convenience Store,42 Reid Ave,Staten Island,Staten Island,10305,RICHMOND,NY,40.5937,-74.080353
1577644,El Padrino Deli Grocery Inc.,Grocery Store,5902 5th Ave,Brooklyn,Brooklyn,11220,KINGS,NY,40.640057,-74.01577
1175697,Bayside Milk Farm,Other,3515 Bell Blvd,Bayside,Queens,11361,QUEENS,NY,40.768799,-73.773674
1303646,1500 American Gourmet Deli Grocery Corp,Grocery Store,1500 Castle Hill Ave,Bronx,Bronx,10462,BRONX,NY,40.836441,-73.852203
1286277,Quick Stop Deli & Grill,Convenience Store,11501 Liberty Ave,South Richmond Hill,Queens,11419,QUEENS,NY,40.685768,-73.827675
1331232,Gerardi's Farmers Market And Nursery,Specialty Store,644 Richmond Ter,Staten Island,Staten Island,10301,RICHMOND,NY,40.644985,-74.093719
1591262,Big Waves 1 Corp,Other,1217 Flatbush Ave,Brooklyn,Brooklyn,11226,KINGS,NY,40.640694,-73.955612
1022512,Food Universe,Grocery Store,1720 Atlantic Ave,Brooklyn,Brooklyn,11213,KINGS,NY,40.677132,-73.933868
1075271,Felipe Vazquez GC,Specialty Store,200 E 188th St,Bronx,Bronx,10458,BRONX,NY,40.861217,-73.897514
1127633,7-eleven Store 33633b,Convenience Store,345 W 42nd St,New York,Manhattan,10036,NEW YORK,NY,40.758133,-73.99189
1305252,Big Apple Smoke Shop And Organic Corp,Grocery Store,3542 Broadway,New York,Manhattan,10031,NEW YORK,NY,40.826488,-73.950081
1601644,All In One,Convenience Store,2815 Glenwood Rd,Brooklyn,Brooklyn,11210,KINGS,NY,40.634422,-73.949844
1600317,Yoemy Bridge Food Corp,Convenience Store,107 Ralph Ave,Brooklyn,Brooklyn,11221,KINGS,NY,40.686485,-73.923294
989819,El Triunfo Deli & Grocery Corp,Convenience Store,4320 4th Ave,Brooklyn,Brooklyn,11232,KINGS,NY,40.650002,-74.009033
1597758,Yangi Bazaar Corp .,Grocery Store,2359 Coney Island Ave,Brooklyn,Brooklyn,11223,KINGS,NY,40.599464,-73.961082
1183111,Vaquero Deli Grocery Corp,Grocery Store,234 East 116th Street,New York,Manhattan,10029,NEW YORK,NY,40.797325,-73.938614
1255373,Yong Xin Trading Inc.,Grocery Store,133-57 Roosevelt Ave 1fl,Flushing,Queens,11354,QUEENS,NY,40.758808,-73.832413
1342415,Healthy Organic Market Inc,Grocery Store,370 Throop Ave,Brooklyn,Brooklyn,11221,KINGS,NY,40.691498,-73.942665
1125934,Bakery On Third,Convenience Store,1885 3rd Ave,New York,Manhattan,10029,NEW YORK,NY,40.790432,-73.945465
1124705,99 Cents World Store Inc,Convenience Store,1300 Nostrand Ave,Brooklyn,Brooklyn,11226,KINGS,NY,40.655087,-73.950073
1425610,Tortilleria Oaxaca Inc,Convenience Store,121 Port Richmond Ave,Staten Island,Staten Island,10302,RICHMOND,NY,40.638069,-74.133156
1279917,Clemente Fine Foods Ltd,Other,138 Avenue T,Brooklyn,Brooklyn,11223,KINGS,NY,40.598484,-73.980141
1229783,226 Jimmy Deli Grocery Corp,Convenience Store,226 Van Duzer St,Staten Island,Staten Island,10301,RICHMOND,NY,40.632435,-74.077087
1217294,Lee's Fish Market Inc,Specialty Store,6094 67th Ave,Ridgewood,Queens,11385,QUEENS,NY,40.705654,-73.896812
1047782,2037 Meat & Grocery Inc,Grocery Store,2037 2nd Ave,New York,Manhattan,10029,NEW YORK,NY,40.789768,-73.9431
1097287,128 M Deli & Grocery Inc,Convenience Store,12802 Liberty Ave,South Richmond Hill,Queens,11419,QUEENS,NY,40.688927,-73.816895
1585296,Brookdale Deli And Grill 1 Inc.,Convenience Store,2562 Linden Blvd,Brooklyn,Brooklyn,11208,KINGS,NY,40.667988,-73.869537
1296081,1521 Kings News & Grocery Inc.,Convenience Store,1521 Kings Hwy,Brooklyn,Brooklyn,11229,KINGS,NY,40.609188,-73.957619
1308567,JASAA Group Inc - 7 Eleven 35670B 35670B,Convenience Store,1683 1st Ave,New York,Manhattan,10128,NEW YORK,NY,40.777733,-73.948792
1082528,Woodside Deli Inc.,Convenience Store,38-45 Woodside Ave,Woodside,Queens,11377,QUEENS,NY,40.74929,-73.909714
1299448,Anapa International Inc.,Other,9106 63rd Dr,Rego Park,Queens,11374,QUEENS,NY,40.726315,-73.864754
1285889,Cachet Deli Food Corp,Grocery Store,1425 Macomb's Road,Bronx,Bronx,10452,BRONX,NY,40.841324,-73.917656
1160761,Grill 24 Gourmet Deli Corp,Convenience Store,255 W 116th St,New York,Manhattan,10026,NEW YORK,NY,40.804195,-73.954781
1049890,Wai Wah Market Inc,Grocery Store,17 Catherine St,New York,Manhattan,10038,NEW YORK,NY,40.713078,-73.997124
1043667,Tesniem Inc.,Specialty Store,9 Port Richmond Avenue,Staten Island,Staten Island,10302,RICHMOND,NY,40.640656,-74.131218
826476,Fifth Tower Grocery Corp,Grocery Store,1091 Boston Rd,Bronx,Bronx,10456,BRONX,NY,40.827175,-73.905251
1158459,Papa Deli & Grocery Corp,Convenience Store,849 Marcy Ave,Brooklyn,Brooklyn,11216,KINGS,NY,40.684254,-73.94696
959981,89-31 Food Corp,Convenience Store,8931 161st St,Jamaica,Queens,11432,QUEENS,NY,40.705597,-73.799164
1297590,Braddock Deli & Grocery Corp,Grocery Store,22215 Braddock Ave,Queens Village,Queens,11428,QUEENS,NY,40.728878,-73.737465
914386,Las Palmas Bakery LLC,Specialty Store,2269 Jerome Ave,Bronx,Bronx,10453,BRONX,NY,40.858295,-73.90416
1230221,Live Poultry Farm,Specialty Store,1167 Webster Ave,Bronx,Bronx,10456,BRONX,NY,40.831005,-73.910378
1220881,IBakery 18 Inc,Convenience Store,7118 18th Ave,Brooklyn,Brooklyn,11204,KINGS,NY,40.615391,-73.994179
1103098,60th Street Convenience,Convenience Store,6001 Fort Hamilton Pkwy,Brooklyn,Brooklyn,11219,KINGS,NY,40.633007,-74.005615
1249305,Nicky Deli Grocery Corp.,Convenience Store,1147 River Ave,Bronx,Bronx,10452,BRONX,NY,40.834274,-73.922256
1273072,Family Grocery & Deli,Convenience Store,107-27 Atlantic Ave,Richmond Hill,Queens,11418,QUEENS,NY,40.691425,-73.8377
969216,Fresh Meadows Halal Meat & Grocery,Grocery Store,18412 Horace Harding Expy,Fresh Meadows,Queens,11365,QUEENS,NY,40.739601,-73.789948
1586298,The Corner Fish Market,Specialty Store,1219 Flatbush Ave,Brooklyn,Brooklyn,11226,KINGS,NY,40.640652,-73.955566
1247376,Ralphs Produce Inc,Other,507 Kings Hwy,Brooklyn,Brooklyn,11223,KINGS,NY,40.604389,-73.970688
1086643,Midtown Fish & Meat Market Corp,Grocery Store,87 E 116th St,New York,Manhattan,10029,NEW YORK,NY,40.799774,-73.943924
1290168,Sun Convenient Store,Convenience Store,6402 Roosevelt Ave,Woodside,Queens,11377,QUEENS,NY,40.745834,-73.899918
1017558,Parrot Coffee,Grocery Store,4515 Queens Blvd,Sunnyside,Queens,11104,QUEENS,NY,40.743374,-73.918831
1116383,World Grocery Inc,Grocery Store,229 E Kingsbridge Rd,Bronx,Bronx,10458,BRONX,NY,40.865009,-73.893478
1259468,167 Parks Fish Market Inc,Specialty Store,214 E 167th St,Bronx,Bronx,10456,BRONX,NY,40.833862,-73.91626
1286790,Chavo Deli-Grocery Corp.,Convenience Store,721 5th Ave,Brooklyn,Brooklyn,11215,KINGS,NY,40.660347,-73.9944
1155413,The Latin Brothers Food Corp,Convenience Store,1141 Fulton St,Brooklyn,Brooklyn,11238,KINGS,NY,40.681236,-73.956078
1089214,Natural Frontier Market,Grocery Store,31-28 Ditmars Blvd,Astoria,Queens,11105,QUEENS,NY,40.775681,-73.910179
978491,Amigo 99 Cents of Brooklyn Inc,Grocery Store,781 E 31st St,Brooklyn,Brooklyn,11210,KINGS,NY,40.632019,-73.946587
1018720,Golden Bun Bakery Inc.,Specialty Store,2180 86th St,Brooklyn,Brooklyn,11214,KINGS,NY,40.602028,-73.994049
1232993,Veracruz Deli & Grocery Inc,Convenience Store,1019 E 167th St,Bronx,Bronx,10459,BRONX,NY,40.826889,-73.889008
1374425,Sea Food House 2 Inc,Specialty Store,132 Featherbed Ln,Bronx,Bronx,10452,BRONX,NY,40.846107,-73.920425
1300800,Honey Deli & Grocery Inc,Convenience Store,6322 Flushing Ave,Maspeth,Queens,11378,QUEENS,NY,40.722473,-73.90168
1221074,Reemy's Inc,Grocery Store,1524 Unionport Rd,Bronx,Bronx,10462,BRONX,NY,40.836758,-73.856796
1265295,Neighberhood Deli & Grocery Corp.,Grocery Store,326 Greenwood Ave,Brooklyn,Brooklyn,11218,KINGS,NY,40.650543,-73.978004
1255598,Dylan Super Bodeguita Deli Grocery Corp,Convenience Store,1152 Ogden Ave,Bronx,Bronx,10452,BRONX,NY,40.836655,-73.927246
1250155,Mini Mart,Convenience Store,9702 Queens Blvd,Rego Park,Queens,11374,QUEENS,NY,40.729092,-73.86026
738670,Wild Ginseng Birdnest Inc.,Other,41-14A Main St,Flushing,Queens,11355,QUEENS,NY,40.757748,-73.829453
1207628,Soto Grocery & Deli 2 Inc,Convenience Store,3308 Bailey Ave,Bronx,Bronx,10463,BRONX,NY,40.879726,-73.900948
1202619,Jony Food Corp,Convenience Store,2487 University Ave,Bronx,Bronx,10468,BRONX,NY,40.86504,-73.903526
1188490,Lucky Sunshine Grocery Inc,Convenience Store,6514 14th Ave,Brooklyn,Brooklyn,11219,KINGS,NY,40.624283,-73.999771
1307659,S & M Grocery Corp.,Grocery Store,8901 Roosevelt Ave,Jackson Heights,Queens,11372,QUEENS,NY,40.748379,-73.877258
1294577,The Best Beach Grocery & Deli Corp,Convenience Store,1461 Beach Ave,Bronx,Bronx,10460,BRONX,NY,40.836838,-73.86718
932814,Nicholas 1386 Inc,Other,1387 Saint Nicholas Ave,New York,Manhattan,10033,NEW YORK,NY,40.848289,-73.934708
1108502,Claremont Park Deli Grocery,Grocery Store,1570 Webster Ave,Bronx,Bronx,10457,BRONX,NY,40.840034,-73.905212
1007471,El Calvario Deli Grocery,Grocery Store,283 Irving Ave,Brooklyn,Brooklyn,11237,KINGS,NY,40.699715,-73.915352
1660690,1922 Grocery Llc,Convenience Store,1922 Fulton St,Brooklyn,Brooklyn,11233,KINGS,NY,40.678787,-73.922234
1228487,Sintan Fruits Inc./Sintan Fruits Inc.,Other,5824 8th Ave,Brooklyn,Brooklyn,11220,KINGS,NY,40.636143,-74.008896
1218423,486 Ocean King Seafood,Specialty Store,486 Tompkins Ave,Brooklyn,Brooklyn,11216,KINGS,NY,40.680504,-73.943352
1115717,Fairfield Pharmacy Inc,Convenience Store,953 Pennsylvania Ave,Brooklyn,Brooklyn,11207,KINGS,NY,40.654888,-73.88736
1071695,Ruchika Enterprises Inc DBA/ 7 Eleven (33616B) 33616B,Convenience Store,1594 York Ave,New York,Manhattan,10028,NEW YORK,NY,40.774731,-73.947968
1283805,Discount Corp And 99c,Convenience Store,545 Southern Blvd,Bronx,Bronx,10455,BRONX,NY,40.812256,-73.903778
1288467,99 Cents Bless Store Inc,Convenience Store,394 New Lots Ave,Brooklyn,Brooklyn,11207,KINGS,NY,40.661903,-73.892677
985850,Campos Deli Grocery I I Corp. 2,Grocery Store,7020 20th Ave,Brooklyn,Brooklyn,11204,KINGS,NY,40.613331,-73.989388
1083631,Brooklyn Health Pantry,Convenience Store,1434 Coney Island Ave,Brooklyn,Brooklyn,11230,KINGS,NY,40.622665,-73.964813
1260315,Shop Smart Food Mart,Grocery Store,590 Midland Ave,Staten Island,Staten Island,10306,RICHMOND,NY,40.571888,-74.092567
1261460,Netos Group Market Llc,Grocery Store,1391 Saint Nicholas Ave,New York,Manhattan,10033,NEW YORK,NY,40.848358,-73.934486
1195851,Shun Fa Seafood Market Inc,Specialty Store,5724 8th Ave,Brooklyn,Brooklyn,11220,KINGS,NY,40.636711,-74.008301
1206450,Pierce Ave Mini Market Inc,Convenience Store,1595 Williamsbridge Rd,Bronx,Bronx,10461,BRONX,NY,40.846863,-73.849121
1660820,Organic Time Inc.,Convenience Store,320 Ralph Ave,Brooklyn,Brooklyn,11233,KINGS,NY,40.678238,-73.921844
1305131,Chalouh Middle East Groceries Inc.,Grocery Store,349 Avenue X,Brooklyn,Brooklyn,11223,KINGS,NY,40.590591,-73.96994
1122662,Green Village Meat Corp,Grocery Store,3758 White Plains Rd,Bronx,Bronx,10467,BRONX,NY,40.883121,-73.862846
1191387,Flatlands Meat Market Corp,Grocery Store,8101 Flatlands Ave,Brooklyn,Brooklyn,11236,KINGS,NY,40.636047,-73.912483
1125732,Gg&j Food Center,Convenience Store,151 W 228th Street,Bronx,Bronx,10463,BRONX,NY,40.877342,-73.909172
1109577,T & C Grocery Inc.,Convenience Store,18907 Crocheron Ave,Flushing,Queens,11358,QUEENS,NY,40.763241,-73.792755
1568512,Youjiaxing Grocery Inc,Convenience Store,5701 Fort Hamilton Pkwy,Brooklyn,Brooklyn,11219,KINGS,NY,40.634289,-74.003433
1188041,New Midtown Deli & Grocery Inc,Other,3502 Bradley Ave,Long Island City,Queens,11101,QUEENS,NY,40.736012,-73.935112
1568657,Ortiz Deli Grocery Ny Corp,Convenience Store,268 Marcus Garvey Blvd,Brooklyn,Brooklyn,11221,KINGS,NY,40.688396,-73.939262
1556571,Shambhu 22201 Inc,Convenience Store,22201 Jamaica Ave,Queens Village,Queens,11428,QUEENS,NY,40.720535,-73.732368
1387433,Jimenez Fruits & Vegetables,Grocery Store,901 Southern Blvd,Bronx,Bronx,10459,BRONX,NY,40.81966,-73.893021
1556714,CVS/Pharmacy 1906,Other,215-08 RD AVE  WINDSOR PARK S/C,BAYSIDE,Queens,11364,QUEENS,NY,40.755199,-73.769302
1556727,CVS/Pharmacy 2720,Other,88-07 ROCKAWAY BEACH BLVD.,ROCKAWAY BEACH,Queens,11693,QUEENS,NY,40.586811,-73.813286
1557040,El Nopalito Deli Corp.,Grocery Store,8525 Whitney Ave,Elmhurst,Queens,11373,QUEENS,NY,40.741676,-73.879486
1557063,Global Market Co.,Grocery Store,7716 101st Ave,Ozone Park,Queens,11416,QUEENS,NY,40.680153,-73.860016
1557105,Montalbanos Salumeria,Convenience Store,1140 Bay St,Staten Island,Staten Island,10305,RICHMOND,NY,40.615181,-74.067329
1557163,Carlo's Carniceria Deli Corp.,Convenience Store,10454 Roosevelt Ave,Corona,Queens,11368,QUEENS,NY,40.750237,-73.859749
1557182,Jose Deli Grocery Corp,Grocery Store,221 Saint Anns Ave,Bronx,Bronx,10454,BRONX,NY,40.807224,-73.917404
1557208,Stop 1 King Deli & Grocery Corp,Convenience Store,1803 Mansion St,Bronx,Bronx,10460,BRONX,NY,40.838135,-73.867447
1557224,Abdul African Market Inc,Grocery Store,313 E 141st St,Bronx,Bronx,10454,BRONX,NY,40.812336,-73.924316
1557280,7 Eleven Store #35026b,Convenience Store,25302 Union Tpke,Glen Oaks,Queens,11004,QUEENS,NY,40.743889,-73.717255
1555215,East 177th Deli & Grocery Inc.,Convenience Store,1898 Jerome Ave,Bronx,Bronx,10453,BRONX,NY,40.85006,-73.910454
1556107,Y & Y Farm Corp,Grocery Store,1572 Bath Ave,Brooklyn,Brooklyn,11228,KINGS,NY,40.606689,-74.011055
1661544,Ocean Treasures,Specialty Store,4021 18th Ave,Brooklyn,Brooklyn,11218,KINGS,NY,40.632214,-73.973701
1557333,Little Rancho Mini Market Llc,Grocery Store,16915 Jamaica Ave,Jamaica,Queens,11432,QUEENS,NY,40.707195,-73.790245
1555798,Bay Health Pharmacy Inc,Convenience Store,6415 Bay Pkwy,Brooklyn,Brooklyn,11204,KINGS,NY,40.614025,-73.980995
1555446,45 Deli & Juice Bar Corp.,Convenience Store,4505 New Utrecht Ave,Brooklyn,Brooklyn,11219,KINGS,NY,40.639729,-73.994186
1555478,El Sitio 2 Deli Grocery Co,Grocery Store,954 Prospect Ave,Bronx,Bronx,10459,BRONX,NY,40.822517,-73.900246
1557406,Baba Shawarma Corp.,Convenience Store,714 Castleton Ave,Staten Island,Staten Island,10310,RICHMOND,NY,40.634613,-74.106224
981277,Fish Tales Seafood Mkt,Specialty Store,191A Court St,Brooklyn,Brooklyn,11201,KINGS,NY,40.687576,-73.993225
1555244,104 Harlem Deli Corp,Convenience Store,104 E 128th St,New York,Manhattan,10035,NEW YORK,NY,40.806664,-73.937134
1555623,874 Deli Grocery Corp,Convenience Store,874 Thomas S Boyland St,Brooklyn,Brooklyn,11212,KINGS,NY,40.65892,-73.911079
1555642,Cross Bay Deli & Grocery Corp,Convenience Store,13210 Crossbay Blvd,Ozone Park,Queens,11417,QUEENS,NY,40.676456,-73.843819
1557447,18th Ave. Convenience Inc,Convenience Store,8601 18th Ave,Brooklyn,Brooklyn,11214,KINGS,NY,40.607079,-74.002655
1557451,Gracefully Deli Corp,Convenience Store,180 Lexington Ave,New York,Manhattan,10016,NEW YORK,NY,40.744656,-73.981209
1324584,Viti's Corner,Grocery Store,112 Central Ave,Brooklyn,Brooklyn,11221,KINGS,NY,40.70015,-73.929008
1555287,La Familia Grocery Corp,Convenience Store,11505 Sutphin Blvd,Jamaica,Queens,11434,QUEENS,NY,40.684711,-73.79258
1557500,Mj Grocery Store Ny Corp.,Convenience Store,21202 Hillside Ave,Queens Village,Queens,11427,QUEENS,NY,40.724663,-73.753838
1557507,Roots Deli & Grocery Inc.,Grocery Store,3924 Fort Hamilton Pkwy,Brooklyn,Brooklyn,11218,KINGS,NY,40.642857,-73.991257
1577432,Aayan Gourmet Deli Inc,Convenience Store,488 Jefferson Ave,Brooklyn,Brooklyn,11221,KINGS,NY,40.684517,-73.938492
1575922,Jk & Sons Global Market,Other,952 Freeman St,Bronx,Bronx,10459,BRONX,NY,40.830048,-73.890259
1308430,4118 Meat & Produce Corp/Food Universe Marketplace,Grocery Store,4118 3rd Ave,Brooklyn,Brooklyn,11232,KINGS,NY,40.652412,-74.009933
1555307,Buy Buy Convenience And Grill Corp 1,Convenience Store,13521 Lefferts Blvd,South Ozone Park,Queens,11420,QUEENS,NY,40.669876,-73.820877
1556361,Kazi Deli & Juice Bar I Corp,Convenience Store,11244 Guy r Brewer Blvd,Jamaica,Queens,11433,QUEENS,NY,40.689709,-73.7864
1266275,Wecare Rx Plus Inc.,Convenience Store,2405 Westchester Ave,Bronx,Bronx,10461,BRONX,NY,40.837254,-73.84623
1555317,A S & R Petroleum Inc 1,Convenience Store,5914 Riverdale Ave,Bronx,Bronx,10471,BRONX,NY,40.907486,-73.903603
1556382,Hong Kong Pharmacy,Convenience Store,6714 Fort Hamilton Pkwy,Brooklyn,Brooklyn,11219,KINGS,NY,40.62944,-74.011322
897786,KN Mi Delicia Bakery Coffee Shop Corp,Other,2785 3rd Ave,Bronx,Bronx,10455,BRONX,NY,40.814987,-73.919746
1648760,Rams Deli & Pizza Inc,Convenience Store,574 E Fordham Rd,Bronx,Bronx,10458,BRONX,NY,40.858635,-73.885872
1556490,Rico Ambateno Deli Llc,Grocery Store,198 Wyckoff Ave,Brooklyn,Brooklyn,11237,KINGS,NY,40.701641,-73.915115
1556935,DOLLARTREE 9507,Other,1820 Williamsbridge Rd,Bronx,Bronx,10461,BRONX,NY,40.850857,-73.851532
1556962,J M S Deli Grocery Corp.,Grocery Store,108 Van Siclen Ave,Brooklyn,Brooklyn,11207,KINGS,NY,40.677696,-73.891724
1556540,Express Deli & Discount,Convenience Store,14301 Hillside Ave,Jamaica,Queens,11435,QUEENS,NY,40.70507,-73.812683
1556006,Alyanna Convenience Store Corp,Convenience Store,112-16 101st Avenue,S. Richmond Hill,Queens,11419,QUEENS,NY,40.688347,-73.831215
1656615,Echo Deli And Grocery Corp,Convenience Store,3740 Boston Rd,Bronx,Bronx,10469,BRONX,NY,40.880585,-73.840118
1607999,Fifi Market,Other,451 E 116th St,New York,Manhattan,10029,NEW YORK,NY,40.795341,-73.933411
1611397,Evolucion 282 Deli & Grocery Corp,Convenience Store,282 Ridgewood Ave,Brooklyn,Brooklyn,11208,KINGS,NY,40.683998,-73.877975
1602824,V&g  Discounts And Plus Corp,Convenience Store,794 New Lots Ave,Brooklyn,Brooklyn,11208,KINGS,NY,40.666866,-73.881264
1245455,Castleton Gourmet Corp/Md Bagels,Convenience Store,434 Castleton Ave,Staten Island,Staten Island,10301,RICHMOND,NY,40.633835,-74.097038
1251199,Village Green Cafe Inc Dba Bagel Deli,Grocery Store,262 Arden Ave,Staten Island,Staten Island,10312,RICHMOND,NY,40.55228,-74.190948
1022438,7-Eleven Store 35057A,Convenience Store,171 Madison Ave,New York,Manhattan,10016,NEW YORK,NY,40.747204,-73.983192
1260238,Delicious Deluxe Deli & Grill Corp.,Grocery Store,11865 Farmers Blvd,Saint Albans,Queens,11412,QUEENS,NY,40.688469,-73.761917
976731,Village Fruit Inc,Grocery Store,5801 4th Ave,Brooklyn,Brooklyn,11220,KINGS,NY,40.64185,-74.017242
1289430,El Popo Mini Market Corp,Grocery Store,8828 Roosevelt Ave,Jackson Heights,Queens,11372,QUEENS,NY,40.748184,-73.878197
1031863,Bargain Team Inc,Grocery Store,216 Willis Ave,Bronx,Bronx,10454,BRONX,NY,40.808231,-73.923462
1199740,Tuba Management Corp,Grocery Store,217 Brighton Beach Ave,Brooklyn,Brooklyn,11235,KINGS,NY,40.576694,-73.966591
1063712,Marinell Bakery Corp 2,Specialty Store,264 E 167th St,Bronx,Bronx,10456,BRONX,NY,40.833279,-73.914444
1306428,Iliria Foods Corp,Grocery Store,2323 65th St,Brooklyn,Brooklyn,11204,KINGS,NY,40.612263,-73.978477
1292004,Seagirt Deli And Grill Corp,Convenience Store,1739 Seagirt Blvd,Far Rockaway,Queens,11691,QUEENS,NY,40.594975,-73.75161
1105428,5 Brothers Gourmet Market,Grocery Store,689 10th Ave,New York,Manhattan,10036,NEW YORK,NY,40.762989,-73.993256
1164627,Hudson & Charles,Grocery Store,524 Hudson St,New York,Manhattan,10014,NEW YORK,NY,40.733967,-74.006218
1125159,J & J Island Grocery,Convenience Store,1650 Richmond Ave,Staten Island,Staten Island,10314,RICHMOND,NY,40.608158,-74.162201
958471,Rutland Meat & Produce Corp/Food Universe,Grocery Store,1036 Rutland Rd,Brooklyn,Brooklyn,11212,KINGS,NY,40.663364,-73.925262
1025590,A & D Produce Corp,Grocery Store,4401 New Utrecht Ave,Brooklyn,Brooklyn,11219,KINGS,NY,40.64048,-73.994286
1296011,Best Value 99 C Corp,Convenience Store,1802 Amsterdam Ave,New York,Manhattan,10031,NEW YORK,NY,40.827953,-73.945656
1186536,MGM NY Associates Inc - MGM Deli & Grocery,Convenience Store,1769 Bath Ave,Brooklyn,Brooklyn,11214,KINGS,NY,40.604069,-74.006203
1651037,Sunnyside Gourmet Deli 1 Corp.,Convenience Store,1282 Clove Rd,Staten Island,Staten Island,10301,RICHMOND,NY,40.615585,-74.103256
1649040,Goodman Deli And Grocery Inc,Convenience Store,970 Woodmansten Pl,Bronx,Bronx,10462,BRONX,NY,40.854874,-73.860504
1347307,AC Meat Market & Produce Corp.,Grocery Store,1812 Archer St,Bronx,Bronx,10460,BRONX,NY,40.837467,-73.866699
1291630,Juan Fish Market Corp,Specialty Store,3102 Church Ave,Brooklyn,Brooklyn,11226,KINGS,NY,40.650822,-73.948433
1557712,K & G Market,Grocery Store,9420 Church Ave,Brooklyn,Brooklyn,11212,KINGS,NY,40.65498,-73.916328
955313,Mashrah Gourmet Deli Inc,Convenience Store,1380 EASTERN PKWY,BROOKLYN,Brooklyn,11233,KINGS,NY,40.668118,-73.922493
1297031,Fresh Market Deli Inc,Grocery Store,1690 Gleason Ave,Bronx,Bronx,10472,BRONX,NY,40.829197,-73.870766
995466,Take a Bite Deli and Grocery Inc,Convenience Store,34 Bedford Park Blvd E,Bronx,Bronx,10468,BRONX,NY,40.872448,-73.888542
1155213,Chen Fresh Food Market,Specialty Store,378 Mother Gaston Blvd,Brooklyn,Brooklyn,11212,KINGS,NY,40.669811,-73.907059
930323,Quick Hero City Deli Grocery Inc,Convenience Store,617 E Fordham Rd,Bronx,Bronx,10458,BRONX,NY,40.858345,-73.884567
1077242,S&N Discount Inc,Grocery Store,2031 3rd Ave,New York,Manhattan,10029,NEW YORK,NY,40.794975,-73.941971
1189091,Mclean Deli & Grocery Inc.,Convenience Store,522 E 240th St,Bronx,Bronx,10470,BRONX,NY,40.901115,-73.861763
1215137,L Stop Gourmet Deli Corp,Grocery Store,223 Montrose Ave,Brooklyn,Brooklyn,11206,KINGS,NY,40.707638,-73.940155
1057666,10 Neighborhood Candy Grocery Corp,Convenience Store,10 W. Gun Hill Road,Bronx,Bronx,10467,BRONX,NY,40.882832,-73.881752
1557817,119 A&S Deli Corp,Convenience Store,11920 Rockaway Blvd,South Ozone Park,Queens,11420,QUEENS,NY,40.675846,-73.818359
989674,White Plains Foods Inc,Convenience Store,3766 White Plains Rd,Bronx,Bronx,10467,BRONX,NY,40.883396,-73.862808
983352,SYJ Trading Incorporated,Other,6914 Bay Pkwy,Brooklyn,Brooklyn,11204,KINGS,NY,40.611271,-73.984131
1557868,Walgreens 21437,Other,One Penn Plaza,New York,Manhattan,10119,NEW YORK,NY,40.750946,-73.991592
1571565,Best Home 99c Corp,Other,3553 Broadway,New York,Manhattan,10031,NEW YORK,NY,40.827007,-73.950371
1004186,3052 Valentine Grocery Corp,Grocery Store,3052 Valentine Ave,Bronx,Bronx,10458,BRONX,NY,40.873924,-73.884789
1294699,J Ch Deli Grocery Inc,Grocery Store,96-04 31st Ave,East Elmhurst,Queens,11369,QUEENS,NY,40.76062,-73.872627
1279615,Forever Deal Inc 1,Convenience Store,1293 Boston Rd,Bronx,Bronx,10456,BRONX,NY,40.831257,-73.900154
1279330,Kd Food Market,Convenience Store,8502 21st Ave,Brooklyn,Brooklyn,11214,KINGS,NY,40.603874,-73.995651
1220254,U T Deli Inc,Convenience Store,876 Utica Ave,Brooklyn,Brooklyn,11203,KINGS,NY,40.651875,-73.930588
1205026,Bismillah Data Corp,Grocery Store,2038 Bath Ave,Brooklyn,Brooklyn,11214,KINGS,NY,40.600628,-74.00058
1286199,665 Seneca Deli Corp./Ridgewood Deli,Convenience Store,665 Seneca Ave,Ridgewood,Queens,11385,QUEENS,NY,40.703472,-73.908684
1658117,Valley Grill & Deli Corp,Convenience Store,69 Featherbed Ln,Bronx,Bronx,10452,BRONX,NY,40.846497,-73.917336
1269109,Freshy's Deli & Grocery,Convenience Store,941 Columbus Ave,New York,Manhattan,10025,NEW YORK,NY,40.799381,-73.962746
1115133,Hillside Farmers Market,Grocery Store,17911 Hillside Ave,Jamaica,Queens,11432,QUEENS,NY,40.712772,-73.784065
1648565,Santiago Deli 152 Corp,Convenience Store,3680 Broadway,New York,Manhattan,10031,NEW YORK,NY,40.830841,-73.946899
1115260,Wilson Poultry Inc - Ungars Butcher,Specialty Store,205 Wilson St,Brooklyn,Brooklyn,11211,KINGS,NY,40.706692,-73.960426
1295274,La Espiga Real Panaderia Deli Inc,Grocery Store,5717 5th Ave,Brooklyn,Brooklyn,11220,KINGS,NY,40.640827,-74.014732
1588414,Ilusion Deli Grocery Corp,Grocery Store,662 E 141st St,Bronx,Bronx,10454,BRONX,NY,40.807384,-73.913185
1103967,Far Rockaway Fish Market,Specialty Store,2134 Mott Ave,Far Rockaway,Queens,11691,QUEENS,NY,40.605068,-73.754562
931601,Asafo Africian Market,Other,1884 Guerlain St,Bronx,Bronx,10462,BRONX,NY,40.840122,-73.863541
1242785,Golden Steamer On 8 Inc.,Other,5224 8th Ave,Brooklyn,Brooklyn,11220,KINGS,NY,40.639523,-74.005394
1647832,759 Deli Grocery Inc,Convenience Store,759 New Lots Ave,Brooklyn,Brooklyn,11207,KINGS,NY,40.666218,-73.883385
1652234,Gravesend Bagels/ Bagels Deli,Convenience Store,2650C Coney Island Ave,Brooklyn,Brooklyn,11223,KINGS,NY,40.592102,-73.960922
1273997,E & G Grocery Corp,Grocery Store,51 Thayer St,New York,Manhattan,10040,NEW YORK,NY,40.862923,-73.926674
1169015,Old Bayview Deli & Grocery Inc,Convenience Store,858 Bay St,Staten Island,Staten Island,10304,RICHMOND,NY,40.62149,-74.071808
1103396,2363 Rosewood Grocery Inc,Convenience Store,3263 White Plains Rd,Bronx,Bronx,10467,BRONX,NY,40.872646,-73.867195
1209053,6109 L & Y Market Inc/6109 L & Y Market Inc,Grocery Store,6109 5th Ave,Brooklyn,Brooklyn,11220,KINGS,NY,40.638687,-74.016937
1649159,Blake Deli & Grill Inc,Convenience Store,241 Blake Ave,Brooklyn,Brooklyn,11212,KINGS,NY,40.665623,-73.91053
1125160,Ahmed N Muthana,Convenience Store,5124 Fort Hamilton Pkwy,Brooklyn,Brooklyn,11219,KINGS,NY,40.637108,-73.999863
1650378,African Halal Meat Market,Convenience Store,233 E 165th St,Bronx,Bronx,10456,BRONX,NY,40.829876,-73.917534
1310657,Vermont Gourmet Deli Grocery Corp,Convenience Store,580 Vermont St,Brooklyn,Brooklyn,11207,KINGS,NY,40.665154,-73.892303
1068222,91 Ave Family Food Corp,Grocery Store,8950 92nd St,Woodhaven,Queens,11421,QUEENS,NY,40.689545,-73.851517
1283463,228 Meat & Vegetable Corp,Grocery Store,4047 Laconia Ave,Bronx,Bronx,10466,BRONX,NY,40.8862,-73.848007
1296561,Velazquez Garcia Corp,Convenience Store,614 Port Richmond Ave,Staten Island,Staten Island,10302,RICHMOND,NY,40.628231,-74.142189
1091520,Best Quality Discount Inc,Grocery Store,17903 Hillside Ave,Jamaica,Queens,11432,QUEENS,NY,40.712738,-73.784225
1286418,Saif Gourmet Deli Corp,Convenience Store,1749 Crosby Ave,Bronx,Bronx,10461,BRONX,NY,40.846348,-73.831985
1224109,Famous Hero City Deli Grocery Corp,Convenience Store,485 Jackson Ave,Bronx,Bronx,10455,BRONX,NY,40.811592,-73.909706
1286832,Manhattan Seafood Inc,Specialty Store,3344 Broadway,New York,Manhattan,10031,NEW YORK,NY,40.820286,-73.954628
1236369,Lanfranco Food Corp,Convenience Store,10717 Jamaica Ave,Richmond Hill,Queens,11418,QUEENS,NY,40.695618,-73.839859
1216918,Preet Super Bazzar Corp,Grocery Store,23708 Braddock Ave,Bellerose,Queens,11426,QUEENS,NY,40.72702,-73.730492
1285115,Cpw Pharmacy,Other,13107 Rockaway Blvd,South Ozone Park,Queens,11420,QUEENS,NY,40.675022,-73.807091
1105901,Tina Poultry Corporation,Specialty Store,905 Wyckoff Ave,Ridgewood,Queens,11385,QUEENS,NY,40.697102,-73.906532
1286810,Ave M Foods Inc./ Meal Mart,Other,1920 Avenue M,Brooklyn,Brooklyn,11230,KINGS,NY,40.618473,-73.95546
1021194,Reemy's Discount & Convenience,Grocery Store,2250 E Tremont Ave,Bronx,Bronx,10462,BRONX,NY,40.842026,-73.855957
1290927,Papa Food Market Dollar Deals Inc,Grocery Store,1562 E 174th St,Bronx,Bronx,10472,BRONX,NY,40.833977,-73.878304
984651,Aden Gourmet Deli Corp,Convenience Store,244 Roebling St,Brooklyn,Brooklyn,11211,KINGS,NY,40.71133,-73.959778
981086,4 Way Deli Corp,Convenience Store,199 Port Richmond Ave,Staten Island,Staten Island,10302,RICHMOND,NY,40.636341,-74.134415
1082879,163 Ashley Deli Grocery Inc,Convenience Store,3244 3rd Ave,Bronx,Bronx,10451,BRONX,NY,40.823891,-73.90863
1651011,Fresh Meats on Webster,Convenience Store,1385 Webster Ave,Bronx,Bronx,10456,BRONX,NY,40.836002,-73.907761
1290356,Santa Rosa Grocery And Deli Inc,Grocery Store,76 Van Duzer St,Staten Island,Staten Island,10301,RICHMOND,NY,40.636032,-74.077461
1293376,La Villita Deli Grocery Corp,Grocery Store,310 Kings Hwy,Brooklyn,Brooklyn,11223,KINGS,NY,40.604954,-73.978981
1661541,2312 Drexel Corp./Lighthouse Fishmarket,Specialty Store,508-510 E 117th St,New York,Manhattan,10035,NEW YORK,NY,40.795414,-73.932144
1009429,Allans Bakery,Specialty Store,1109 Nostrand Ave,Brooklyn,Brooklyn,11225,KINGS,NY,40.660629,-73.950432
1660657,Start Cool Gourmet Deli Corp,Convenience Store,69 Bruckner Blvd,Bronx,Bronx,10454,BRONX,NY,40.806484,-73.926224
1066666,Ameer Food Corp,Convenience Store,748 Saint Nicholas Ave,New York,Manhattan,10031,NEW YORK,NY,40.825493,-73.943474
1099312,Bx Metro Superette Corp,Convenience Store,3504 Fort Independence St,Bronx,Bronx,10463,BRONX,NY,40.88253,-73.897789
1254255,S K N Fruit & Vegetable Inc.,Other,5324 8th Ave,Brooklyn,Brooklyn,11220,KINGS,NY,40.638962,-74.005974
1167065,El Flaco Grocery Store Inc,Grocery Store,2019 Southern Blvd,Bronx,Bronx,10460,BRONX,NY,40.844254,-73.885391
1002862,Crescent Gourmet Deli & Grocery Inc,Convenience Store,2702 Crescent St,Astoria,Queens,11102,QUEENS,NY,40.770359,-73.923866
1291640,Los Amigos Food Corp,Grocery Store,1055 Saint Nicholas Ave,New York,Manhattan,10032,NEW YORK,NY,40.836872,-73.940323
1634045,Kisra Gourmet Deli Corp,Convenience Store,3001 Eastchester Rd,Bronx,Bronx,10469,BRONX,NY,40.869564,-73.842941
1221223,Carniceria El Futuro Corp,Grocery Store,1622 Saint Nicholas Ave,New York,Manhattan,10040,NEW YORK,NY,40.855606,-73.928917
1179097,Dynasty Convenience,Grocery Store,1190 Bay St,Staten Island,Staten Island,10305,RICHMOND,NY,40.61417,-74.066452
1640111,F & A Gourmet Deli Inc,Convenience Store,4402 White Plains Rd,Bronx,Bronx,10470,BRONX,NY,40.898575,-73.853973
1084515,Ricky Deli Store I I  Inc.,Convenience Store,14706 45th Ave,Flushing,Queens,11355,QUEENS,NY,40.75547,-73.815056
1074617,Qiang Kee Inc,Specialty Store,126 Mott St,New York,Manhattan,10013,NEW YORK,NY,40.718277,-73.99675
1239739,Adam's Deli,Convenience Store,239 Bedford Park Blvd,Bronx,Bronx,10458,BRONX,NY,40.871124,-73.886612
1254638,Sk Farm Epinc.,Grocery Store,247 Schenectady Ave,Brooklyn,Brooklyn,11213,KINGS,NY,40.670189,-73.933723
1251683,37-63 Grocery Food Corp,Convenience Store,37-63 88th Street,Jackson Heights,Queens,11372,QUEENS,NY,40.748547,-73.878372
1597115,Hot Grill Deli & Mart Corp,Convenience Store,1745 Randall Ave,Bronx,Bronx,10473,BRONX,NY,40.81683,-73.865471
1181634,H & H Mini Mart Inc,Other,1830 Flatbush Ave,Brooklyn,Brooklyn,11210,KINGS,NY,40.625,-73.939644
1092854,Tastewell Bakery,Convenience Store,12303 Liberty Ave,South Richmond Hill,Queens,11419,QUEENS,NY,40.687618,-73.820992
1230463,Fordham Fruits & Vegetables Inc/Fordham Fruits & V,Grocery Store,2450 Creston Ave,Bronx,Bronx,10468,BRONX,NY,40.861916,-73.898552
1112142,Wiesners Food Center Inc,Grocery Store,5918 18th Ave,Brooklyn,Brooklyn,11204,KINGS,NY,40.622311,-73.98719
1264906,Sam's Deli Ny Corp,Grocery Store,6120 Myrtle Ave,Glendale,Queens,11385,QUEENS,NY,40.700783,-73.893463
1284309,King David Bakery,Other,6703 Main St,Flushing,Queens,11367,QUEENS,NY,40.733746,-73.825218
1072225,Plaza Gourmet Deli Corp,Convenience Store,12 Newkirk Plz,Brooklyn,Brooklyn,11226,KINGS,NY,40.63509,-73.962639
1155826,New Bronx Halal Meat Market Inc,Grocery Store,3387 3rd Ave,Bronx,Bronx,10456,BRONX,NY,40.827904,-73.907249
941976,Satmar Mts of Cong Yetev Lev Inc,Specialty Store,82 Lee Ave,Brooklyn,Brooklyn,11211,KINGS,NY,40.705101,-73.959518
1231515,Mn Gourmet Deli Inc.,Convenience Store,4398 White Plains Rd,Bronx,Bronx,10466,BRONX,NY,40.898354,-73.854279
1266785,R & M Main Supermarket Inc,Grocery Store,7605 Main St,Flushing,Queens,11367,QUEENS,NY,40.722576,-73.819542
1080361,Aroma Food Inc,Grocery Store,3033 Coney Island Ave,Brooklyn,Brooklyn,11235,KINGS,NY,40.581783,-73.959892
1261534,V Pharmacy LLC,Other,2124 Gravesend Neck Rd,Brooklyn,Brooklyn,11229,KINGS,NY,40.597244,-73.949173
1280089,New World Deli Corp,Convenience Store,11140 Springfield Blvd,Queens Village,Queens,11429,QUEENS,NY,40.705822,-73.739639
1308051,Chucky Fresh Market Corp.,Grocery Store,414 Utica Ave,Brooklyn,Brooklyn,11213,KINGS,NY,40.66423,-73.931747
1298143,Good Neighbors Sunnyside Supermarket Inc,Grocery Store,4560 46th St,Woodside,Queens,11377,QUEENS,NY,40.741692,-73.919075
1074852,Pancho Deli Grocery Store Inc,Grocery Store,11104 142nd St,Jamaica,Queens,11435,QUEENS,NY,40.685627,-73.802574
1225652,Total Care Pharmacy Bx Inc,Convenience Store,1721 Crosby Ave,Bronx,Bronx,10461,BRONX,NY,40.84584,-73.831566
1288243,3867 Inc,Convenience Store,3867 10th Ave,New York,Manhattan,10034,NEW YORK,NY,40.864281,-73.919014
1269823,Jin Chang Lai,Other,6619 18th Ave,Brooklyn,Brooklyn,11204,KINGS,NY,40.618118,-73.991173
1621609,Strickland Deli And Grill Corp.,Convenience Store,6001 Strickland Ave,Brooklyn,Brooklyn,11234,KINGS,NY,40.611774,-73.913071
982060,My Deli Food Market Inc,Convenience Store,109 Park Ave,Brooklyn,Brooklyn,11205,KINGS,NY,40.696388,-73.975288
1607644,Lorena Deli & Grocery Inc,Grocery Store,611 E 183rd St,Bronx,Bronx,10458,BRONX,NY,40.853058,-73.888756
1577396,Maliki Grocery Inc,Convenience Store,11019 Liberty Ave,South Richmond Hill,Queens,11419,QUEENS,NY,40.684826,-73.831284
1561101,Gun Hill 99 Cents Plus Inc,Convenience Store,349 E Gun Hill Rd,Bronx,Bronx,10467,BRONX,NY,40.878918,-73.872673
1302327,515 Deli Corp,Other,515 2nd Ave,New York,Manhattan,10016,NEW YORK,NY,40.741447,-73.978371
1184487,New Happiness Fruits &Vegetables Inc,Grocery Store,9513 Church Ave,Brooklyn,Brooklyn,11212,KINGS,NY,40.655396,-73.916
1292260,Elliot Deli And Grocery Corp,Other,45 Elliot Pl,Bronx,Bronx,10452,BRONX,NY,40.839188,-73.91687
927563,New Group Market Inc,Grocery Store,7012 18th Ave,Brooklyn,Brooklyn,11204,KINGS,NY,40.616112,-73.993546
957283,A Line Deli Inc,Convenience Store,2115 Mott Ave,Far Rockaway,Queens,11691,QUEENS,NY,40.604649,-73.753937
952487,Fresh Point Market Inc,Grocery Store,12316 Liberty Ave,South Richmond Hill,Queens,11419,QUEENS,NY,40.687523,-73.820633
1289390,Mo 99 Cents Corp,Convenience Store,106 W 116th St,New York,Manhattan,10026,NEW YORK,NY,40.802158,-73.950394
1101247,Pascual Food Corp.,Grocery Store,1020 Olmstead Ave,Bronx,Bronx,10472,BRONX,NY,40.827805,-73.853065
1264569,Le Bon Pate Bakery Inc.,Specialty Store,21547 Jamaica Ave,Queens Village,Queens,11428,QUEENS,NY,40.717644,-73.739098
1558930,3425 Andy Produce,Grocery Store,3425 Jerome Ave,Bronx,Bronx,10467,BRONX,NY,40.881145,-73.883316
1274764,149 Willis Inc,Grocery Store,526B Willis Ave,Bronx,Bronx,10455,BRONX,NY,40.815453,-73.918182
1215449,East Elmhurst Grocery Corp.,Convenience Store,10215 Astoria Blvd,East Elmhurst,Queens,11369,QUEENS,NY,40.761681,-73.866898
1098010,J & E Fresh Produce Corp/City Fresh Market,Grocery Store,12217 20th Ave,College Point,Queens,11356,QUEENS,NY,40.781784,-73.845131
1141745,1460 Gourmet Deli Inc,Convenience Store,1460 Southern Blvd,Bronx,Bronx,10460,BRONX,NY,40.832481,-73.890633
1106994,Aghapy Food Co 1 Inc,Grocery Store,603 Woodward Ave,Ridgewood,Queens,11385,QUEENS,NY,40.706116,-73.907578
1288188,30th Avenue Fruit Market Inc.,Specialty Store,3212 30th Ave,Astoria,Queens,11102,QUEENS,NY,40.766289,-73.920174
1262641,Niha Mini Mart Inc,Convenience Store,63-02 Broadway,Woodside,Queens,11377,QUEENS,NY,40.749935,-73.899086
1117054,KJY Fruit Market Inc,Convenience Store,137 Dreiser Loop,Bronx,Bronx,10475,BRONX,NY,40.876106,-73.829086
983082,Sweet Occassions Inc,Specialty Store,10313 Northern Blvd,Corona,Queens,11368,QUEENS,NY,40.757713,-73.865326
990131,Raidan Deli And Grocery Corp,Grocery Store,1508 Saint Johns Pl,Brooklyn,Brooklyn,11213,KINGS,NY,40.670303,-73.928322
1290635,Arizona Frutas Y Vegetales,Grocery Store,182 E 109th St,New York,Manhattan,10029,NEW YORK,NY,40.793674,-73.943901
1241647,Maria Food Market Corp.,Grocery Store,920 Prospect Ave,Bronx,Bronx,10459,BRONX,NY,40.821754,-73.900719
1221921,Woodlawn & Jerome Corp.,Convenience Store,3598 Jerome Ave,Bronx,Bronx,10467,BRONX,NY,40.885128,-73.879387
1630339,A & A Market Deli & Grocery Corp. N/A,Convenience Store,1513 Watson Ave,Bronx,Bronx,10472,BRONX,NY,40.826111,-73.87896
1076244,S S Fish Market,Specialty Store,76 Sherman Ave,New York,Manhattan,10040,NEW YORK,NY,40.863583,-73.926468
1084917,A & J Gourmet Deli Inc,Convenience Store,95 Knickerbocker Ave,Brooklyn,Brooklyn,11237,KINGS,NY,40.705494,-73.929779
1134848,Central Yetev Lev D'satmar Meat,Specialty Store,285 Lee Ave,Brooklyn,Brooklyn,11206,KINGS,NY,40.699753,-73.953499
1192798,Plaza Xochimilco I,Grocery Store,5518 5th Ave,Brooklyn,Brooklyn,11220,KINGS,NY,40.64204,-74.01371
875032,B & G Market Place Inc,Grocery Store,281 McClean Ave,Staten Island,Staten Island,10305,RICHMOND,NY,40.596931,-74.070343
981977,Happiness Deli Inc.,Grocery Store,50-02 66th Street,Woodside,Queens,11377,QUEENS,NY,40.736862,-73.898987
1297853,Corner Gourmet Corp Dba Skyline Gourmet,Convenience Store,64 Willoughby St,Brooklyn,Brooklyn,11201,KINGS,NY,40.692181,-73.986145
1092232,Himalayan Deli Inc/Mid-Wood Deli & Grocery,Grocery Store,86-31 Broadway,Elmhurst,Queens,11373,QUEENS,NY,40.737549,-73.877197
1603697,Olive Tree Deli,Grocery Store,3060 Broadway,New York,Manhattan,10027,NEW YORK,NY,40.811195,-73.961266
1000042,Tulcingo Hermoso Deli Grocery,Grocery Store,1311 Saint Nicholas Ave,New York,Manhattan,10033,NEW YORK,NY,40.845917,-73.936455
1200436,United Deli & Grill Corp,Convenience Store,1249 Utica Ave,Brooklyn,Brooklyn,11203,KINGS,NY,40.641964,-73.929314
1262712,Al Tawakkul Halal Meat Inc,Other,3768 74th St,Jackson Heights,Queens,11372,QUEENS,NY,40.747063,-73.89151
1530341,1872 Fulton Deli And Grocery 1 Corp,Convenience Store,1872 Fulton St,Brooklyn,Brooklyn,11233,KINGS,NY,40.678925,-73.924774
1530345,Omar Convenience Corp,Grocery Store,10408 Flatlands Ave,Brooklyn,Brooklyn,11236,KINGS,NY,40.647121,-73.89502
1530346,Lamar's Bagel Express,Convenience Store,197B Madison St,New York,Manhattan,10002,NEW YORK,NY,40.712662,-73.990395
1530637,Kings Highway Deli & Grill Corporation,Convenience Store,165 Kings Hwy,Brooklyn,Brooklyn,11223,KINGS,NY,40.605938,-73.985489
1530357,Tacos-Vip Corp,Convenience Store,573 E 187th St,Bronx,Bronx,10458,BRONX,NY,40.856064,-73.888237
1155999,Holland Gourmet Deli Corp,Convenience Store,2460 Holland Ave,Bronx,Bronx,10467,BRONX,NY,40.862461,-73.865463
1061454,Long Island Express Deli & Grocery Corp,Convenience Store,9116A Sutphin Blvd,Jamaica,Queens,11435,QUEENS,NY,40.700813,-73.807991
1530655,Makeme African Market Corp,Grocery Store,209 E 165th St,Bronx,Bronx,10456,BRONX,NY,40.830311,-73.918365
1529966,Aleman Deli Corp,Convenience Store,1466 Pitkin Ave,Brooklyn,Brooklyn,11212,KINGS,NY,40.668255,-73.919563
1529973,The World Of Health Corp.,Grocery Store,720 W 181st St,New York,Manhattan,10033,NEW YORK,NY,40.850399,-73.936928
1530400,Domingo's Grocery,Convenience Store,2591 8th Ave,New York,Manhattan,10030,NEW YORK,NY,40.818562,-73.945122
1114268,63-28 99th St. Farm LTD,Grocery Store,6328 99th St,Rego Park,Queens,11374,QUEENS,NY,40.732265,-73.856941
1529999,Mama's Deli Corp,Convenience Store,1553 Watson Ave,Bronx,Bronx,10472,BRONX,NY,40.826378,-73.877022
1648722,Beyond Natural Market,Grocery Store,1197 Fulton St,Brooklyn,Brooklyn,11216,KINGS,NY,40.68087,-73.953781
1128305,Ajwa Grocery and Halal Meat LLC,Grocery Store,1034 Coney Island Ave,Brooklyn,Brooklyn,11230,KINGS,NY,40.63242,-73.966835
1529714,Makolet,Convenience Store,999 Clarkson Ave,Brooklyn,Brooklyn,11212,KINGS,NY,40.658218,-73.924873
1530432,Heyday & Epoch Inc.,Other,6512 20th Ave,Brooklyn,Brooklyn,11204,KINGS,NY,40.616333,-73.986275
1529717,7 Eleven Store #33704b,Convenience Store,1619 Avenue M,Brooklyn,Brooklyn,11230,KINGS,NY,40.61832,-73.958412
1530735,Rivera's Meat Market Corp.,Grocery Store,624 Morris Ave,Bronx,Bronx,10451,BRONX,NY,40.819004,-73.921867
880096,Almustah 99 Corp,Convenience Store,12010 Liberty Ave,South Richmond Hill,Queens,11419,QUEENS,NY,40.686619,-73.822853
1135058,Union African America Market Corp,Grocery Store,115 W 142nd St,New York,Manhattan,10030,NEW YORK,NY,40.81876,-73.93795
1615039,183 Fish Market Corp.,Specialty Store,7 W 183rd St,Bronx,Bronx,10453,BRONX,NY,40.858589,-73.904251
1280526,A & C Superette,Grocery Store,884 Manor Rd,Staten Island,Staten Island,10314,RICHMOND,NY,40.605042,-74.120857
1189084,Gold Star Deli & Grill Inc,Convenience Store,1565 Broadway,Brooklyn,Brooklyn,11207,KINGS,NY,40.685898,-73.915657
1530492,Allerton Deli Market Corporation,Convenience Store,1305 Allerton Ave,Bronx,Bronx,10469,BRONX,NY,40.865479,-73.848656
1530507,Hayati Deli Grocery Corporation,Other,62 Metropolitan Oval,Bronx,Bronx,10462,BRONX,NY,40.837341,-73.859985
1529804,PROSPECT DELI CO,Convenience Store,684 Franklin Ave,Brooklyn,Brooklyn,11238,KINGS,NY,40.675205,-73.956482
1529808,SAM FINE MARKET CO,Convenience Store,86 Nagle Ave,New York,Manhattan,10040,NEW YORK,NY,40.8606,-73.928024
1529562,Fahid Halal Meat Fish Fruits And Vegetables Inc,Grocery Store,2128 Jerome Ave,Bronx,Bronx,10453,BRONX,NY,40.855576,-73.905533
1529810,El Nevado Produce Inc 455079161,Specialty Store,6440 Admiral Ave,Middle Village,Queens,11379,QUEENS,NY,40.7117,-73.896622
1611614,Webster Av Petroleum Llc,Convenience Store,3059 Webster Ave,Bronx,Bronx,10467,BRONX,NY,40.870365,-73.878807
1530529,Farmers 99 Cent & Up Inc,Convenience Store,13830 Farmers Blvd,Jamaica,Queens,11434,QUEENS,NY,40.671963,-73.764473
1530534,Mi Ranchito Deli Market LLC,Grocery Store,7001 Fort Hamilton Pkwy,Brooklyn,Brooklyn,11228,KINGS,NY,40.628044,-74.01281
1529839,144th Street Gourmet Inc,Convenience Store,401 E 144th St,Bronx,Bronx,10454,BRONX,NY,40.812881,-73.9198
1530546,St Loren Multi Services Inc,Grocery Store,219 E Tremont Ave,Bronx,Bronx,10457,BRONX,NY,40.849209,-73.904968
1578281,160 Grocery Inc,Convenience Store,2011C Amsterdam Ave,New York,Manhattan,10032,NEW YORK,NY,40.834427,-73.940689
1529847,Yemen Al Khair Grocery Corp,Grocery Store,3305 Church Ave,Brooklyn,Brooklyn,11203,KINGS,NY,40.651093,-73.946442
1650815,Organic Snacks,Convenience Store,724 Allerton Ave,Bronx,Bronx,10467,BRONX,NY,40.865311,-73.866158
1640906,Ayman Organic Market Inc.,Convenience Store,320 Myrtle Ave,Brooklyn,Brooklyn,11205,KINGS,NY,40.693172,-73.973671
1529883,Gods Promise,Grocery Store,2364 Jerome Ave,Bronx,Bronx,10468,BRONX,NY,40.860355,-73.902466
1529623,Uya 85 Deli Corp,Convenience Store,8502 Jamaica Ave,Woodhaven,Queens,11421,QUEENS,NY,40.692432,-73.858902
931382,7-Eleven #27760C,Convenience Store,2250 College Point Blvd,College Point,Queens,11356,QUEENS,NY,40.778751,-73.846138
1529908,La Gran Farmacia,Convenience Store,9110 37th Ave,Jackson Heights,Queens,11372,QUEENS,NY,40.750565,-73.875542
1301105,L & M  American Store Inc,Convenience Store,11329 Farmers Blvd,Saint Albans,Queens,11412,QUEENS,NY,40.698593,-73.762375
859506,La Javiela Meat Corp,Other,2016 21st Ave,Astoria,Queens,11105,QUEENS,NY,40.782616,-73.915199
1130535,Mill Basin Convenience Store Corp,Convenience Store,6122 Avenue U,Brooklyn,Brooklyn,11234,KINGS,NY,40.615208,-73.913986
1184147,844 Deli Grocery Inc.,Convenience Store,844 Amsterdam Ave,New York,Manhattan,10025,NEW YORK,NY,40.797401,-73.967979
1265342,Happy Li Trading Inc,Other,94 Elizabeth St,New York,Manhattan,10013,NEW YORK,NY,40.71862,-73.995735
1251708,Hong Da Supermarket Inc,Grocery Store,2319 86th St,Brooklyn,Brooklyn,11214,KINGS,NY,40.600235,-73.990997
1088337,Manuel's Fruits & Vegetables Inc.,Grocery Store,2060 2nd Ave,New York,Manhattan,10029,NEW YORK,NY,40.790421,-73.942543
1038550,Blessing Deli & Grocery Inc,Convenience Store,576 Seneca Ave,Ridgewood,Queens,11385,QUEENS,NY,40.704456,-73.910637
1184391,Rockaway Dollar Store Inc 0,Convenience Store,1455 Rockaway Pkwy,Brooklyn,Brooklyn,11236,KINGS,NY,40.644672,-73.901726
1303286,Livonia Food & Discount Inc,Convenience Store,586 Livonia Ave,Brooklyn,Brooklyn,11207,KINGS,NY,40.664444,-73.895477
1180455,7 Eleven Store 34051B,Convenience Store,520 5th Ave,Brooklyn,Brooklyn,11215,KINGS,NY,40.666611,-73.98848
926156,Rafael Jr Food Center Corp,Grocery Store,2701 Decatur Ave,Bronx,Bronx,10458,BRONX,NY,40.864979,-73.888832
1632818,1955 First Ave Discount Corp,Convenience Store,1955 1st Ave,New York,Manhattan,10029,NEW YORK,NY,40.786209,-73.942795
1229586,7 Eleven 26601D,Convenience Store,2702 Knapp St,Brooklyn,Brooklyn,11235,KINGS,NY,40.587994,-73.931786
1584806,Mini Market Azteca Corporation,Convenience Store,1724 86th St,Brooklyn,Brooklyn,11214,KINGS,NY,40.608105,-74.004341
1040257,Romana Grocery Corp.,Convenience Store,3851 Bronxwood Ave,Bronx,Bronx,10469,BRONX,NY,40.883335,-73.8564
1634924,Big Mo Gourmet Deli Corp.,Convenience Store,3191 E Tremont Ave,Bronx,Bronx,10461,BRONX,NY,40.836834,-73.83371
1154349,Go Believe Bakery Inc.,Other,239 Grand St,New York,Manhattan,10002,NEW YORK,NY,40.718353,-73.994614
1597600,Yolanda Grocery Store Inc,Convenience Store,2428 Pitkin Ave,Brooklyn,Brooklyn,11208,KINGS,NY,40.673717,-73.882774
1192556,R & M  1 Deli Grocery Corp,Grocery Store,2425 Grand Ave,Bronx,Bronx,10468,BRONX,NY,40.862534,-73.903503
1309187,Apan Bazaar Inc,Grocery Store,7110 35th Ave,Jackson Heights,Queens,11372,QUEENS,NY,40.750645,-73.894524
1259337,J's Deli & Grocery Inc.,Convenience Store,8712 19th Ave,Brooklyn,Brooklyn,11214,KINGS,NY,40.603848,-74.002838
1641231,Friends Halal Meat Supermarket Inc.,Grocery Store,2100 Starling Ave,Bronx,Bronx,10462,BRONX,NY,40.835941,-73.854919
1013645,J & L Fish Market Inc.,Specialty Store,3706 3rd Avenue,Bronx,Bronx,10456,BRONX,NY,40.835384,-73.903236
950091,Montero's Grocery Corp,Grocery Store,4101 99th St,Corona,Queens,11368,QUEENS,NY,40.747757,-73.865532
1084989,Herbal Life Co Inc,Grocery Store,3711B Prince St,Flushing,Queens,11354,QUEENS,NY,40.760571,-73.832687
1285096,B & O Food Store Corp,Grocery Store,2602 Avenue U,Brooklyn,Brooklyn,11229,KINGS,NY,40.600002,-73.945526
1032359,Nick's European Market Inc,Grocery Store,2137A Williamsbridge Rd,Bronx,Bronx,10461,BRONX,NY,40.856339,-73.856026
1292146,Lupitas Mexican Grocery Ii Inc,Grocery Store,654 E 233rd St,Bronx,Bronx,10466,BRONX,NY,40.893856,-73.858894
1556656,R & R Convenient Store Llc,Convenience Store,4759 White Plains Rd,Bronx,Bronx,10470,BRONX,NY,40.905052,-73.849777
1557649,Evergreen Deli Market Inc,Convenience Store,1480 Westchester Ave,Bronx,Bronx,10472,BRONX,NY,40.828304,-73.880875
1130981,HNR Deli & Grocery Corp,Convenience Store,1223 Church Ave,Brooklyn,Brooklyn,11218,KINGS,NY,40.647655,-73.967674
1295802,Hamza Grocery & Halal Meat Inc,Grocery Store,318A Bradley Ave,Staten Island,Staten Island,10314,RICHMOND,NY,40.60334,-74.131836
1259340,Mukti 49 Petroleum Inc. 7-11,Convenience Store,99-49 Horace Harding Expressway,Corona,Queens,11368,QUEENS,NY,40.736713,-73.856377
1255360,Happy Mart,Grocery Store,10438 Corona Ave,Corona,Queens,11368,QUEENS,NY,40.743893,-73.857346
1055825,40th St Deli & Grill Corp,Convenience Store,3921 4th Ave,Brooklyn,Brooklyn,11232,KINGS,NY,40.652058,-74.006485
981187,Mendez Deli Grocery Corp,Grocery Store,5424 3rd Ave,Brooklyn,Brooklyn,11220,KINGS,NY,40.645065,-74.017609
1136904,85th Street Deli Inc,Grocery Store,8501 Jamaica Ave,Woodhaven,Queens,11421,QUEENS,NY,40.692635,-73.859016
1633649,Dumont Deli and Grocery,Grocery Store,690 Linwood St,Brooklyn,Brooklyn,11208,KINGS,NY,40.668381,-73.881294
971830,B-Quick Corp I,Convenience Store,9202 Avenue M,Brooklyn,Brooklyn,11236,KINGS,NY,40.63483,-73.896637
1661462,Alesra'a Halal Meat Market Inc,Grocery Store,1903 White Plains Rd,Bronx,Bronx,10462,BRONX,NY,40.847477,-73.867409
1013152,Elm Health Chelsea Corp,Other,56 7th Ave,New York,Manhattan,10011,NEW YORK,NY,40.738319,-74.000084
1658648,TAZA PRODUCE INC,Grocery Store,302 86th St,Brooklyn,Brooklyn,11209,KINGS,NY,40.623287,-74.030952
981462,BSKT E Corp/Coffee Pot,Convenience Store,2819 23rd Ave,Astoria,Queens,11105,QUEENS,NY,40.775238,-73.913857
1267659,L & L Deli Grocery Inc,Convenience Store,2013 Avenue U,Brooklyn,Brooklyn,11229,KINGS,NY,40.59948,-73.950775
1562790,Mi Gerizin Market Corp.,Grocery Store,777 Elton Ave,Bronx,Bronx,10451,BRONX,NY,40.821304,-73.913612
1025171,Starrett City Pharmacyllc,Grocery Store,1110 Pennsylvania Ave,Brooklyn,Brooklyn,11207,KINGS,NY,40.653557,-73.887566
1564301,96 Deli & Grill Corporation,Convenience Store,1869 2nd Ave,New York,Manhattan,10029,NEW YORK,NY,40.784595,-73.94706
1561458,7 Eleven Store #37116b,Convenience Store,2256 2nd Ave,New York,Manhattan,10029,NEW YORK,NY,40.796768,-73.937721
1564433,H Y Star 4278 Corp./H Y Star Deli,Convenience Store,4278 Arthur Kill Rd,Staten Island,Staten Island,10309,RICHMOND,NY,40.537796,-74.236931
1562375,Flushing Expressway Inc.,Convenience Store,15402 Horace Harding Expy,Flushing,Queens,11367,QUEENS,NY,40.738472,-73.81459
979440,Golden Steamer Inc.,Other,143A Mott St,New York,Manhattan,10013,NEW YORK,NY,40.718773,-73.996674
1282242,Joe's Italian Deli 1,Convenience Store,685 E 187th St,Bronx,Bronx,10458,BRONX,NY,40.854347,-73.885002
1568377,Jfk Gourmet Deli Corp,Convenience Store,94-12 Sutphin Blvd,Jamaica,Queens,11435,QUEENS,NY,40.698647,-73.806847
1245242,Tin Duc Food Market Inc.,Other,129 E Broadway,New York,Manhattan,10002,NEW YORK,NY,40.713882,-73.991837
1039672,Rnj Kings Food Inc,Grocery Store,1914 Kings Hwy,Brooklyn,Brooklyn,11229,KINGS,NY,40.610321,-73.954185
1129383,Arking of Brooklyn Inc,Grocery Store,1079 Brighton Beach Ave,Brooklyn,Brooklyn,11235,KINGS,NY,40.578129,-73.957245
1256622,7-Eleven 37035a,Convenience Store,478 3rd Ave,New York,Manhattan,10016,NEW YORK,NY,40.74485,-73.978989
1251671,Fulton Deli Corp,Convenience Store,1225 Fulton Ave,Bronx,Bronx,10456,BRONX,NY,40.83078,-73.904449
1282435,Neerob Bazar Inc,Grocery Store,2085 Starling Ave,Bronx,Bronx,10462,BRONX,NY,40.836155,-73.855507
1087544,Health Source Plus Pharmacy LLC,Convenience Store,118-07 Metropolitan Avenue,Queens,Queens,11415,QUEENS,NY,40.707081,-73.834747
1105012,La Mexicana Fruit & Grocery Corp,Grocery Store,1322 Jerome Ave,Bronx,Bronx,10452,BRONX,NY,40.838528,-73.918686
1596950,Alosra Market Llc,Grocery Store,7013 3rd Ave,Brooklyn,Brooklyn,11209,KINGS,NY,40.63446,-74.026398
1038945,Muncan Food Corporation,Other,4309 Broadway,Astoria,Queens,11103,QUEENS,NY,40.757668,-73.916191
1307403,Kui's Fish Market Inc/New Andrew Fish Market,Specialty Store,1228 Fulton St,Brooklyn,Brooklyn,11216,KINGS,NY,40.680473,-73.951424
1048882,Lam West Indian Grocery Inc,Grocery Store,1764 Nostrand Ave,Brooklyn,Brooklyn,11226,KINGS,NY,40.642769,-73.948738
1199001,Stop 1 Deli Gourmet Corp,Grocery Store,320 Lafayette Ave,Brooklyn,Brooklyn,11238,KINGS,NY,40.688541,-73.962646
1233155,Madison Deli Express Inc,Grocery Store,1550 Madison Ave,New York,Manhattan,10029,NEW YORK,NY,40.792896,-73.950211
1274580,Smith Gourmet Deli Corp.,Convenience Store,126 Smith St,Brooklyn,Brooklyn,11201,KINGS,NY,40.687519,-73.990074
1215123,5 Star Express Deli And Grocery Corp,Convenience Store,1176 Nostrand Ave,Brooklyn,Brooklyn,11225,KINGS,NY,40.658787,-73.950447
1225708,Phillips Gourmet Deli,Convenience Store,3659 E Tremont Ave,Bronx,Bronx,10465,BRONX,NY,40.827961,-73.823593
991079,Sakeer Deli & Grocery Corp,Convenience Store,220 Rogers Ave,Brooklyn,Brooklyn,11225,KINGS,NY,40.668354,-73.953461
822434,Cruz Food Corp,Grocery Store,1326 Central Ave,Far Rockaway,Queens,11691,QUEENS,NY,40.606945,-73.74987
1019452,Grace Tree Fruit Corp,Grocery Store,415 Woodward Ave,Ridgewood,Queens,11385,QUEENS,NY,40.708694,-73.91201
1242838,Nouri Meat Market & Grocery,Grocery Store,1257 Bedford Ave,Brooklyn,Brooklyn,11216,KINGS,NY,40.680077,-73.953217
1090356,Victory Meat Center,Grocery Store,8506 Bay Pkwy,Brooklyn,Brooklyn,11214,KINGS,NY,40.60247,-73.99353
1603993,Colombia Deli Grocery Corp.,Convenience Store,20 Old Broadway,New York,Manhattan,10027,NEW YORK,NY,40.815563,-73.957146
1260657,Latinos Deli Grocery,Convenience Store,3823 Fort Hamilton Pkwy,Brooklyn,Brooklyn,11218,KINGS,NY,40.643257,-73.990318
1097562,Emerald Food Store,Grocery Store,2711 Briggs Ave,Bronx,Bronx,10458,BRONX,NY,40.866783,-73.891472
1258570,Salaam Pharmacy Inc SALAAM PHA,Convenience Store,155 Crystal St,Brooklyn,Brooklyn,11208,KINGS,NY,40.674828,-73.874245
1029867,Radfan Inc.,Convenience Store,6317 20th Ave,Brooklyn,Brooklyn,11204,KINGS,NY,40.617279,-73.985046
1667678,Bullpen Deli Inc.,Convenience Store,66 E 161st St,Bronx,Bronx,10451,BRONX,NY,40.827374,-73.925438
953010,777 Grill Corp,Convenience Store,621 Jerome St,Brooklyn,Brooklyn,11207,KINGS,NY,40.665272,-73.884689
941553,Darbar Deli & Grocery Inc,Convenience Store,13853 Queens Blvd,Jamaica,Queens,11435,QUEENS,NY,40.707645,-73.817261
1178853,Uptown Food Center Corp,Convenience Store,91 Pinehurst Ave,New York,Manhattan,10033,NEW YORK,NY,40.850918,-73.939293
1168117,Wholesome Factory,Grocery Store,530 Main St,New York,Manhattan,10044,NEW YORK,NY,40.761604,-73.949898
1656498,Rodriguez Deli & Grill Corp.,Convenience Store,853 Melrose Ave,Bronx,Bronx,10451,BRONX,NY,40.823784,-73.914246
1570634,West 9th Finest Deli Llc NA,Convenience Store,64 W 9th St,New York,Manhattan,10011,NEW YORK,NY,40.733761,-73.998863
1282761,Battaglias Market,Grocery Store,2503 Eastchester Rd,Bronx,Bronx,10469,BRONX,NY,40.862991,-73.843452
956284,KOSHER PLAZA INC,Grocery Store,571 Kings Hwy,Brooklyn,Brooklyn,11223,KINGS,NY,40.60495,-73.968452
1637917,1795B Westchester Grocery & Candy Corp.,Convenience Store,1795B Westchester Ave,Bronx,Bronx,10472,BRONX,NY,40.831932,-73.86673
1532837,Abe's Gourmet Deli,Convenience Store,1741 E 172nd St,Bronx,Bronx,10472,BRONX,NY,40.832687,-73.869278
1531618,Judith Grocery,Convenience Store,2485 65th St,Brooklyn,Brooklyn,11204,KINGS,NY,40.60997,-73.974686
1633654,3d Mini Market Inc,Convenience Store,23 Avenue D,New York,Manhattan,10009,NEW YORK,NY,40.720844,-73.978279
955242,Tariq Hand Slaughterd Meat & Market,Other,7259 Kissena Blvd,Flushing,Queens,11367,QUEENS,NY,40.727406,-73.81295
951679,K C FOODMART INC,Convenience Store,13602 Booth Memorial Ave,Flushing,Queens,11355,QUEENS,NY,40.747204,-73.828934
1629056,Brewcash Inc,Grocery Store,143B Hester St,New York,Manhattan,10002,NEW YORK,NY,40.717175,-73.994781
1654651,Santiago Grocery Store Corp,Convenience Store,1349 Saint Nicholas Ave,New York,Manhattan,10033,NEW YORK,NY,40.847095,-73.935593
998341,Pharmacy Depot Llc,Convenience Store,317 Brighton Beach Ave,Brooklyn,Brooklyn,11235,KINGS,NY,40.577187,-73.963585
1309570,Jbv Enterprises Inc Dba La Blanda Meat Market,Grocery Store,3824 Broadway,New York,Manhattan,10032,NEW YORK,NY,40.835407,-73.943741
1531985,bp ampm 48459,Convenience Store,1862 Webster Ave,Bronx,Bronx,10457,BRONX,NY,40.84697,-73.900856
1531677,Nature Market 1 Corp,Convenience Store,1091 Bedford Ave,Brooklyn,Brooklyn,11216,KINGS,NY,40.686417,-73.954361
1531709,Ninety Third Deli & Grocery Corp,Convenience Store,1044 Winthrop St,Brooklyn,Brooklyn,11212,KINGS,NY,40.660709,-73.924843
1531776,Sjb Deli Grocery Corp. NO,Convenience Store,1291 Clay Ave,Bronx,Bronx,10456,BRONX,NY,40.834339,-73.909637
1531834,Boston Deli & Grocery Inc.,Convenience Store,761 E 169th St,Bronx,Bronx,10456,BRONX,NY,40.831036,-73.89978
1531847,V Deli Grilll And Convenience Corp,Convenience Store,2113 Avenue V,Brooklyn,Brooklyn,11229,KINGS,NY,40.597569,-73.949463
1531856,1 Ocean Deli Corp,Convenience Store,1990 Lexington Ave,New York,Manhattan,10035,NEW YORK,NY,40.802155,-73.939247
1531858,Jael Deli Grocery Corp,Convenience Store,911 Melrose Ave,Bronx,Bronx,10451,BRONX,NY,40.824688,-73.913757
1531859,Vasquez Deli & Grocery,Convenience Store,680 Melrose Ave,Bronx,Bronx,10455,BRONX,NY,40.819313,-73.916138
1531903,Alnamer Deli & Grocery Inc,Convenience Store,1167 Lenox Rd,Brooklyn,Brooklyn,11212,KINGS,NY,40.660076,-73.917648
1531966,Williamsbridge Rd Gourmet Deli Corp,Convenience Store,2101A Williamsbridge Rd,Bronx,Bronx,10461,BRONX,NY,40.855465,-73.855461
896911,Gurabo Produce Corp/City Fresh Market,Grocery Store,4502 Junction Blvd,Corona,Queens,11368,QUEENS,NY,40.744534,-73.867828
1282024,Sunrise Gourmet Deli,Grocery Store,3014 Richmond Rd,Staten Island,Staten Island,10306,RICHMOND,NY,40.575256,-74.12233
1152511,Pal Deli And Grocery Inc,Convenience Store,3438 E Tremont Ave,Bronx,Bronx,10465,BRONX,NY,40.832424,-73.827751
909640,Sweet Home African Market,Other,15 Bedford Park Blvd E,Bronx,Bronx,10468,BRONX,NY,40.87323,-73.888924
965727,J & E Bakery Inc,Other,743 Astor Ave,Bronx,Bronx,10467,BRONX,NY,40.859726,-73.865799
1292702,The Heights Market Corp.,Grocery Store,1520 Saint Nicholas Ave,New York,Manhattan,10033,NEW YORK,NY,40.852497,-73.931374
983610,Utica Deli Grocery Corp,Other,939 Utica Ave,Brooklyn,Brooklyn,11203,KINGS,NY,40.649925,-73.930153
982861,Super Market of Ave N Inc,Grocery Store,3524 Flatlands Ave,Brooklyn,Brooklyn,11234,KINGS,NY,40.61776,-73.940498
1530834,La Ceniza Deli Grocery Inc.,Grocery Store,551B Commonwealth Ave,Bronx,Bronx,10473,BRONX,NY,40.81572,-73.864578
1530842,J&P Guyana & West Indian Fish & Grocery Inc.,Grocery Store,11317 Liberty Ave,South Richmond Hill,Queens,11419,QUEENS,NY,40.685726,-73.828888
1658165,1203 West Indian Grocery Inc,Convenience Store,1203 Rosedale Ave,Bronx,Bronx,10472,BRONX,NY,40.829659,-73.868912
1653117,1278 Morrison Deli Grocery Corp,Convenience Store,1278 Morrison Ave,Bronx,Bronx,10472,BRONX,NY,40.83152,-73.874954
1532097,Dalquiris Deli Grocery Corp,Convenience Store,813 Marcy Ave,Brooklyn,Brooklyn,11216,KINGS,NY,40.685757,-73.947151
1126429,Green Olive Deli Corp,Convenience Store,161 E 116th St,New York,Manhattan,10029,NEW YORK,NY,40.798519,-73.940941
922004,Health Max 5th Avenue Inc.,Other,5313 5th Ave,Brooklyn,Brooklyn,11220,KINGS,NY,40.643047,-74.012276
1069511,My New Deli Grocery,Convenience Store,269 Troy Ave,Brooklyn,Brooklyn,11213,KINGS,NY,40.669868,-73.936546
1657781,La Bodeguita  Food Center Corp.,Grocery Store,1338 Saint Nicholas Ave,New York,Manhattan,10033,NEW YORK,NY,40.846577,-73.935509
1530905,Stop 1 Deli & Grill Corp.,Convenience Store,6627 Myrtle Ave,Glendale,Queens,11385,QUEENS,NY,40.701527,-73.887283
1221992,Kings Bridge Market Inc,Grocery Store,30 W Kingsbridge Rd,Bronx,Bronx,10468,BRONX,NY,40.867699,-73.898705
1182275,Ray Deli  Food  Corp,Grocery Store,4048 White Plains Rd,Bronx,Bronx,10466,BRONX,NY,40.88982,-73.859261
1166870,Mittelman's Foods,Grocery Store,5024 16th Ave,Brooklyn,Brooklyn,11204,KINGS,NY,40.629982,-73.986633
1592884,Convenient Store Inc,Convenience Store,165 Sherman Ave,New York,Manhattan,10034,NEW YORK,NY,40.864658,-73.922638
1579512,9 Star Deli And Grocery Corp,Convenience Store,900 Allerton Ave,Bronx,Bronx,10469,BRONX,NY,40.865398,-73.861343
1531385,Tnt Liquidators,Convenience Store,7360 Grand Ave,Maspeth,Queens,11378,QUEENS,NY,40.729973,-73.888031
1668438,Mike & J Candy Grocery Corp,Convenience Store,872 Hunts Point Ave,Bronx,Bronx,10474,BRONX,NY,40.818867,-73.889099
1530953,West Market,Grocery Store,693 10th Ave,New York,Manhattan,10036,NEW YORK,NY,40.763107,-73.993164
1531014,Fulton Plaza Deli & Grill 1 Corp.,Grocery Store,1747 Fulton St,Brooklyn,Brooklyn,11233,KINGS,NY,40.679699,-73.929169
1531422,Aqua Best Nyc,Specialty Store,276 Grand St,New York,Manhattan,10002,NEW YORK,NY,40.717934,-73.992722
1668431,Metro Deli Mini Market Inc,Grocery Store,6512 Metropolitan Ave,Middle Village,Queens,11379,QUEENS,NY,40.712399,-73.895767
1531530,2009 Carolina Deli Corp,Grocery Store,4302 58th St,Woodside,Queens,11377,QUEENS,NY,40.743134,-73.90731
1531579,Amart And Halal Meat Inc.,Grocery Store,1964 Flatbush Ave,Brooklyn,Brooklyn,11234,KINGS,NY,40.621689,-73.935982
1056597,The Sandwich Spot Deli Corp,Grocery Store,1075 Flatbush Ave,Brooklyn,Brooklyn,11226,KINGS,NY,40.644321,-73.957771
1531242,Jhara Inc,Grocery Store,15332 Hillside Ave,Jamaica,Queens,11432,QUEENS,NY,40.707443,-73.803192
1270062,Linden Variety Store Inc,Convenience Store,19627 Linden Blvd,Saint Albans,Queens,11412,QUEENS,NY,40.693687,-73.755089
1101010,Samy Fish & Vegetables Corp,Grocery Store,3618 White Plains Rd,Bronx,Bronx,10467,BRONX,NY,40.879635,-73.864784
1641976,500 Grand Mini Market,Convenience Store,500 Grand St,Brooklyn,Brooklyn,11211,KINGS,NY,40.710831,-73.951279
1286891,Adames Deli Corp,Convenience Store,25013 Hook Creek Blvd,Rosedale,Queens,11422,QUEENS,NY,40.663494,-73.729401
1112416,Triple N Live Poultry & Halal Meat Inc.,Specialty Store,104 16 101 Street,Ozone Park,Queens,11417,QUEENS,NY,40.680977,-73.839455
1208602,United Deli & Smoke Shop Inc.,Grocery Store,301 Utica Ave,Brooklyn,Brooklyn,11213,KINGS,NY,40.667664,-73.931084
1055185,The Healthy Way 123,Grocery Store,769 Bedford Ave,Brooklyn,Brooklyn,11205,KINGS,NY,40.697567,-73.956696
1272357,El Nuevo Renacer Deli Grocery Corp,Grocery Store,111 Audubon Ave,New York,Manhattan,10032,NEW YORK,NY,40.842396,-73.936806
1228773,182nd St Deli Grocery Corp,Convenience Store,816 E 182nd St,Bronx,Bronx,10460,BRONX,NY,40.848557,-73.883652
1020203,Tropical Fruits & Vegetables Corp,Grocery Store,234 W 231st St,Bronx,Bronx,10463,BRONX,NY,40.879398,-73.906052
986077,Gaby's Bakery Shop Corp,Specialty Store,238 Knickerbocker Ave,Brooklyn,Brooklyn,11237,KINGS,NY,40.702789,-73.925583
1296390,Sunshine Fish Market Inc,Specialty Store,15 E Mount Eden Ave,Bronx,Bronx,10452,BRONX,NY,40.844196,-73.914299
1191550,Remsen Meat & Produce Corp/Food Universe,Grocery Store,405 Remsen Ave,Brooklyn,Brooklyn,11212,KINGS,NY,40.655853,-73.923302
1659074,Her Way Deli Inc.,Convenience Store,461 Lincoln Pl,Brooklyn,Brooklyn,11238,KINGS,NY,40.672321,-73.960838
1229242,Los Corbaticas Deli Grocery Corp.,Grocery Store,1915 Anthony Ave,Bronx,Bronx,10457,BRONX,NY,40.849148,-73.903343
1300513,Top 1 Deli Grill Inc,Convenience Store,9707 57th Ave,Corona,Queens,11368,QUEENS,NY,40.737396,-73.863724
762493,Salahi Live Poultry Inc,Specialty Store,3313 Ely Ave,Bronx,Bronx,10469,BRONX,NY,40.877087,-73.8395
1307593,Carniceria Calle 103 Mini-Market Corp,Grocery Store,3712 103rd St,Corona,Queens,11368,QUEENS,NY,40.752926,-73.864311
1276307,La Melliza Mini Market Inc.,Convenience Store,19102 120th Ave,Saint Albans,Queens,11412,QUEENS,NY,40.687492,-73.758209
1590282,Rockaway Gourmet Deli & Grill 3 Corp.,Convenience Store,1 Kingston Ave,Brooklyn,Brooklyn,11213,KINGS,NY,40.679794,-73.941086
1647951,Maspeth Grill & Deli Corp,Convenience Store,7101 Grand Ave,Maspeth,Queens,11378,QUEENS,NY,40.727943,-73.892235
1660812,Kings Hillside C-store,Convenience Store,18705 Hillside Ave,Jamaica,Queens,11432,QUEENS,NY,40.714905,-73.775482
1649996,Lucky Grill & Deli Corp.,Convenience Store,1279 39th St,Brooklyn,Brooklyn,11218,KINGS,NY,40.640808,-73.986313
1664848,Fresh Bites Cafe,Specialty Store,9224 Corona Ave,Elmhurst,Queens,11373,QUEENS,NY,40.742302,-73.871498
1417469,Wing Fung 2019 Inc.,Grocery Store,7821 Queens Blvd,Elmhurst,Queens,11373,QUEENS,NY,40.738468,-73.884781
1116525,181 German Deli Inc.,Convenience Store,815 W 181st St,New York,Manhattan,10033,NEW YORK,NY,40.851105,-73.938896
1326617,Grand Freedom Market Corp,Convenience Store,805 Grand St,Brooklyn,Brooklyn,11211,KINGS,NY,40.712032,-73.941147
994413,Algazeera Live Poultry Inc.,Specialty Store,141 34th St,Brooklyn,Brooklyn,11232,KINGS,NY,40.656265,-74.004608
1186764,Dc Flushing Market Corp,Other,13354 41st Ave,Flushing,Queens,11355,QUEENS,NY,40.757893,-73.830086
1635166,New Fish Tree INC,Specialty Store,2487 Adam Clayton Powell Jr Blvd,New York,Manhattan,10030,NEW YORK,NY,40.821148,-73.93911
1570093,1840 On The 6 Deli & Grocery Corp,Convenience Store,1840 Westchester Ave,Bronx,Bronx,10472,BRONX,NY,40.832096,-73.86438
1233061,630 Deli Grocery Corp.,Grocery Store,630 Walton Ave,Bronx,Bronx,10451,BRONX,NY,40.821239,-73.927391
1650345,Flavor Tasty Bite Corp,Convenience Store,4358 Katonah Ave,Bronx,Bronx,10470,BRONX,NY,40.900623,-73.867599
1106643,La Villa Deli,Convenience Store,18919 Jamaica Ave,Hollis,Queens,11423,QUEENS,NY,40.711933,-73.769531
1295290,2615 Super Value 99cents Plus Llc,Grocery Store,2615 Briggs Ave,Bronx,Bronx,10458,BRONX,NY,40.864635,-73.893089
913736,7-Eleven #33680A,Convenience Store,953 Kings Hwy,Brooklyn,Brooklyn,11223,KINGS,NY,40.607357,-73.962265
1575556,Brazilian Market NYC,Convenience Store,304 E 77th St,New York,Manhattan,10075,NEW YORK,NY,40.771713,-73.955513
1576485,Emad Deli Grocery Inc.,Convenience Store,424 E 149th St,Bronx,Bronx,10455,BRONX,NY,40.815445,-73.91655
1008978,82 Market Inc,Grocery Store,4017 82nd St,Elmhurst,Queens,11373,QUEENS,NY,40.747082,-73.883705
1222101,Green Ivy 1 Inc,Grocery Store,246 4th Ave,Brooklyn,Brooklyn,11215,KINGS,NY,40.676678,-73.983658
1282198,Guyon Foodmart,Grocery Store,110 Guyon Ave,Staten Island,Staten Island,10306,RICHMOND,NY,40.56414,-74.126778
1104492,Ocean Fresh Seafood And Caribbean Market,Grocery Store,1415 Nostrand Ave,Brooklyn,Brooklyn,11226,KINGS,NY,40.651905,-73.949524
1296014,7 Eleven Store 39392b,Convenience Store,395 3rd Ave,New York,Manhattan,10016,NEW YORK,NY,40.74197,-73.980766
1209759,Tajuken Deli Corp,Convenience Store,114 Marcus Garvey Blvd,Brooklyn,Brooklyn,11206,KINGS,NY,40.694763,-73.940414
1591189,Food Farm Corp/Franny Lew Market,Convenience Store,8961 Francis Lewis Blvd,Jamaica,Queens,11427,QUEENS,NY,40.718353,-73.757195
1643395,169 Deli Inc,Convenience Store,568 E 169th St,Bronx,Bronx,10456,BRONX,NY,40.832096,-73.90329
1123520,Fish To Dish Inc.,Specialty Store,5516 16th  Ave,Brooklyn,Brooklyn,11204,KINGS,NY,40.627213,-73.989525
1142917,Dollar Jackpot,Convenience Store,2818 Church Ave,Brooklyn,Brooklyn,11226,KINGS,NY,40.650734,-73.950729
905140,L.w. African Market Inc,Grocery Store,3394 3rd Ave,Bronx,Bronx,10456,BRONX,NY,40.827766,-73.907066
1262031,Wor An Tong Inc,Grocery Store,6733 Bay Pkwy,Brooklyn,Brooklyn,11204,KINGS,NY,40.612041,-73.983238
1595446,6052 Dolphins Gourmet Deli Corp,Convenience Store,6052 Riverdale Ave,Bronx,Bronx,10471,BRONX,NY,40.909981,-73.903053
1304699,Channel Grocery Corp,Grocery Store,1282 Saint Nicholas Ave,New York,Manhattan,10033,NEW YORK,NY,40.84483,-73.9366
1533051,Wing Fung 2019 Inc.,Specialty Store,213-217 Grand Street,New York,Manhattan,10013,NEW YORK,NY,40.718758,-73.995979
1532284,De Leon Deli Grocery Corp,Convenience Store,2124 Dorchester Rd,Brooklyn,Brooklyn,11226,KINGS,NY,40.642136,-73.957726
1286836,Fresh Fillet Seafood Market,Specialty Store,129 Osborn St,Brooklyn,Brooklyn,11212,KINGS,NY,40.669289,-73.908684
1656698,Roselyn Deli Grocery Corp,Grocery Store,698 Beck St,Bronx,Bronx,10455,BRONX,NY,40.814919,-73.900375
1533100,Xin & Xuan Grocery Inc.,Convenience Store,7114 13th Ave,Brooklyn,Brooklyn,11228,KINGS,NY,40.62233,-74.005547
1533184,Juniors Gourmet Deli Juice Bar & Smoke Shop Inc.,Convenience Store,1181 Bedford Ave,Brooklyn,Brooklyn,11216,KINGS,NY,40.683094,-73.953697
1533194,Transfiriendo La Vision Corp,Grocery Store,1576 Greene Ave,Brooklyn,Brooklyn,11237,KINGS,NY,40.704166,-73.9133
1533284,Court Deli & Juice Bar Corporation,Convenience Store,145 Court Street,Brooklyn,Brooklyn,11201,KINGS,NY,40.689285,-73.992416
1269082,718 Convenient Store Llc,Convenience Store,123 E Burnside Ave,Bronx,Bronx,10453,BRONX,NY,40.852905,-73.904907
1532300,Golden Lion Food Corp,Convenience Store,13520 Jamaica Ave,Richmond Hill,Queens,11418,QUEENS,NY,40.702332,-73.816971
1128693,7 Eleven Store 36477a,Convenience Store,881 8th Ave,New York,Manhattan,10019,NEW YORK,NY,40.763901,-73.984978
1128346,Care Fast Pharmacy Inc,Other,3771 Nostrand Ave,Brooklyn,Brooklyn,11235,KINGS,NY,40.591915,-73.940186
1656684,290 Family Discount 99cents Plus Llc,Grocery Store,290 E Kingsbridge Rd,Bronx,Bronx,10458,BRONX,NY,40.863075,-73.894279
1601455,A & A Double Discount,Convenience Store,2095 Starling Ave,Bronx,Bronx,10462,BRONX,NY,40.836166,-73.8554
1402196,7-Eleven Inc. 35049K,Convenience Store,2474 Flatbush Ave,Brooklyn,Brooklyn,11234,KINGS,NY,40.609814,-73.923187
1532766,Marino Duarte Jimenez,Specialty Store,3365 Broadway,New York,Manhattan,10031,NEW YORK,NY,40.821045,-73.954727
1532767,Best Way Deli Grocery Corp,Convenience Store,1106 E 216th St,Bronx,Bronx,10469,BRONX,NY,40.877884,-73.852982
1245166,Levy's Bakery 26 Corp,Specialty Store,6379 Saunders St,Rego Park,Queens,11374,QUEENS,NY,40.729118,-73.862274
1532543,Glenmore Ave Deli Corp,Grocery Store,581 Glenmore Ave,Brooklyn,Brooklyn,11207,KINGS,NY,40.67437,-73.888718
1532554,Brooklyn Natural Market V Corp.,Grocery Store,2128 Caton Ave,Brooklyn,Brooklyn,11226,KINGS,NY,40.652752,-73.959595
1532563,116 Discount Inc,Grocery Store,64 E 116th St,New York,Manhattan,10029,NEW YORK,NY,40.799519,-73.944122
1532566,Olive & Garlic Gourmet Market I Inc.,Convenience Store,141 Montague St,Brooklyn,Brooklyn,11201,KINGS,NY,40.694756,-73.993683
1012311,4G Deli Corp,Grocery Store,11316 Sutphin Blvd,Jamaica,Queens,11435,QUEENS,NY,40.686432,-73.794189
1209327,Corona Deli Grocery,Convenience Store,10414 Corona Ave,Corona,Queens,11368,QUEENS,NY,40.743877,-73.858192
1532570,66 Gourmet Grocery Inc,Convenience Store,6608 Beach Channel Dr,Arverne,Queens,11692,QUEENS,NY,40.593014,-73.795555
1305755,Brothers Bronxwood Deli Grocery Corp,Convenience Store,3846 Bronxwood Ave,Bronx,Bronx,10469,BRONX,NY,40.883293,-73.855988
1532578,Life Care Pharmacy,Convenience Store,1337 Nostrand Ave,Brooklyn,Brooklyn,11226,KINGS,NY,40.65448,-73.949806
1532582,2527 Mr Deli Gourmet I Corp.,Convenience Store,2527 Frederick Douglass Blvd,New York,Manhattan,10030,NEW YORK,NY,40.816776,-73.946579
1532589,Jerome Deli Delicious Inc,Convenience Store,1769 Jerome Ave,Bronx,Bronx,10453,BRONX,NY,40.84848,-73.912025
1532850,207 Inc I,Grocery Store,4930A Broadway,New York,Manhattan,10034,NEW YORK,NY,40.867527,-73.921494
1146242,Jamaica Gourmet Deli Inc,Convenience Store,1205 College Ave,Bronx,Bronx,10456,BRONX,NY,40.832817,-73.913399
1225811,Deli 2010,Grocery Store,6052 Myrtle Ave,Ridgewood,Queens,11385,QUEENS,NY,40.700623,-73.896217
1532871,Ridgewood Finest Deli 1 Corp,Convenience Store,6681A Forest Ave,Ridgewood,Queens,11385,QUEENS,NY,40.70509,-73.901939
1441864,Wally Deli & Grocery Inc,Convenience Store,12701 111th Ave,South Ozone Park,Queens,11420,QUEENS,NY,40.682652,-73.814224
1532890,Madina Super Market Inc,Grocery Store,14401 Hillside Ave,Jamaica,Queens,11435,QUEENS,NY,40.705338,-73.811745
1532894,Cilantro Organic Market,Grocery Store,11208 Jamaica Ave,Richmond Hill,Queens,11418,QUEENS,NY,40.697491,-73.836029
1294138,Jd Food Market Corp,Grocery Store,460 Quincy Ave,Bronx,Bronx,10465,BRONX,NY,40.82122,-73.821709
1633806,Doris Fashion Outlet And Variety Store,Other,2128 Jerome Ave,Bronx,Bronx,10453,BRONX,NY,40.855576,-73.905533
1532151,Greenland Market Inc,Convenience Store,137 Stuyvesant Ave,Brooklyn,Brooklyn,11221,KINGS,NY,40.690769,-73.933464
1246555,Red Apple Deli Corp,Other,294 E 204th St,Bronx,Bronx,10467,BRONX,NY,40.873169,-73.878929
1649332,Harlem Gourmet Market Corp,Other,246 E 125th St,New York,Manhattan,10035,NEW YORK,NY,40.80291,-73.934326
1154781,98-02 Superior Deli Corp,Convenience Store,9802 Astoria Blvd,East Elmhurst,Queens,11369,QUEENS,NY,40.762184,-73.871124
975919,1388 Deli Grocery Inc,Convenience Store,1388 1st Ave,New York,Manhattan,10021,NEW YORK,NY,40.769169,-73.954781
1532679,Healthy Shack Deli Grocery Corp.,Convenience Store,1086 Southern Blvd,Bronx,Bronx,10459,BRONX,NY,40.825867,-73.891724
1254975,Northern Deli & Grocery Corp.,Convenience Store,10102 Northern Blvd,Corona,Queens,11368,QUEENS,NY,40.757301,-73.86731
1181426,Banderas Food Corp,Convenience Store,388 Central Ave,Brooklyn,Brooklyn,11221,KINGS,NY,40.693954,-73.917953
1532231,King Sweet Deli Grocery Inc.,Convenience Store,6309 Avenue N,Brooklyn,Brooklyn,11234,KINGS,NY,40.619709,-73.91684
833179,160 Crescent Deli & Grosery Corp.,Convenience Store,160 Crescent St,Brooklyn,Brooklyn,11208,KINGS,NY,40.685513,-73.872894
1100326,163 King Deli Inc,Convenience Store,3240 3rd Ave,Bronx,Bronx,10451,BRONX,NY,40.82386,-73.908775
1532246,526 S & M Deli Grocery Corp.,Convenience Store,526 E 183rd St,Bronx,Bronx,10458,BRONX,NY,40.854618,-73.891945
1063069,Adam's Deli On The Corner Corp,Grocery Store,525 Kings Hwy,Brooklyn,Brooklyn,11223,KINGS,NY,40.604595,-73.969902
1045335,Nafaya Food Service Corp,Grocery Store,1657 Bedford Ave,Brooklyn,Brooklyn,11225,KINGS,NY,40.6661,-73.956696
1151964,Bowen & Darren Deli & Grocery Corp,Grocery Store,5424 7th Ave,Brooklyn,Brooklyn,11220,KINGS,NY,40.639721,-74.008774
1582258,La Placita-fulton Corp,Grocery Store,2810 Fulton St,Brooklyn,Brooklyn,11207,KINGS,NY,40.678001,-73.890961
989658,20 North 5th Street Deli Inc,Convenience Store,20 N 5th St,Brooklyn,Brooklyn,11211,KINGS,NY,40.715401,-73.956787
986408,7-Eleven Store 22101G,Convenience Store,202-15 Northern Blvd,Bayside,Queens,11361,QUEENS,NY,40.757839,-73.780731
1242055,Abdou Kings Deli Inc,Convenience Store,2407 Frederick Douglass Blvd,New York,Manhattan,10027,NEW YORK,NY,40.812683,-73.949371
1166643,Express Deli,Convenience Store,1119 Herkimer St,Brooklyn,Brooklyn,11233,KINGS,NY,40.677868,-73.916512
1204280,104 Candy Corp,Grocery Store,8691 104th St,Richmond Hill,Queens,11418,QUEENS,NY,40.695084,-73.843361
1289893,Rocky Deli & Grill Inc,Convenience Store,721 Fulton St,Brooklyn,Brooklyn,11217,KINGS,NY,40.687252,-73.976418
1184907,86th Street Grocery & Snacks Inc.,Grocery Store,2176 86th St,Brooklyn,Brooklyn,11214,KINGS,NY,40.602097,-73.994164
1005606,Bonoful Grocery Inc,Grocery Store,7 E 182nd St,Bronx,Bronx,10453,BRONX,NY,40.857212,-73.904099
1247299,Lo Maximo Deli Grocery Llc,Grocery Store,710 Beck St,Bronx,Bronx,10455,BRONX,NY,40.815105,-73.899994
1122270,Angel Deli Food Corp,Grocery Store,713 Decatur St,Brooklyn,Brooklyn,11233,KINGS,NY,40.683617,-73.914787
939550,1517 New Bani Grocery Inc,Convenience Store,1517 Lexington Ave,New York,Manhattan,10029,NEW YORK,NY,40.787037,-73.949921
1533359,Candy Shop 93 Inc,Convenience Store,9305 3rd Ave,Brooklyn,Brooklyn,11209,KINGS,NY,40.61858,-74.03289
1647289,Fatima Halal Meat & Grocery,Convenience Store,1231 Flatbush Ave,Brooklyn,Brooklyn,11226,KINGS,NY,40.640228,-73.955139
949665,180 Pena Grocery,Grocery Store,180 W 167th St,Bronx,Bronx,10452,BRONX,NY,40.837807,-73.927704
1242659,Food U Desire 2 Corp.-dba Food U Desire,Convenience Store,423 7th Ave,Brooklyn,Brooklyn,11215,KINGS,NY,40.663719,-73.984039
1584449,Pueblo Magico Grocery 3,Grocery Store,1942 Amsterdam Ave,New York,Manhattan,10032,NEW YORK,NY,40.832405,-73.942604
1282049,Chap A Nosh Of Brooklyn 1,Specialty Store,1424 Elm Ave,Brooklyn,Brooklyn,11230,KINGS,NY,40.617489,-73.960602
1152779,Sutphin Crown Convenience Store Inc,Convenience Store,10914 Sutphin Blvd,Jamaica,Queens,11435,QUEENS,NY,40.691463,-73.798103
993707,J & Sons Bakery Corp,Specialty Store,1124 Avenue J,Brooklyn,Brooklyn,11230,KINGS,NY,40.624832,-73.964279
1186737,Mr. Grill Deli Grocery Corp,Convenience Store,1431 Prospect Ave,Bronx,Bronx,10456,BRONX,NY,40.833679,-73.896652
1174035,Montero 's Deli Mini Market Corp,Grocery Store,4118 Junction Blvd,Corona,Queens,11368,QUEENS,NY,40.747078,-73.868484
809806,2806 A & J Deli & Grocery Inc,Grocery Store,2806 Frederick Douglass Blvd,New York,Manhattan,10039,NEW YORK,NY,40.825546,-73.93972
700014,MS FOOD CENTER CORP,Grocery Store,4421 16th Ave,Brooklyn,Brooklyn,11204,KINGS,NY,40.633682,-73.982658
1008371,Abounaji Deli & Grocery Inc,Convenience Store,87 Victory Blvd,Staten Island,Staten Island,10301,RICHMOND,NY,40.63802,-74.07959
1114571,Mahbub Deli and Market,Convenience Store,6523 20th Ave,Brooklyn,Brooklyn,11204,KINGS,NY,40.615936,-73.986275
1007267,Glenoaks Deli & Grocery Inc,Convenience Store,25301 Union Tpke,Glen Oaks,Queens,11004,QUEENS,NY,40.744331,-73.717201
1244746,Sunny Baby Grocery Corp,Convenience Store,5616 Woodside Ave,Woodside,Queens,11377,QUEENS,NY,40.745899,-73.907593
913366,ORGANIC SPICES & HALAL SUPPLY CORP,Grocery Store,1030 Coney Island Ave,Brooklyn,Brooklyn,11230,KINGS,NY,40.632519,-73.966866
1032266,First Top Food Inc.,Grocery Store,22 1/2 Catherine St,New York,Manhattan,10038,NEW YORK,NY,40.712967,-73.9972
1503142,El Catrin Mexican Grocery,Grocery Store,508 Willis Ave,Bronx,Bronx,10455,BRONX,NY,40.815208,-73.918213
1273261,Neighborhood Deli & Grocery Ny Inc.,Convenience Store,150 Stanton St,New York,Manhattan,10002,NEW YORK,NY,40.720566,-73.985474
911955,John & Dave Wholesale Bagels Inc.,Convenience Store,6201 18th Ave,Brooklyn,Brooklyn,11204,KINGS,NY,40.620747,-73.988503
1210253,Prince Broadway Deli Corp,Convenience Store,1432 Broadway,Brooklyn,Brooklyn,11221,KINGS,NY,40.688141,-73.919739
1218414,Jenny Food Corp,Grocery Store,2026 7th Ave,New York,Manhattan,10027,NEW YORK,NY,40.80666,-73.950188
1658350,Willis Grocery And Deli Corp,Convenience Store,408 E 138th St,Bronx,Bronx,10454,BRONX,NY,40.808876,-73.922714
1304554,Pratt Gourmet & Deli Corp,Convenience Store,551 Myrtle Ave,Brooklyn,Brooklyn,11205,KINGS,NY,40.693909,-73.962051
984486,288 Sams Deli Inc,Convenience Store,288 Avenue U,Brooklyn,Brooklyn,11223,KINGS,NY,40.596832,-73.973465
1019113,Sonny's 10th Avenue Meat Market,Other,758 10th Ave,New York,Manhattan,10019,NEW YORK,NY,40.765671,-73.991035
1260193,Dimarco's Butcher Shoppe LLC,Other,6603 Myrtle Ave,Glendale,Queens,11385,QUEENS,NY,40.701359,-73.888176
1287616,Rrr Deli Grocery Corp,Convenience Store,60 E 55th St,Brooklyn,Brooklyn,11203,KINGS,NY,40.656799,-73.926155
1263351,Lang Feng Trading Inc.,Other,6323 8th Ave,Brooklyn,Brooklyn,11220,KINGS,NY,40.633511,-74.011543
1575643,Second Ave Candy & Grocery Corp,Convenience Store,2351 2nd Ave,New York,Manhattan,10035,NEW YORK,NY,40.799988,-73.935822
918811,91-08 STATION DELI CORP,Grocery Store,9108 Sutphin Blvd,Jamaica,Queens,11435,QUEENS,NY,40.700912,-73.807854
866900,A.B. International Market Inc,Grocery Store,2235 Jerome Ave,Bronx,Bronx,10453,BRONX,NY,40.857643,-73.904564
1103821,Apna Sohna Bazaar Queens Inc,Grocery Store,11710 Rockaway Blvd,South Ozone Park,Queens,11420,QUEENS,NY,40.676208,-73.820595
1295193,La Parada Latina Food Corp,Grocery Store,3822 3rd Ave,Bronx,Bronx,10457,BRONX,NY,40.837849,-73.90126
1282837,340 Pennsylvania Food Corp/Shop Fair,Grocery Store,340 Pennsylvania Ave,Brooklyn,Brooklyn,11207,KINGS,NY,40.669209,-73.895386
1264039,Wing Fat Company Inc,Grocery Store,158 Hester St,New York,Manhattan,10013,NEW YORK,NY,40.717697,-73.996864
1042930,Greenbay Marketplace Inc. 0,Other,3206 Broadway,Astoria,Queens,11106,QUEENS,NY,40.761395,-73.924423
1267384,Tai Lee Group Llc,Other,11 Bowery,New York,Manhattan,10002,NEW YORK,NY,40.714584,-73.996849
1255700,Nelly's Deli Grocery Corp.,Grocery Store,1240 Spofford Ave,Bronx,Bronx,10474,BRONX,NY,40.814049,-73.889359
988702,L&b Distributors Inc.,Specialty Store,122 Avenue O,Brooklyn,Brooklyn,11204,KINGS,NY,40.610477,-73.980499
999595,Pelham Deli Inc,Convenience Store,3026 Buhre Ave,Bronx,Bronx,10461,BRONX,NY,40.847393,-73.831169
1263820,New Express Deli Inc,Convenience Store,4720 47th Ave,Woodside,Queens,11377,QUEENS,NY,40.740932,-73.917404
967770,Paulino Deli Grocery Corp,Grocery Store,798 Hunts Point Ave,Bronx,Bronx,10474,BRONX,NY,40.81654,-73.887657
904797,FU CHUN SUPERMARKET INC,Grocery Store,5114 8th Ave,Brooklyn,Brooklyn,11220,KINGS,NY,40.64027,-74.004631
1222029,A & G Deli Grocery II Corp,Convenience Store,976 Prospect Ave,Bronx,Bronx,10459,BRONX,NY,40.823345,-73.900063
1302962,Jimmy's Deli Inc I/ Metro Parkslope Gourmet,Grocery Store,239 9th St,Brooklyn,Brooklyn,11215,KINGS,NY,40.670589,-73.988831
1269099,Guzman Food Center Corp,Grocery Store,11837 Guy r Brewer Blvd,Jamaica,Queens,11434,QUEENS,NY,40.682686,-73.782043
1278280,Hava Nagila R Us Corp,Grocery Store,1724 Avenue M,Brooklyn,Brooklyn,11230,KINGS,NY,40.618275,-73.957321
1136724,555 Alcibiades Deli Corp,Convenience Store,555 E 169th St,Bronx,Bronx,10456,BRONX,NY,40.832508,-73.904045
1044577,My City Deli Corp,Convenience Store,8449 164th St,Jamaica,Queens,11432,QUEENS,NY,40.712631,-73.801285
1228766,Pomegranat Deli Inc,Convenience Store,1064 Broadway,Brooklyn,Brooklyn,11221,KINGS,NY,40.694729,-73.931473
1566768,Jason Deli & Grocery Corp,Convenience Store,218 W Tremont Ave,Bronx,Bronx,10453,BRONX,NY,40.851974,-73.917374
1552969,El Conuquito 3432 Corp,Grocery Store,3432 Fulton St,Brooklyn,Brooklyn,11208,KINGS,NY,40.684444,-73.869026
1286689,Refresh,Specialty Store,5510 16th Ave,Brooklyn,Brooklyn,11204,KINGS,NY,40.627441,-73.989281
1293957,Brighton Finest Gourmet Deli Corp,Grocery Store,291 Brighton Beach Ave,Brooklyn,Brooklyn,11235,KINGS,NY,40.577026,-73.96434
1111645,180 Express Deli Corp,Convenience Store,906 E 180th St,Bronx,Bronx,10460,BRONX,NY,40.844856,-73.882233
1304023,101 Deli Ny Inc,Convenience Store,12022 101st Ave,South Richmond Hill,Queens,11419,QUEENS,NY,40.690392,-73.824028
1262342,Nassau Meat Market Inc.,Grocery Store,915 Manhattan Ave,Brooklyn,Brooklyn,11222,KINGS,NY,40.730633,-73.954369
1575458,Aa Deli & Grill Inc,Convenience Store,839C Prospect Ave,Bronx,Bronx,10459,BRONX,NY,40.819832,-73.901772
1565377,Kat's New York Deli Corp,Convenience Store,416 Lewis Ave,Brooklyn,Brooklyn,11233,KINGS,NY,40.681171,-73.934837
841950,Bay Ridge Avenue Deli & Grocery Corp,Grocery Store,117 Bay Ridge Ave,Brooklyn,Brooklyn,11220,KINGS,NY,40.637447,-74.031471
742596,New Harlem Halal Meat,Grocery Store,2142 Frederick Douglass Blvd,New York,Manhattan,10026,NEW YORK,NY,40.804192,-73.955498
1289971,Sal's Gourmet Market Inc./Kiwi Food Market,Grocery Store,1741 Fulton St,Brooklyn,Brooklyn,11233,KINGS,NY,40.679615,-73.929344
981792,7-eleven 19880D,Convenience Store,103 Lincoln Ave,Staten Island,Staten Island,10306,RICHMOND,NY,40.579964,-74.109032
1171190,Deli Grocery Montefu Corp,Convenience Store,215 E Gun Hill Rd,Bronx,Bronx,10467,BRONX,NY,40.880478,-73.877182
1173946,AAA Pharmacy And Medical Supply Inc,Convenience Store,1926 Kings Hwy,Brooklyn,Brooklyn,11229,KINGS,NY,40.610504,-73.953896
1165030,Lighthouse Fish Market Inc,Convenience Store,2451 Frederick Douglass Blvd,New York,Manhattan,10027,NEW YORK,NY,40.814167,-73.948288
1567639,Soliman's Grocery Corp,Convenience Store,129 E 45th St,New York,Manhattan,10017,NEW YORK,NY,40.753365,-73.974358
1562733,Star 6 Ave Deli Grocery Inc,Convenience Store,133 6th Ave,Brooklyn,Brooklyn,11217,KINGS,NY,40.678116,-73.975998
1120430,G & G Grocery Store Inc.,Convenience Store,8707 Grand Ave,Elmhurst,Queens,11373,QUEENS,NY,40.736469,-73.878365
1590060,Mimi Ecowas Grocery Store,Grocery Store,10761 Sutphin Blvd,Jamaica,Queens,11435,QUEENS,NY,40.69323,-73.799416
1597074,Sutphin Bangla Bazar Corp,Grocery Store,107-57 Sutphin Blvd,Jamaica,Queens,11435,QUEENS,NY,40.693314,-73.799507
1249906,72 Lucky Lotto Inc,Convenience Store,7201 3rd Ave,Brooklyn,Brooklyn,11209,KINGS,NY,40.633419,-74.026962
1579013,Corner Town Deli N Grill Inc,Convenience Store,563 Coney Island Ave,Brooklyn,Brooklyn,11218,KINGS,NY,40.643517,-73.969818
1264973,Musa Gourmet Deli Corp,Convenience Store,1211 Jerome Ave,Bronx,Bronx,10452,BRONX,NY,40.835968,-73.922623
946429,Malcolm X Shop Smart Corp,Convenience Store,297 Malcolm X Blvd,Brooklyn,Brooklyn,11233,KINGS,NY,40.681877,-73.928703
1557935,Bedford Flaming Grill Inc.,Convenience Store,2423 Avenue U,Brooklyn,Brooklyn,11229,KINGS,NY,40.600021,-73.946831
1563373,Sama Paradise Market,Grocery Store,3840 White Plains Rd,Bronx,Bronx,10467,BRONX,NY,40.884747,-73.861961
1556779,The Port Market Corp.,Grocery Store,210 Port Richmond Ave,Staten Island,Staten Island,10302,RICHMOND,NY,40.636147,-74.134842
1564352,Big Lou 2 Grocery & Deli Corp.,Convenience Store,15321 Rockaway Blvd,Jamaica,Queens,11434,QUEENS,NY,40.670082,-73.782921
1284002,Park's Seafood & Fish Market Inc,Specialty Store,2422 149th St,Whitestone,Queens,11357,QUEENS,NY,40.776764,-73.817635
1534646,New Town Deli And Grill Corp,Convenience Store,354 Kings Hwy,Brooklyn,Brooklyn,11223,KINGS,NY,40.604675,-73.977234
1209696,Amigo Produce Corp.,Other,3842 9th Ave,New York,Manhattan,10034,NEW YORK,NY,40.862827,-73.917885
1579031,Salcedo Deli & Grocery Corp,Convenience Store,2002 Ellis Ave,Bronx,Bronx,10472,BRONX,NY,40.831776,-73.857025
1534782,76 Cibo Corp,Convenience Store,76 W Brighton Ave,Brooklyn,Brooklyn,11224,KINGS,NY,40.576401,-73.971382
1215120,Zerega Bazar Halal Meat And Grocery,Grocery Store,2409 Westchester Ave,Bronx,Bronx,10461,BRONX,NY,40.837296,-73.8461
1014494,AK Gourmet Market Corp DBA Stop 1 Deli,Grocery Store,201 Madison St,New York,Manhattan,10002,NEW YORK,NY,40.712788,-73.989838
1250090,Cypress Gourmet Deli,Convenience Store,268 Cypress Ave,Bronx,Bronx,10454,BRONX,NY,40.806118,-73.914009
1573091,Brothers Grocery & Convenience Inc,Convenience Store,271 E 161st St,Bronx,Bronx,10451,BRONX,NY,40.825565,-73.918381
1656477,Brother's Deli & Mini Market Corp.,Convenience Store,35-59 99th St,Corona,Queens,11368,QUEENS,NY,40.752422,-73.868111
1533967,bp ampm 20951,Convenience Store,21801 Northern Blvd,Bayside,Queens,11361,QUEENS,NY,40.761295,-73.76371
1272867,Ricky Fruits Vegetable & More,Specialty Store,3804 Broadway,New York,Manhattan,10032,NEW YORK,NY,40.834812,-73.944168
972798,Nadal 3 Deli Convenience Inc,Convenience Store,888 Grand Concourse,Bronx,Bronx,10451,BRONX,NY,40.826454,-73.922585
1533753,Jubilee Market Place On West,Other,145 West St,Brooklyn,Brooklyn,11222,KINGS,NY,40.731964,-73.959686
1533898,Jairo Y Anthony Grocery Deli Inc,Convenience Store,2236 Amsterdam Ave,New York,Manhattan,10032,NEW YORK,NY,40.841934,-73.935631
1533902,J & P Grocery Food Center Corp,Convenience Store,2015 New Haven Ave,Far Rockaway,Queens,11691,QUEENS,NY,40.600708,-73.754326
1658329,Navo Food Corp,Convenience Store,159 Rogers Ave,Brooklyn,Brooklyn,11216,KINGS,NY,40.671993,-73.95295
1645563,La Basica 108,Convenience Store,4919 108th St,Corona,Queens,11368,QUEENS,NY,40.744766,-73.855515
1533993,bp ampm 48441,Convenience Store,1705 Richmond Ave,Staten Island,Staten Island,10314,RICHMOND,NY,40.606812,-74.161667
1038583,Ibakery Inc,Other,5920 8th Ave,Brooklyn,Brooklyn,11220,KINGS,NY,40.6357,-74.009369
1534288,S & A Gourmet Deli Corporation,Convenience Store,240 8th Ave,New York,Manhattan,10011,NEW YORK,NY,40.744759,-73.998665
1534008,CVS Pharmacy CVS11384,Other,217 Broadway,New York,Manhattan,10007,NEW YORK,NY,40.711651,-74.008614
1182103,Central Caribbean Bakery,Specialty Store,1322 E Gun Hill Rd,Bronx,Bronx,10469,BRONX,NY,40.871048,-73.847694
1567182,Castle Hill Deals Inc.,Convenience Store,650 Castle Hill Ave,Bronx,Bronx,10473,BRONX,NY,40.819916,-73.847862
1534321,Forest Polish Deli And Grocery Incorporated,Convenience Store,5849 69th Ave,Ridgewood,Queens,11385,QUEENS,NY,40.701836,-73.900864
1533489,579 Bread And Butter Corp.,Convenience Store,579 Main St,New York,Manhattan,10044,NEW YORK,NY,40.762634,-73.949509
1242168,Ave. L Superette Inc.,Convenience Store,8821 Avenue L,Brooklyn,Brooklyn,11236,KINGS,NY,40.634727,-73.901459
1534367,Seaview Deli At 2124 Corp.,Convenience Store,2124 Rockaway Pkwy,Brooklyn,Brooklyn,11236,KINGS,NY,40.631474,-73.887672
1619814,Xinxin Grocery 1 Inc,Convenience Store,41-86 Bowne Street,Flushing,Queens,11355,QUEENS,NY,40.757347,-73.822456
1534380,Nunu Ethiopian Traditional Coffee Clothing & Produ,Other,2100 Amsterdam Ave,New York,Manhattan,10032,NEW YORK,NY,40.837414,-73.938942
1534085,Our Village Bakery & Restaurant Corp,Convenience Store,12325 Jamaica Ave,Richmond Hill,Queens,11418,QUEENS,NY,40.700909,-73.826515
1582137,P & P Meat Market Inc,Grocery Store,90 W 165th St,Bronx,Bronx,10452,BRONX,NY,40.834045,-73.927734
1534190,Tropical Food Center,Convenience Store,69 Victory Blvd,Staten Island,Staten Island,10301,RICHMOND,NY,40.638378,-74.078354
1066112,Mt Eden Grocery Corp. 1,Convenience Store,5 E Mount Eden Ave,Bronx,Bronx,10452,BRONX,NY,40.844349,-73.914474
1534385,Gnn Deli Corp,Convenience Store,1133 Brighton Beach Ave,Brooklyn,Brooklyn,11235,KINGS,NY,40.577843,-73.955757
1266178,Rosita Mexicana,Convenience Store,61-04 37th Avenue,Woodside,Queens,11377,QUEENS,NY,40.749382,-73.90139
1534418,Satmar Meat,Specialty Store,823 Bedford Ave,Brooklyn,Brooklyn,11205,KINGS,NY,40.695728,-73.956207
1288055,Euro Food Market Max,Grocery Store,6855 Forest Avenue,Ridgewood,Queens,11385,QUEENS,NY,40.702335,-73.900871
1585720,Alekwan Corp,Specialty Store,774 3rd Ave,Brooklyn,Brooklyn,11232,KINGS,NY,40.661194,-74.000977
1119291,Papa Firo Grocery Corp.,Grocery Store,109 3rd Ave,Brooklyn,Brooklyn,11217,KINGS,NY,40.682873,-73.982338
1579352,La Flota Deli Bk Corp,Convenience Store,1018 Belmont Ave,Brooklyn,Brooklyn,11208,KINGS,NY,40.67408,-73.871361
1576505,21st Street Marketplace Inc,Grocery Store,2816 21st St,Astoria,Queens,11102,QUEENS,NY,40.770794,-73.927322
1187679,Southside Grocery Corp,Convenience Store,163 S 4th St,Brooklyn,Brooklyn,11211,KINGS,NY,40.711456,-73.961655
1266103,Halal Deli Mart,Convenience Store,1475 West Ave,Bronx,Bronx,10462,BRONX,NY,40.836563,-73.86161
1534507,108 Street Deli & Grocery Inc,Convenience Store,3601 108th St,Corona,Queens,11368,QUEENS,NY,40.754578,-73.860245
1266315,La Estrellita Mexican Grocery Inc,Grocery Store,213 E 198th St,Bronx,Bronx,10458,BRONX,NY,40.869793,-73.890144
1113839,Avner Kosher Fish Market Inc.,Specialty Store,521 Kings Hwy,Brooklyn,Brooklyn,11223,KINGS,NY,40.604439,-73.970276
924690,Irinas Food Inc,Grocery Store,582 Midland Ave,Staten Island,Staten Island,10306,RICHMOND,NY,40.572132,-74.093018
929237,7-Eleven 1123,Convenience Store,1381 Atlantic Ave,Brooklyn,Brooklyn,11216,KINGS,NY,40.678318,-73.944298
1059507,DK Fish Market Inc,Specialty Store,2921 Glenwood Road,Brooklyn,Brooklyn,11210,KINGS,NY,40.634007,-73.948044
908506,Gourmet Boutique of NY LLC,Other,3688 Nostrand Ave,Brooklyn,Brooklyn,11229,KINGS,NY,40.594059,-73.940857
939532,4158 Meat Market Inc,Grocery Store,4158 White Plains Rd,Bronx,Bronx,10466,BRONX,NY,40.892323,-73.857758
1199240,Old Fashion Butcher Shop,Specialty Store,2350 Steinway St,Astoria,Queens,11105,QUEENS,NY,40.77002,-73.909569
1018665,23rd St General Market & Deli Corp,Convenience Store,713 4th Ave,Brooklyn,Brooklyn,11232,KINGS,NY,40.661667,-73.996651
1220194,Jamaica Poultry Corp,Specialty Store,20712 Jamaica Ave,Queens Village,Queens,11428,QUEENS,NY,40.714252,-73.752533
1026423,City Plaza Meat II Corp,Grocery Store,592 Sutter Ave,Brooklyn,Brooklyn,11207,KINGS,NY,40.66909,-73.896423
1093579,Segundo Juncal Enterprises Corp,Convenience Store,4810 69th St,Woodside,Queens,11377,QUEENS,NY,40.737976,-73.896095
1041886,7-Eleven 35314A 35314A,Convenience Store,5092 Northern Blvd,Long Island City,Queens,11101,QUEENS,NY,40.752647,-73.91082
1104815,Jes Fish & Seafood Corp,Specialty Store,4224 Avenue D,Brooklyn,Brooklyn,11203,KINGS,NY,40.641682,-73.936241
1097384,Met Food,Grocery Store,8210 5th Ave,Brooklyn,Brooklyn,11209,KINGS,NY,40.624157,-74.024994
990840,94 St Grocery Corp,Convenience Store,3562 94th St,Jackson Heights,Queens,11372,QUEENS,NY,40.751129,-73.873322
1210434,Bushwick Deli Corp.,Grocery Store,1486 Bushwick Ave,Brooklyn,Brooklyn,11207,KINGS,NY,40.683144,-73.907028
1057910,Chi African Food Market LLC,Other,18713 Linden Blvd,Saint Albans,Queens,11412,QUEENS,NY,40.692131,-73.764954
1254986,Anly & Madaly Deli-grocery Inc,Convenience Store,1365 Findlay Ave,Bronx,Bronx,10456,BRONX,NY,40.836857,-73.909744
1113615,C & T Deli Grocery Store Inc,Convenience Store,2275 Washington Ave,Bronx,Bronx,10457,BRONX,NY,40.855087,-73.893456
1275242,Temal 99 Cent And Up Store,Grocery Store,132-09 120th Ave,Queens,Queens,11420,QUEENS,NY,40.674965,-73.805901
1300638,Carniceria La Chiquita Inc,Grocery Store,11611 Jamaica Ave,Richmond Hill,Queens,11418,QUEENS,NY,40.699318,-73.832916
904654,Los Primos Grocery,Convenience Store,105 Central Ave,Brooklyn,Brooklyn,11206,KINGS,NY,40.700562,-73.929008
1260863,Clasico Grocery Corp,Convenience Store,343 Knickerbocker Ave,Brooklyn,Brooklyn,11237,KINGS,NY,40.700974,-73.922112
977576,New European Market,Grocery Store,810 Morris Park Ave,Bronx,Bronx,10462,BRONX,NY,40.845909,-73.862038
1187773,Webster Ave Gourmet Deli Corp,Convenience Store,375 E 188th St,Bronx,Bronx,10458,BRONX,NY,40.860077,-73.893333
1237777,Ultimate State Deli Corp,Convenience Store,25 3rd Ave,Brooklyn,Brooklyn,11217,KINGS,NY,40.685841,-73.980316
1205145,7 Eleven Store 36950A,Convenience Store,708 Brighton Beach Ave,Brooklyn,Brooklyn,11235,KINGS,NY,40.577808,-73.960426
1554013,Juri Natural Market 3 Corp,Convenience Store,318 Tompkins Ave,Brooklyn,Brooklyn,11216,KINGS,NY,40.686771,-73.944733
1260428,Shraddha 44 Inc,Convenience Store,4402 28th Ave,Astoria,Queens,11103,QUEENS,NY,40.763813,-73.910469
1560045,Lucky Deli Grocery Ii Corp.,Convenience Store,591 Sutter Ave,Brooklyn,Brooklyn,11207,KINGS,NY,40.669231,-73.896988
1188298,Nostrand Houses Pharmacy,Convenience Store,3031 Avenue V,Brooklyn,Brooklyn,11229,KINGS,NY,40.598774,-73.937218
1571581,Maria's Beautiful Arrangements Inc.,Grocery Store,2402 Stillwell Ave,Brooklyn,Brooklyn,11223,KINGS,NY,40.588734,-73.983948
1030371,Tremont Gourmet Deli and Grocery Inc,Convenience Store,851 E Tremont Ave,Bronx,Bronx,10460,BRONX,NY,40.843346,-73.886635
872126,El Manantial Grocery Store Inc,Convenience Store,180 Audubon Ave,New York,Manhattan,10033,NEW YORK,NY,40.844124,-73.935905
1270554,Adum African Market Inc.,Grocery Store,261 E 167th St,Bronx,Bronx,10456,BRONX,NY,40.833469,-73.91452
1276253,Healthy Bites Gourmet Corp,Convenience Store,376 Lafayette Ave,Brooklyn,Brooklyn,11238,KINGS,NY,40.688805,-73.96035
1171751,Long Fa Market Inc.,Grocery Store,4423 8th Ave,Brooklyn,Brooklyn,11220,KINGS,NY,40.64399,-74.000679
1029253,Last Stop Fresh Meat & Fruit Market,Grocery Store,6223 5th Ave,Brooklyn,Brooklyn,11220,KINGS,NY,40.637859,-74.017792
1171351,Mixteca Deli Corp,Grocery Store,3620 13th Ave,Brooklyn,Brooklyn,11218,KINGS,NY,40.641987,-73.985092
1260375,Sims pharmacy,Convenience Store,1711 Pitkin Ave,Brooklyn,Brooklyn,11212,KINGS,NY,40.669838,-73.910004
1303169,Al-zabiha Halal Meat Inc,Specialty Store,26008 Hillside Ave,Glen Oaks,Queens,11004,QUEENS,NY,40.73732,-73.708023
1106174,48 Bodega Inc,Convenience Store,4720A Broadway,Astoria,Queens,11103,QUEENS,NY,40.755943,-73.912827
1106298,Soundview 99 Plus Inc,Convenience Store,253-263 Soundview Avenue,Bronx,Bronx,10473,BRONX,NY,40.811108,-73.856163
1086317,7901 Lucky Market Corp,Convenience Store,7901 37th Ave,Jackson Heights,Queens,11372,QUEENS,NY,40.749527,-73.886635
1033797,Big Time Produce,Grocery Store,1361 Forest Ave,Staten Island,Staten Island,10302,RICHMOND,NY,40.625805,-74.134918
1166571,New Star Fruit Inc,Grocery Store,17 Newkirk Plz,Brooklyn,Brooklyn,11226,KINGS,NY,40.634804,-73.962593
1246981,Gwq Roebling Food Corp/Brooklyn Bodega,Grocery Store,340 Roebling St,Brooklyn,Brooklyn,11211,KINGS,NY,40.708229,-73.961227
1217671,Southern Blvd Farm Corp.,Grocery Store,1700 Southern Blvd,Bronx,Bronx,10460,BRONX,NY,40.836475,-73.888252
1570545,Seaview Super Saving Incorporated,Grocery Store,9738 Seaview Ave,Brooklyn,Brooklyn,11236,KINGS,NY,40.634308,-73.888199
1135951,New Five Star 88 Inc,Convenience Store,6505 14th Ave,Brooklyn,Brooklyn,11219,KINGS,NY,40.624374,-73.999413
941993,La Joya Food Market Corp - Associated,Grocery Store,103 Hegeman Ave,Brooklyn,Brooklyn,11212,KINGS,NY,40.6562,-73.907982
1278690,Food Cart Inc,Grocery Store,675 Coney Island Ave,Brooklyn,Brooklyn,11218,KINGS,NY,40.640961,-73.969261
1585640,Bello's American Corp,Grocery Store,1445 Rockaway Pkwy,Brooklyn,Brooklyn,11236,KINGS,NY,40.644928,-73.901886
799375,NEW BEST FRUIT MARKET INC,Grocery Store,1530 Flatbush Ave,Brooklyn,Brooklyn,11210,KINGS,NY,40.633568,-73.948502
1076715,Sam King Inc.,Specialty Store,23421 Merrick Blvd,Rosedale,Queens,11422,QUEENS,NY,40.674454,-73.735596
1535014,New Heights Foods Corp.,Convenience Store,1705 Dr Martin L King Jr Blvd,Bronx,Bronx,10453,BRONX,NY,40.849335,-73.917358
1156959,216 Sal Deli & Grocery Corp.,Convenience Store,216 Avenue B,New York,Manhattan,10009,NEW YORK,NY,40.72884,-73.978516
1145652,91-06 Green Grocery Inc,Grocery Store,9106 Sutphin Blvd,Jamaica,Queens,11435,QUEENS,NY,40.700981,-73.807877
1205539,Prestige Meat Market,Grocery Store,3715 Nostrand Ave,Brooklyn,Brooklyn,11235,KINGS,NY,40.592949,-73.940376
1643457,SA Gourmet Deli I Corp,Convenience Store,472 Ridgewood Ave,Brooklyn,Brooklyn,11208,KINGS,NY,40.685658,-73.871338
1137802,Af Riverdale Meat Market Corp,Grocery Store,5587 Broadway,Bronx,Bronx,10463,BRONX,NY,40.879318,-73.904739
1278650,Hudson & Charles Uws Inc/Hudson & Charles,Grocery Store,555 Amsterdam Ave,New York,Manhattan,10024,NEW YORK,NY,40.788216,-73.974586
1220894,Corona Live Poultry Market Inc,Specialty Store,10925 46th Ave,Corona,Queens,11368,QUEENS,NY,40.748009,-73.854637
970239,Joe's Gourmet Health Deli Inc - Joe's G-H Deli,Convenience Store,3161 Broadway,New York,Manhattan,10027,NEW YORK,NY,40.814785,-73.959137
1181782,Adam's Deli On The Corner II Corp,Convenience Store,121 Avenue S,Brooklyn,Brooklyn,11223,KINGS,NY,40.600876,-73.981117
1307561,Ohs Mini Market,Convenience Store,227A Nassau Ave,Brooklyn,Brooklyn,11222,KINGS,NY,40.725784,-73.943283
817201,Sanbra African Market,Grocery Store,861 E Tremont Ave,Bronx,Bronx,10460,BRONX,NY,40.843079,-73.886353
1288451,15 Island Deli Grocery Inc.,Convenience Store,15 Corson Ave,Staten Island,Staten Island,10301,RICHMOND,NY,40.638222,-74.079422
939768,Rio Supermarket,Grocery Store,3215 36th Ave,Astoria,Queens,11106,QUEENS,NY,40.755943,-73.928368
1199649,126 Food Corp,Convenience Store,12604 Jamaica Ave,Richmond Hill,Queens,11418,QUEENS,NY,40.701118,-73.824562
1190542,Izzy Grocery Inc,Convenience Store,291 E Gun Hill Rd,Bronx,Bronx,10467,BRONX,NY,40.879272,-73.87468
1535135,Vii Stars Fish Market Inc,Specialty Store,837 Franklin Ave,Brooklyn,Brooklyn,11225,KINGS,NY,40.669632,-73.958183
1257944,Jaiteh Kaba LLC,Grocery Store,1514 Watson Ave,Bronx,Bronx,10472,BRONX,NY,40.82597,-73.878838
1304840,Bombom Deli Grocery Corp,Convenience Store,4760 45th St,Woodside,Queens,11377,QUEENS,NY,40.739559,-73.920494
1535157,Jersey St Convenience Corp,Convenience Store,427 Jersey St,Staten Island,Staten Island,10301,RICHMOND,NY,40.63797,-74.087257
1204597,Don Jose Mexican's Grocery Inc,Grocery Store,216 Saint Anns Ave,Bronx,Bronx,10454,BRONX,NY,40.806423,-73.917717
1277182,Joy's Deli Grocery Ii Corp,Grocery Store,1481 Westchester Ave,Bronx,Bronx,10472,BRONX,NY,40.82848,-73.880882
893395,Steinbergs Bakery,Specialty Store,153 Clymer St,Brooklyn,Brooklyn,11211,KINGS,NY,40.706772,-73.963501
1611809,El Barrio Deli Superette,Grocery Store,1858 Lexington Ave,New York,Manhattan,10029,NEW YORK,NY,40.7981,-73.942177
1611795,Moynamati Supermarket Corporation,Grocery Store,2755 Pitkin Ave,Brooklyn,Brooklyn,11208,KINGS,NY,40.675747,-73.870468
1535230,Gng European Grocery Inc.,Convenience Store,1005 Mace Ave,Bronx,Bronx,10469,BRONX,NY,40.863178,-73.858513
1534923,Arw Deli Grocery Corp,Convenience Store,165 Lincoln Ave,Bronx,Bronx,10454,BRONX,NY,40.80925,-73.92865
939602,Don Panchito Meat Market Inc,Grocery Store,114 Victory Blvd,Staten Island,Staten Island,10301,RICHMOND,NY,40.637413,-74.080193
1610645,Mm Grocery And Convenience Inc,Other,94 Victory Blvd,Staten Island,Staten Island,10301,RICHMOND,NY,40.637737,-74.079636
1005507,Mediterranean Foods,Grocery Store,19615 Northern Blvd,Flushing,Queens,11358,QUEENS,NY,40.758007,-73.785278
1049521,7-Eleven Store 21826G,Convenience Store,8164 Lefferts Blvd,Kew Gardens,Queens,11415,QUEENS,NY,40.707882,-73.831009
1282750,West 10 Grocery Inc,Convenience Store,97 Avenue S,Brooklyn,Brooklyn,11223,KINGS,NY,40.60088,-73.98204
958883,Hermanos Acosta Food Corp,Convenience Store,166 Manhattan Ave,Brooklyn,Brooklyn,11206,KINGS,NY,40.708534,-73.944817
1279648,Kim's Fish Market,Specialty Store,1049 Nostrand Ave,Brooklyn,Brooklyn,11225,KINGS,NY,40.662685,-73.950783
1123054,Weingarten Brothers Fish Store,Specialty Store,175 Lee Ave,Brooklyn,Brooklyn,11211,KINGS,NY,40.702652,-73.956482
1134685,Broadway Stop N Go Grocery Inc.,Convenience Store,5311 Broadway,Woodside,Queens,11377,QUEENS,NY,40.753582,-73.907227
1610611,El Novillo Meat #3,Grocery Store,3381 Fulton St,Brooklyn,Brooklyn,11208,KINGS,NY,40.684162,-73.870827
1235038,Rockaway Gourmet & Grocery Corp.,Convenience Store,9627 Farragut Rd,Brooklyn,Brooklyn,11236,KINGS,NY,40.646557,-73.904144
1185448,Flushing Halal Meat Market Inc,Other,4337 Main St,Flushing,Queens,11355,QUEENS,NY,40.75153,-73.826042
1280092,Whitestone Enterprises I Inc.,Convenience Store,117-01 Springfield Blvd.,Cambria Heights,Queens,11411,QUEENS,NY,40.69614,-73.74353
1272241,1 Gourmet Deli 65,Convenience Store,6542 Woodside Ave,Woodside,Queens,11377,QUEENS,NY,40.743221,-73.898582
1190003,Mercedes Grocery Corp,Convenience Store,5 W Mosholu Pkwy N,Bronx,Bronx,10467,BRONX,NY,40.880646,-73.883896
1016334,Josmar Mini Market Corp,Grocery Store,775 E 149th St,Bronx,Bronx,10455,BRONX,NY,40.813046,-73.907379
1289883,Billy's Marketplace,Grocery Store,870 Cypress Ave,Ridgewood,Queens,11385,QUEENS,NY,40.699341,-73.905067
1111337,A & H Mini Market Corp,Grocery Store,323 Ralph Ave,Brooklyn,Brooklyn,11233,KINGS,NY,40.677986,-73.921577
1173153,El Conuquito Corp,Grocery Store,2946 Fulton St,Brooklyn,Brooklyn,11207,KINGS,NY,40.679485,-73.886032
1140649,Asian Supermarket And Halal Meat Inc,Grocery Store,2757 Pitkin Ave,Brooklyn,Brooklyn,11208,KINGS,NY,40.675758,-73.870384
1185367,La Autentica Nueva Palma Meat Market Corp,Grocery Store,3329 Fulton St,Brooklyn,Brooklyn,11208,KINGS,NY,40.683487,-73.872803
1217379,Dom Grocery Corp,Grocery Store,2911 Fulton St,Brooklyn,Brooklyn,11207,KINGS,NY,40.67923,-73.887192
1578965,Bj's Grocery And Deli,Convenience Store,8602 101st Ave,Ozone Park,Queens,11416,QUEENS,NY,40.682014,-73.853493
1092007,Elnile Meat Market Inc - Al-Noor Halal Meat & Groc,Grocery Store,2502 Steinway St,Astoria,Queens,11103,QUEENS,NY,40.768009,-73.91198
1308395,Adrian Grocery Store Inc,Convenience Store,51 E 183rd St,Bronx,Bronx,10453,BRONX,NY,40.858448,-73.902611
1583683,The Ocean Deli & Grill Corp I,Convenience Store,1925 Church Ave,Brooklyn,Brooklyn,11226,KINGS,NY,40.650116,-73.961472
1652300,Carniceria Los Primos Inc.,Grocery Store,5611 Catalpa Ave,Ridgewood,Queens,11385,QUEENS,NY,40.700554,-73.904739
1656245,Bringing Bodegas Back,Convenience Store,6402 Myrtle Ave,Glendale,Queens,11385,QUEENS,NY,40.700878,-73.892311
1652391,Tasty Bite Deli & Grill 1 Corp,Convenience Store,7422 Jamaica Ave,Woodhaven,Queens,11421,QUEENS,NY,40.691212,-73.867172
1585253,Middle Village Fish Market Inc,Specialty Store,7557 Metropolitan Ave,Middle Village,Queens,11379,QUEENS,NY,40.71323,-73.875488
1577367,Kaba Food Market Inc,Grocery Store,148-19 Hillside Ave,Jamaica,Queens,11435,QUEENS,NY,40.706333,-73.80825
1535385,La Bodega Food Corp,Convenience Store,11427 135th Ave,South Ozone Park,Queens,11420,QUEENS,NY,40.671474,-73.825294
1535401,Alfred Deli Grocery Corp.,Convenience Store,1849 Anthony Ave,Bronx,Bronx,10457,BRONX,NY,40.847515,-73.903831
1249829,64 Fulton St Food Corp,Convenience Store,64 Fulton St,New York,Manhattan,10038,NEW YORK,NY,40.70882,-74.005173
1535407,Deli Cafe & Juice Bar Ny Corporation,Convenience Store,1720 Sheepshead Bay Rd,Brooklyn,Brooklyn,11235,KINGS,NY,40.585575,-73.951767
1036095,New Zhong Hua Market Inc.,Specialty Store,5709 8th Ave,Brooklyn,Brooklyn,11220,KINGS,NY,40.636909,-74.008018
1654192,U Turn Organic Deli Corp,Convenience Store,951 Wyckoff Ave,Ridgewood,Queens,11385,QUEENS,NY,40.696758,-73.905922
1535450,Sisi Family Deli Corp,Grocery Store,531 E Tremont Ave,Bronx,Bronx,10457,BRONX,NY,40.846752,-73.895966
1282916,Narciso Fruits & Vegetables,Other,1040 Grand Concourse,Bronx,Bronx,10456,BRONX,NY,40.8311,-73.919983
1076102,Highline Deli Ii Corp,Convenience Store,83 Canal St,New York,Manhattan,10002,NEW YORK,NY,40.715389,-73.993103
1036632,Al-Haqq Pharmacy,Other,7507 101st Ave,Ozone Park,Queens,11416,QUEENS,NY,40.679726,-73.862213
1658114,Bronx Fresh Deli Corp.,Convenience Store,1307 Boston Rd,Bronx,Bronx,10456,BRONX,NY,40.831497,-73.900101
1648247,Wyckoff Convenience Store Inc,Convenience Store,919 Wyckoff Ave,Ridgewood,Queens,11385,QUEENS,NY,40.696888,-73.906143
1173130,Gr 109 Grocery Corp /Pioneer Supermarket,Grocery Store,10209 Northern Blvd,Corona,Queens,11368,QUEENS,NY,40.757618,-73.866127
915226,Khaim's Kosher Meat Store Inc,Specialty Store,6360 Saunders St,Rego Park,Queens,11374,QUEENS,NY,40.729313,-73.863159
1270715,My Deli Store Candy 2 & Grocery Corp,Convenience Store,1201 Castle Hill Ave,Bronx,Bronx,10462,BRONX,NY,40.832104,-73.851128
1615125,7 Expressway Deli & Grill,Grocery Store,10868 Roosevelt Ave,Corona,Queens,11368,QUEENS,NY,40.751335,-73.856178
1195114,Bayparkway Food Inc,Other,320 Kings Hwy,Brooklyn,Brooklyn,11223,KINGS,NY,40.604923,-73.978355
1152725,Shop Fair,Grocery Store,2222 Pitkin Ave,Brooklyn,Brooklyn,11207,KINGS,NY,40.672554,-73.890503
1131225,Bakery Rosarina Corp,Specialty Store,5219B Broadway,Bronx,Bronx,10463,BRONX,NY,40.875019,-73.909508
1347354,Mcgraw Pharmacy N/A,Grocery Store,2048 McGraw Ave,Bronx,Bronx,10462,BRONX,NY,40.83543,-73.856155
1245954,Licey Deli Grocery,Convenience Store,1493 Zerega Ave,Bronx,Bronx,10462,BRONX,NY,40.837929,-73.848404
859256,Mega Mini Mart Inc.,Convenience Store,14412 Guy r Brewer Blvd,Jamaica,Queens,11434,QUEENS,NY,40.668617,-73.772232
1183336,Good Morning Deli & Grocery Corp,Convenience Store,303 Dean Street,Brooklyn,Brooklyn,11217,KINGS,NY,40.6842,-73.981865
1297785,7 Eleven Store 39875A,Other,589 8th Ave,New York,Manhattan,10018,NEW YORK,NY,40.755226,-73.991302
1105940,Cypress Express Deli Inc,Convenience Store,7924 Cypress Ave,Glendale,Queens,11385,QUEENS,NY,40.694164,-73.897591
1304633,Ash-shams Halal Meat Market And Grocery Inc,Grocery Store,13103 Rockaway Blvd,South Ozone Park,Queens,11420,QUEENS,NY,40.675037,-73.807266
1063154,Siddhi Food Inc,Convenience Store,3420 Quentin Rd,Brooklyn,Brooklyn,11234,KINGS,NY,40.614006,-73.937714
1113031,Mega Seafood Ii Corp.,Specialty Store,2500 Webster Ave,Bronx,Bronx,10458,BRONX,NY,40.860855,-73.891998
1125450,Walle Deli Grill Corp,Convenience Store,2714A Beverley Rd,Brooklyn,Brooklyn,11226,KINGS,NY,40.644905,-73.951645
1168026,Sweet Island,Grocery Store,1214 Avenue U,Brooklyn,Brooklyn,11229,KINGS,NY,40.598358,-73.959663
1254814,Kim's Good Farm Inc,Grocery Store,1103 Rutland Rd,Brooklyn,Brooklyn,11212,KINGS,NY,40.664726,-73.923309
1294158,Choi Vegetable & Grocery Inc,Grocery Store,36-01 164th St,Flushing,Queens,11358,QUEENS,NY,40.762638,-73.801659
1157229,Quality Live Poulry Corp. V,Specialty Store,12201 Rockaway Blvd,South Ozone Park,Queens,11420,QUEENS,NY,40.675812,-73.815559
1357780,Bro's Best Produce Corp,Grocery Store,7808 5th Ave,Brooklyn,Brooklyn,11209,KINGS,NY,40.627106,-74.023788
1289673,Morgan Gourmet Deli Corp,Convenience Store,1418 E Gun Hill Rd,Bronx,Bronx,10469,BRONX,NY,40.869545,-73.844643
902290,Fruit Tree Corp d/b/a Big Banana,Other,1709 Kings Hwy,Brooklyn,Brooklyn,11229,KINGS,NY,40.609753,-73.956085
1272448,Cypress 138 Deli Grocery Corp,Grocery Store,251 Cypress Ave,Bronx,Bronx,10454,BRONX,NY,40.805836,-73.91436
1449179,One 4 All Mini Market & Deli Inc.,Convenience Store,1862 3rd Ave,New York,Manhattan,10029,NEW YORK,NY,40.789486,-73.946419
1039960,King Deli Of The Island Corp,Convenience Store,99 Water St,Staten Island,Staten Island,10304,RICHMOND,NY,40.627129,-74.077332
1577495,Brando Grocery Deli Inc,Grocery Store,216 Ridgewood Ave,Brooklyn,Brooklyn,11208,KINGS,NY,40.683304,-73.880836
1108133,C K Zheng Inc,Convenience Store,6321 17th Ave,Brooklyn,Brooklyn,11204,KINGS,NY,40.621174,-73.991585
982025,Kang Yi Inc,Grocery Store,4002 5th Ave,Brooklyn,Brooklyn,11232,KINGS,NY,40.650703,-74.004707
1085996,El Nuevo Pueblo Inc,Grocery Store,4921 5th Ave,Brooklyn,Brooklyn,11220,KINGS,NY,40.645172,-74.010048
1588506,Bay Root Meats Inc,Grocery Store,7813 5th Ave,Brooklyn,Brooklyn,11209,KINGS,NY,40.626778,-74.023575
1129310,7 Eleven Store 35621A,Convenience Store,368 8th Avenue,New York,Manhattan,10001,NEW YORK,NY,40.74865,-73.996002
1141162,You Jia Food Inc,Grocery Store,4702 7th Ave,Brooklyn,Brooklyn,11220,KINGS,NY,40.644062,-74.004257
1276728,Los Platanitos Grocery & Deli Corp,Convenience Store,262 Wyckoff Ave,Brooklyn,Brooklyn,11237,KINGS,NY,40.700268,-73.912445
1109348,Jersey Corner Store Inc,Convenience Store,506 Richmond Ter,Staten Island,Staten Island,10301,RICHMOND,NY,40.646442,-74.089104
1664503,Yammy Gourmet Deli Corp,Convenience Store,1589 Watson Ave,Bronx,Bronx,10472,BRONX,NY,40.826611,-73.874756
1107025,Homecrest V&i Pharmacy Inc.,Convenience Store,1826 Gravesend Neck Rd,Brooklyn,Brooklyn,11229,KINGS,NY,40.596008,-73.952141
1148436,Vege East Inc.,Other,4546 162nd St,Flushing,Queens,11358,QUEENS,NY,40.755089,-73.804832
1270984,Always Sunny Grocery Llc,Convenience Store,3945 43rd Ave,Sunnyside,Queens,11104,QUEENS,NY,40.745647,-73.924545
1254289,Romark Universal Food LLC,Grocery Store,9748 63 Rd,Rego Park,Queens,11374,QUEENS,NY,40.731636,-73.859482
1302915,7955 Ae Company Inc,Other,2321 86th St,Brooklyn,Brooklyn,11214,KINGS,NY,40.600342,-73.990799
1172431,77 Gourmet Deli Inc 1,Grocery Store,7720 101st Ave,Ozone Park,Queens,11416,QUEENS,NY,40.680275,-73.859932
1291467,Catracho Deli Grocery Inc,Convenience Store,6823 20th Ave,Brooklyn,Brooklyn,11204,KINGS,NY,40.614304,-73.988121
993425,63 Super Mart Inc DBA Fresh Value  Marketplace,Grocery Store,9507 63rd Dr,Rego Park,Queens,11374,QUEENS,NY,40.729412,-73.862846
1657394,Mart 333 Deli Corp,Convenience Store,259 E 167th St,Bronx,Bronx,10456,BRONX,NY,40.833591,-73.914551
1656161,Gourmet 2 Go Deli & Grill Corp,Convenience Store,1088 Washington Ave,Bronx,Bronx,10456,BRONX,NY,40.828323,-73.908401
1658467,Los Rosas Deli And Grocery Inc.,Convenience Store,1414 Forest Ave,Staten Island,Staten Island,10302,RICHMOND,NY,40.624878,-74.135902
1054345,Ali Supermarket Inc,Grocery Store,1860 Westchester Ave,Bronx,Bronx,10472,BRONX,NY,40.832672,-73.863503
1063605,Win Sea Food Market Inc.,Specialty Store,218 Canal St,New York,Manhattan,10013,NEW YORK,NY,40.71719,-73.999298
1647889,Kluchik Pharmacy,Convenience Store,191 Neptune Ave,Brooklyn,Brooklyn,11235,KINGS,NY,40.581966,-73.960564
1047788,K R R Dollar Inc,Other,3700 Nostrand Ave,Brooklyn,Brooklyn,11235,KINGS,NY,40.593513,-73.94075
1657550,B & S Fruit & Vegetable Inc.,Grocery Store,348 Utica Ave,Brooklyn,Brooklyn,11213,KINGS,NY,40.66626,-73.931496
1287104,Green Ocean Fish Market Corp.,Specialty Store,67 E Kingsbridge Rd,Bronx,Bronx,10468,BRONX,NY,40.866913,-73.895676
966554,902 Nostrand Avenue Corp,Convenience Store,902 Nostrand Ave,Brooklyn,Brooklyn,11225,KINGS,NY,40.667305,-73.95089
891774,HERO DELI CORP,Convenience Store,197 Avenue T,BROOKLYN,Brooklyn,11223,KINGS,NY,40.598808,-73.977692
1223306,Nobel Deli & Market Inc.,Convenience Store,6001 15th Ave,Brooklyn,Brooklyn,11219,KINGS,NY,40.625961,-73.994156
926785,Las Marias Deli Corp,Grocery Store,7417 Woodside Ave,Elmhurst,Queens,11373,QUEENS,NY,40.74324,-73.890045
1643737,Rayira Grocery,Convenience Store,247 Audubon Ave,New York,Manhattan,10033,NEW YORK,NY,40.846176,-73.934029
1296158,One Stop African Caribbean 821583201,Grocery Store,1062 Castleton Ave,Staten Island,Staten Island,10310,RICHMOND,NY,40.634472,-74.118034
1060260,Narala Bakery Inc,Specialty Store,744 Coney Island Ave,Brooklyn,Brooklyn,11218,KINGS,NY,40.639404,-73.969025
1071238,Discount Dairy Farm Grocery Inc,Convenience Store,2730 Ocean Ave,Brooklyn,Brooklyn,11229,KINGS,NY,40.594734,-73.950577
978224,Nutri Life Nutritional Center Corp NO,Convenience Store,1469 Saint Nicholas Ave,New York,Manhattan,10033,NEW YORK,NY,40.850918,-73.932785
1116068,181st Candy & Deli Corp,Convenience Store,110 E 181st St,Bronx,Bronx,10453,BRONX,NY,40.854767,-73.903473
1395073,La Bamba Deli Grocery Corp,Convenience Store,357 Keap St,Brooklyn,Brooklyn,11211,KINGS,NY,40.709282,-73.954491
1294018,Al Nour Food Inc,Grocery Store,4108 30th Ave,Astoria,Queens,11103,QUEENS,NY,40.763252,-73.91391
1578596,One 4 All Deli & Grocery Inc,Convenience Store,671 Coney Island Ave,Brooklyn,Brooklyn,11218,KINGS,NY,40.641087,-73.969124
949720,HEALTHBAY NATURAL FOODS INC.,Other,16130 Crossbay Blvd,Howard Beach,Queens,11414,QUEENS,NY,40.654903,-73.838943
1220262,Ez Ecommerce Inc 1,Other,4720 7th Ave,Brooklyn,Brooklyn,11220,KINGS,NY,40.643883,-74.004448
1187489,B.G. Fruit Market,Grocery Store,857 Prospect Ave,Bronx,Bronx,10459,BRONX,NY,40.820217,-73.901436
1295536,Livonia Express Grocery Inc,Other,618 Livonia Ave,Brooklyn,Brooklyn,11207,KINGS,NY,40.664604,-73.894402
1174040,The City's Best Deli Grocery Corp,Convenience Store,1660 Southern Blvd,Bronx,Bronx,10460,BRONX,NY,40.835922,-73.888573
1240406,Columbia Gourmet Deli Corp,Convenience Store,3905 Broadway,New York,Manhattan,10032,NEW YORK,NY,40.838028,-73.942116
1212655,Kings Hwy Pharmacy & Medical Supply Inc,Grocery Store,1416 Kings Hwy,Brooklyn,Brooklyn,11229,KINGS,NY,40.608543,-73.958672
1641658,Greenwich Gourmet Market LLC,Grocery Store,378 6th Ave,New York,Manhattan,10011,NEW YORK,NY,40.732986,-73.999924
1575739,Tikvaa Basar Llc,Specialty Store,7128 Main St,Flushing,Queens,11367,QUEENS,NY,40.727077,-73.822273
1262742,Dhaka Bazar Halal Meat & Fish Inc.,Grocery Store,69-17 Northern Blvd,Woodside,Queens,11377,QUEENS,NY,40.754536,-73.89679
1283017,Sarah Mn Inc,Convenience Store,3263 Fulton St,Brooklyn,Brooklyn,11208,KINGS,NY,40.682919,-73.874847
1280958,Mom & Pop's Organics Market Inc,Grocery Store,889 Manhattan Ave,Brooklyn,Brooklyn,11222,KINGS,NY,40.729923,-73.954277
1055700,Ridgewood European Pork Store LLC,Other,516 Seneca Ave,Ridgewood,Queens,11385,QUEENS,NY,40.705215,-73.911919
1300764,Victory Convenience LLC - Family Shoppe,Convenience Store,1720 Victory Blvd,Staten Island,Staten Island,10314,RICHMOND,NY,40.613167,-74.121071
1255129,Khaamar Baari Supermarket LLC,Grocery Store,18319 Hillside Ave,Jamaica,Queens,11432,QUEENS,NY,40.714039,-73.778191
1236484,Al-Yemeni Market,Grocery Store,666 Woodward Ave,Ridgewood,Queens,11385,QUEENS,NY,40.705437,-73.906662
1034762,Dyckman Candy & Tobacco Inc,Convenience Store,115 Dyckman St,New York,Manhattan,10040,NEW YORK,NY,40.862228,-73.925064
1304792,Ramirez Little Acatlan Inc.,Grocery Store,9118 43rd Ave,Elmhurst,Queens,11373,QUEENS,NY,40.743488,-73.873825
1030903,Loma Deli Market Inc,Grocery Store,133 Avenue D,New York,Manhattan,10009,NEW YORK,NY,40.724529,-73.975601
1133535,Terra Market,Grocery Store,533 9th Ave,New York,Manhattan,10018,NEW YORK,NY,40.756927,-73.993774
1028277,Four Star Deli And Grocery,Convenience Store,3118 36th Ave,Astoria,Queens,11106,QUEENS,NY,40.756176,-73.929153
1159451,1683 Jimmy Deli Grocery Corp,Convenience Store,1683 Woodbine St,Ridgewood,Queens,11385,QUEENS,NY,40.70121,-73.908295
1293914,Oxford 3 Deli Grocery Corp,Convenience Store,2024 2nd Ave,New York,Manhattan,10029,NEW YORK,NY,40.789402,-73.943283
1302023,Quality New York Meat And Fish Market,Grocery Store,1678 Boston Rd,Bronx,Bronx,10460,BRONX,NY,40.836552,-73.889099
1260911,9-11 Deli Co/dbCentral Park Organic Deli & Grocery,Convenience Store,9 W 110th St,New York,Manhattan,10026,NEW YORK,NY,40.797256,-73.95005
1038551,Parkchester Convenience Store Inc,Convenience Store,2001 Westchester Ave,Bronx,Bronx,10462,BRONX,NY,40.83374,-73.857491
1188369,Ines Deli Grocery Corp,Convenience Store,449 Irving Ave,Brooklyn,Brooklyn,11237,KINGS,NY,40.695915,-73.90889
1305528,Park Deli & Grill Inc,Convenience Store,155 Park Ave,Brooklyn,Brooklyn,11205,KINGS,NY,40.696236,-73.973099
1090113,Alkharaf Deli & Grocery Inc,Convenience Store,11 Tompkins Ave,Staten Island,Staten Island,10304,RICHMOND,NY,40.624268,-74.079247
1111233,Los Vecinos Deli Corp,Grocery Store,288 Etna St,Brooklyn,Brooklyn,11208,KINGS,NY,40.686863,-73.873383
1228488,New Grab & Go Food Inc,Convenience Store,2096 5th Ave,New York,Manhattan,10035,NEW YORK,NY,40.808838,-73.940529
1284279,La Tienda Deli Grocery & Bakery Corp.,Convenience Store,502 E 138th St,Bronx,Bronx,10454,BRONX,NY,40.807652,-73.91951
994048,Yankee Two Deli Inc,Convenience Store,122 Avenue C,New York,Manhattan,10009,NEW YORK,NY,40.724491,-73.978371
1266443,Mehudar Meats And Deli,Specialty Store,4013 13th Ave,Brooklyn,Brooklyn,11218,KINGS,NY,40.639698,-73.987198
1146003,Arcangel Deli Grocery Corp,Convenience Store,4004 14th Ave,Brooklyn,Brooklyn,11218,KINGS,NY,40.638691,-73.98494
1019735,Shloms Heimish Corporation,Other,5104 12th Ave,Brooklyn,Brooklyn,11219,KINGS,NY,40.635094,-73.995644
1004933,Arena Deli Plus Corp,Convenience Store,77 4th Ave,Brooklyn,Brooklyn,11217,KINGS,NY,40.681881,-73.979767
1289464,W And L Kings Highway Mini Market Inc,Convenience Store,216 Kings Hwy,Brooklyn,Brooklyn,11223,KINGS,NY,40.605431,-73.982727
909207,Princesa Bakery & Restaurant Corp,Other,94 Graham Ave,Brooklyn,Brooklyn,11206,KINGS,NY,40.704357,-73.942665
1007021,7-Eleven Store 21950E,Convenience Store,10301 Queens Blvd,Forest Hills,Queens,11375,QUEENS,NY,40.724857,-73.849907
968203,Fortune Prize Grocery Corp,Grocery Store,4903 8th Ave,Brooklyn,Brooklyn,11220,KINGS,NY,40.641499,-74.003113
984652,Aden Food Market corp,Convenience Store,351 Bedford Ave,Brooklyn,Brooklyn,11211,KINGS,NY,40.711792,-73.962975
1025250,Takaty Deli Corp,Convenience Store,20115 Linden Blvd,Saint Albans,Queens,11412,QUEENS,NY,40.694908,-73.750702
1019814,1600 Madison Avenue Food Corp DBA Ranch Market,Grocery Store,1600 Madison Ave,New York,Manhattan,10029,NEW YORK,NY,40.794476,-73.949066
1186898,Ali 2023 Deli & Grocery Llc,Grocery Store,2023 Adam Clayton Powell Jr Blvd,New York,Manhattan,10027,NEW YORK,NY,40.806499,-73.949989
1306387,P & P Gourmet Deli Inc.,Grocery Store,119 W 225th St,Bronx,Bronx,10463,BRONX,NY,40.874676,-73.910873
1266915,Three Times C Food Corp/University Fresh Market,Grocery Store,1707 University Ave,Bronx,Bronx,10453,BRONX,NY,40.849506,-73.917297
1604198,Quickfill Llc,Convenience Store,15018 Liberty Ave,Jamaica,Queens,11433,QUEENS,NY,40.698036,-73.801598
994888,Woodside Mini Market Corp.,Convenience Store,4762 47th St,Woodside,Queens,11377,QUEENS,NY,40.739342,-73.91864
954422,Boston Road Deli Grocery Inc,Grocery Store,1490 Boston Rd,Bronx,Bronx,10460,BRONX,NY,40.834587,-73.894402
1642986,Qing Xin Grocery Inc.,Grocery Store,5405 6th Ave,Brooklyn,Brooklyn,11220,KINGS,NY,40.6413,-74.010468
1159100,Randy Meat Supermarket Corp,Grocery Store,2529 Pitkin Ave,Brooklyn,Brooklyn,11208,KINGS,NY,40.674438,-73.878716
1148368,New Foods Of India,Grocery Store,121 Lexington Ave,New York,Manhattan,10016,NEW YORK,NY,40.742802,-73.982307
1230470,Carniceria La Palma & Minimarket Corp,Grocery Store,8030 Jamaica Ave,Woodhaven,Queens,11421,QUEENS,NY,40.692242,-73.861267
1290122,JS Nostrand Market Corp - Isaac Natural Food,Grocery Store,1881 Nostrand Ave,Brooklyn,Brooklyn,11226,KINGS,NY,40.63969,-73.948196
1211355,Big Apple Food Market Corp.,Grocery Store,219 E Broadway,New York,Manhattan,10002,NEW YORK,NY,40.714264,-73.987312
1013290,5069 Meat & Produce Corp/Food Universe Marketplace,Grocery Store,5069 Broadway,New York,Manhattan,10034,NEW YORK,NY,40.870464,-73.915138
1269999,3901 Foodmart Corp,Convenience Store,3901 Fort Hamilton Pkwy,Brooklyn,Brooklyn,11218,KINGS,NY,40.643078,-73.990578
1150883,Aldus 99 Cents Discount Store Corp / 99 Cents Disc,Other,951 Hoe Ave,Bronx,Bronx,10459,BRONX,NY,40.822102,-73.890373
1170367,Grande Mundo Supermarket LLC,Grocery Store,4216 Junction Blvd,Corona,Queens,11368,QUEENS,NY,40.746155,-73.868263
1151137,Ten Star Deli INC,Grocery Store,299 Myrtle Ave,Brooklyn,Brooklyn,11205,KINGS,NY,40.693363,-73.975716
1304850,7 Eleven Store 39478B,Convenience Store,15418 Rockaway Blvd,Jamaica,Queens,11434,QUEENS,NY,40.667526,-73.780693
1237574,Cool N' Cozy Inc.,Convenience Store,2 Bedford Park Blvd E,Bronx,Bronx,10468,BRONX,NY,40.873329,-73.889366
872167,A1 Depot Inc,Other,1195 Spofford Ave,Bronx,Bronx,10474,BRONX,NY,40.813789,-73.891388
960271,Archer Convenience Store LP,Convenience Store,1501 White Plains Rd,Bronx,Bronx,10462,BRONX,NY,40.83794,-73.86377
1157423,A & M Deli NY,Convenience Store,92 Malcolm X Blvd,Brooklyn,Brooklyn,11221,KINGS,NY,40.690628,-73.930771
1156398,SeaBlue,Specialty Store,519 Dekalb Ave,Brooklyn,Brooklyn,11205,KINGS,NY,40.690945,-73.956108
1009669,Bright Pharmacy And Medical Supply Inc,Grocery Store,227 Brighton Beach Ave,Brooklyn,Brooklyn,11235,KINGS,NY,40.576771,-73.966248
1589177,Deer's Ginseng Inc.,Grocery Store,13528 40th Rd,Flushing,Queens,11354,QUEENS,NY,40.758629,-73.830551
983623,MP Mini Market Corp,Convenience Store,13901 90th Ave,Jamaica,Queens,11435,QUEENS,NY,40.701527,-73.812378
1173849,First Ave & 117th St Inc,Convenience Store,2276 1st Ave,New York,Manhattan,10035,NEW YORK,NY,40.796795,-73.934448
956051,Bangla Bazaar Supermarket,Grocery Store,63 Church Ave,Brooklyn,Brooklyn,11218,KINGS,NY,40.642334,-73.980911
1284146,Palmarejo Minimarket Corp,Grocery Store,1023 Lafayette Ave,Brooklyn,Brooklyn,11221,KINGS,NY,40.69228,-73.931046
1291499,New Green Leaf Deli,Convenience Store,518 Amsterdam Ave,New York,Manhattan,10024,NEW YORK,NY,40.786903,-73.975616
1577073,4 Brothers Deli 1 Corp,Convenience Store,638 Nereid Ave,Bronx,Bronx,10470,BRONX,NY,40.899258,-73.856522
1134541,Pimentel Deli Grocery,Grocery Store,3142 Heath Ave,Bronx,Bronx,10463,BRONX,NY,40.878639,-73.899605
1586208,Wheeler Deli Grocery Corporation,Convenience Store,1209 Wheeler Ave,Bronx,Bronx,10472,BRONX,NY,40.828846,-73.880318
1287653,Curtis Hill Ny Corp,Convenience Store,10 Daniel Low Ter,Staten Island,Staten Island,10301,RICHMOND,NY,40.644371,-74.082237
1096954,M N Y Deli Corp,Convenience Store,159 Einstein Loop,Bronx,Bronx,10475,BRONX,NY,40.864101,-73.822334
1240146,Express Grocery Inc,Convenience Store,22621 Merrick Blvd,Laurelton,Queens,11413,QUEENS,NY,40.67717,-73.743134
1165000,Carniceria Mexicana Inc,Grocery Store,10509 Northern Blvd,Corona,Queens,11368,QUEENS,NY,40.75782,-73.863251
1034691,293 Broadway Deli & Grocery Corp,Convenience Store,293 Broadway,Brooklyn,Brooklyn,11211,KINGS,NY,40.708527,-73.95813
1153528,2152 Ray's Corner Deli & Grocery Corp,Grocery Store,2152 Crotona Pkwy,Bronx,Bronx,10460,BRONX,NY,40.847282,-73.882957
1182938,Karina Enterprises Inc,Grocery Store,2075 Grand Concourse,Bronx,Bronx,10453,BRONX,NY,40.853352,-73.903114
1649309,Channel Market,Grocery Store,925 Cross Bay Blvd,Broad Channel,Queens,11693,QUEENS,NY,40.606308,-73.81971
1628010,Hassan Deli & Grocery Inc.,Convenience Store,6013 4th Ave,Brooklyn,Brooklyn,11220,KINGS,NY,40.640434,-74.018562
1116511,Chelsea Fine Foods,Grocery Store,300 8th Ave,New York,Manhattan,10001,NEW YORK,NY,40.746693,-73.997429
925231,Rosenfelds Fish Market,Specialty Store,347 Willoughby Ave,Brooklyn,Brooklyn,11205,KINGS,NY,40.692856,-73.95713
1284502,King Express Deli Inc.,Convenience Store,1801 Avenue U,Brooklyn,Brooklyn,11229,KINGS,NY,40.599178,-73.953377
1645593,Lucky 4502 Grocery Inc,Convenience Store,4502 6th Ave,Brooklyn,Brooklyn,11220,KINGS,NY,40.646576,-74.005417
1241858,Mini Mart,Convenience Store,66-99 Fresh Pond Road,Ridgewood,Queens,11385,QUEENS,NY,40.706505,-73.896889
925582,Rosedale African & Caribbean Market Inc,Grocery Store,14371 243rd St,Rosedale,Queens,11422,QUEENS,NY,40.660473,-73.739189
944695,156 Food Market Inc,Grocery Store,760 Grand Concourse,Bronx,Bronx,10451,BRONX,NY,40.823929,-73.924271
1240241,Dubai Super Market,Grocery Store,7801 101st Ave,Ozone Park,Queens,11416,QUEENS,NY,40.68063,-73.859634
1041418,Tulcingo Bakery DBA D & E Mexican Food Corp,Specialty Store,4011 82nd St,Elmhurst,Queens,11373,QUEENS,NY,40.747204,-73.88382
1279580,Flors Deli Grocery Inc,Convenience Store,9401 Roosevelt Ave,Jackson Heights,Queens,11372,QUEENS,NY,40.748951,-73.872673
934869,Queens A A Grocery Inc,Grocery Store,7214 18th Ave,Brooklyn,Brooklyn,11204,KINGS,NY,40.614834,-73.99456
1057758,Amazing Food Mart Inc,Grocery Store,842B Rockaway Ave,Brooklyn,Brooklyn,11212,KINGS,NY,40.659069,-73.908058
1211664,Express Mini Market Corp,Convenience Store,980 Morris Ave,Bronx,Bronx,10456,BRONX,NY,40.828461,-73.916687
1122288,Broadway Meat Market On 21st,Specialty Store,2109 21st Ave,Astoria,Queens,11105,QUEENS,NY,40.782154,-73.914162
1157857,Kings Valley Fruit Inc,Grocery Store,1624 Kings Hwy,Brooklyn,Brooklyn,11229,KINGS,NY,40.609425,-73.956703
1259995,Fresh Superette Inc,Grocery Store,804 W 181st St,New York,Manhattan,10033,NEW YORK,NY,40.850883,-73.938599
1272232,197 8th Ave Deli Corp. Dba Adam's Marketplace,Grocery Store,197 8th Ave,New York,Manhattan,10011,NEW YORK,NY,40.743542,-73.999794
1151387,H & W Gourmet Deli and Grocery,Convenience Store,3423 Church Ave,Brooklyn,Brooklyn,11203,KINGS,NY,40.65118,-73.945015
1007810,Shalom Grocery Inc.,Grocery Store,2306 Coney Island Ave,Brooklyn,Brooklyn,11223,KINGS,NY,40.600868,-73.961426
968237,Rutland Deli And Grill Corp,Convenience Store,592 Albany Ave,Brooklyn,Brooklyn,11203,KINGS,NY,40.660206,-73.939919
1152307,Country Coco Inc,Grocery Store,3112 Church Ave,Brooklyn,Brooklyn,11226,KINGS,NY,40.650833,-73.948143
1128448,Lex & 103 Inc 1,Convenience Store,1629B Lexington Ave,New York,Manhattan,10029,NEW YORK,NY,40.79007,-73.947701
1028495,Taveras Food Center Corp,Grocery Store,5193 Broadway,Bronx,Bronx,10463,BRONX,NY,40.874489,-73.91021
1300099,Fast Stars 2 Corp,Convenience Store,103 3rd Ave,Brooklyn,Brooklyn,11217,KINGS,NY,40.683056,-73.982201
1160777,Santa Rosa Deli & Grocery,Grocery Store,910 Post Ave,Staten Island,Staten Island,10302,RICHMOND,NY,40.631134,-74.131248
1134335,Mykonos Food Corp,Convenience Store,216 E 175th St,Bronx,Bronx,10457,BRONX,NY,40.846725,-73.906891
1072337,Jarabacoa Deli Food Corp,Grocery Store,421 Audubon Ave,New York,Manhattan,10033,NEW YORK,NY,40.851875,-73.929871
970731,El Rey Deli-Grocery LLC,Grocery Store,3002 Bailey Ave,Bronx,Bronx,10463,BRONX,NY,40.876221,-73.90374
1114901,El Tepeyac Butcher Shop Inc,Grocery Store,1629A Lexington Ave,New York,Manhattan,10029,NEW YORK,NY,40.790218,-73.947678
1020444,Satmar Meat Market Inc,Other,4525 16th Ave,Brooklyn,Brooklyn,11204,KINGS,NY,40.632809,-73.98362
1205178,Tejada Grocery Store Corporation,Grocery Store,78 Westervelt Ave,Staten Island,Staten Island,10301,RICHMOND,NY,40.645741,-74.086052
1111940,Big Market of 237 Inc,Grocery Store,4362 White Plains Rd,Bronx,Bronx,10466,BRONX,NY,40.897469,-73.854912
1257023,Tasters Market,Other,326 Bradley Ave,Staten Island,Staten Island,10314,RICHMOND,NY,40.603241,-74.131798
1297111,No. 1 In & Out Deli Grocery Inc,Convenience Store,1958 Adam Clayton Powell Jr Blvd,New York,Manhattan,10026,NEW YORK,NY,40.804394,-73.951828
1160039,Kc Grocery Inc,Grocery Store,4702 8th Ave,Brooklyn,Brooklyn,11220,KINGS,NY,40.642632,-74.002151
1199945,Bodega Built Inc,Convenience Store,601 E 180th St,Bronx,Bronx,10457,BRONX,NY,40.849525,-73.89135
1149392,1901 Safeway Gourmet Deli Corp.,Convenience Store,1901 Story Ave,Bronx,Bronx,10473,BRONX,NY,40.824127,-73.859642
1153473,Westside Stop One Deli Corp,Grocery Store,700 Amsterdam Ave,New York,Manhattan,10025,NEW YORK,NY,40.792629,-73.971436
1308669,Miladys Super Deli Corp,Convenience Store,280 E 92nd St,Brooklyn,Brooklyn,11212,KINGS,NY,40.658417,-73.923843
1249605,Corona 103Rd Inc/Superior Deli & Grill,Convenience Store,103-02 Corona Ave,Corona,Queens,11368,QUEENS,NY,40.744095,-73.859703
1153447,Kuan Sing Food Market Inc.,Other,5712 8th Ave,Brooklyn,Brooklyn,11220,KINGS,NY,40.637024,-74.008186
961361,Sister Seafood Corp - Omega Sea World,Specialty Store,93 Rockaway Pkwy,Brooklyn,Brooklyn,11212,KINGS,NY,40.66423,-73.923256
965184,Zingubar Inc,Convenience Store,544A Flatbush Ave,Brooklyn,Brooklyn,11225,KINGS,NY,40.660713,-73.960976
1271400,New Kingsbridge Market Corp,Grocery Store,29 E Kingsbridge Rd,Bronx,Bronx,10468,BRONX,NY,40.867222,-73.896698
1273025,Almadinah Halal Market Corp,Grocery Store,2705 Avenue Z,Brooklyn,Brooklyn,11235,KINGS,NY,40.589413,-73.942429
1295679,Yossis 53 Corp BAKERY,Other,5304 New Utrecht Ave,Brooklyn,Brooklyn,11219,KINGS,NY,40.633133,-73.995232
1233819,7-eleven 32884A,Convenience Store,301 65th St,Brooklyn,Brooklyn,11220,KINGS,NY,40.63929,-74.023438
1174870,San Miguel Deli Grocery Inc,Convenience Store,5129 103rd St,Corona,Queens,11368,QUEENS,NY,40.741859,-73.858078
1649365,Black Olive Deli & Cafe,Convenience Store,8239 164th St,Jamaica,Queens,11432,QUEENS,NY,40.718178,-73.803429
1588776,Taste Budz Nyc Llc,Convenience Store,11028 Merrick Blvd,Jamaica,Queens,11433,QUEENS,NY,40.695263,-73.782356
1267616,VR Grocery Inc.,Convenience Store,16010 Hillside Ave,Jamaica,Queens,11432,QUEENS,NY,40.707996,-73.801674
1647636,Ny Riverside Gourmet Deli I Corp.,Convenience Store,322 Union Ave,Brooklyn,Brooklyn,11211,KINGS,NY,40.709991,-73.950798
1249707,Imperial Deli Grocery Inc,Convenience Store,9402 75th St,Ozone Park,Queens,11416,QUEENS,NY,40.683529,-73.864357
948513,Faicco Pork Store Inc,Grocery Store,6511 11th Ave,Brooklyn,Brooklyn,11219,KINGS,NY,40.628258,-74.006134
1297891,Novelty & Grocery Halal Meat Corp,Grocery Store,2916 36th Ave,Astoria,Queens,11106,QUEENS,NY,40.757179,-73.931213
1154750,Vegetable Fruit & Fish Market Inc,Grocery Store,1264 Westchester Ave,Bronx,Bronx,10459,BRONX,NY,40.827007,-73.887367
1305291,A.R. Deli Coffee Shop Inc.,Convenience Store,29 Fifth Ave,Brooklyn,Brooklyn,11217,KINGS,NY,40.681976,-73.97654
1224250,Acapulco Deli Grocery & Tacos Corp,Grocery Store,206 Dyckman St,New York,Manhattan,10040,NEW YORK,NY,40.86512,-73.927025
1204303,Ulerio Deli & Grocery Corp,Grocery Store,1001 Mace Ave,Bronx,Bronx,10469,BRONX,NY,40.863079,-73.858475
1650527,3912 Deli Grocery Corp,Convenience Store,3912 108th St,Corona,Queens,11368,QUEENS,NY,40.751144,-73.859177
1223897,Shuna Foods Llc D/b/a C-town,Grocery Store,1761 Southern Blvd,Bronx,Bronx,10460,BRONX,NY,40.837479,-73.887733
972612,Kwaran Bazar Supermarket,Grocery Store,14819 Hillside Ave,Jamaica,Queens,11435,QUEENS,NY,40.706203,-73.808189
1287099,Parkchester Fishery Market Inc,Specialty Store,80 Hugh J Grant Cir,Bronx,Bronx,10472,BRONX,NY,40.832695,-73.860649
1007936,Seven Days Deli And Grocery Inc,Convenience Store,9201 Foster Ave,Brooklyn,Brooklyn,11236,KINGS,NY,40.645718,-73.909836
903881,Kaff Bakery Inc,Other,2914 Avenue J,Brooklyn,Brooklyn,11210,KINGS,NY,40.626705,-73.947327
1279280,Karzinka Corp,Grocery Store,6629 Bay Pkwy,Brooklyn,Brooklyn,11204,KINGS,NY,40.612797,-73.982452
1151092,Denniseis Grocery INC,Convenience Store,2511 Far Rockaway Blvd,Far Rockaway,Queens,11691,QUEENS,NY,40.599712,-73.762009
1229066,T- L Food Market Inc /T- L Food Market Inc,Grocery Store,119 Avenue U,Brooklyn,Brooklyn,11223,KINGS,NY,40.596279,-73.979958
958803,N & K Supermart Inc,Convenience Store,8319 Northern Blvd,Jackson Heights,Queens,11372,QUEENS,NY,40.755764,-73.883644
1173144,Mega Food Store Inc,Grocery Store,1405A Webster Ave,Bronx,Bronx,10456,BRONX,NY,40.836437,-73.907349
1168165,7 Eleven Store 36802A,Convenience Store,1523 Avenue J,Brooklyn,Brooklyn,11230,KINGS,NY,40.625298,-73.960648
1107746,A S K Deli Grocery Incorporated,Grocery Store,1479 Beach Ave,Bronx,Bronx,10460,BRONX,NY,40.837334,-73.867386
980104,Lam's Lab Llc,Convenience Store,4630 Kissena Blvd,Flushing,Queens,11355,QUEENS,NY,40.749924,-73.81842
795646,BSK Grocery Corp,Convenience Store,4701 Eighth Ave,Brooklyn,Brooklyn,11220,KINGS,NY,40.642719,-74.001991
1168975,Andrea's Deli Grocery Corp,Convenience Store,1182 W Farms Rd,Bronx,Bronx,10459,BRONX,NY,40.828568,-73.88839
1088224,Lincoln Live Poultry LLC,Other,34 Lincoln Ave,Brooklyn,Brooklyn,11208,KINGS,NY,40.689598,-73.870842
1668425,Marianita's Grocery Corp,Grocery Store,10002 37th Ave,Corona,Queens,11368,QUEENS,NY,40.752472,-73.867043
888739,Zaitoon Corp.,Grocery Store,1082 Coney Island Ave,Brooklyn,Brooklyn,11230,KINGS,NY,40.631229,-73.966515
1649202,Jefferson Market & Deli Corp.,Convenience Store,992 Jefferson Ave,Brooklyn,Brooklyn,11221,KINGS,NY,40.686844,-73.918144
1181771,Sunrise Express Deli Inc,Convenience Store,72 Ralph Ave,Brooklyn,Brooklyn,11221,KINGS,NY,40.68755,-73.923676
1641418,D' Jesus Mini Market,Convenience Store,438 Targee St,Staten Island,Staten Island,10304,RICHMOND,NY,40.616322,-74.084915
1656936,Linden Bites Inc.,Grocery Store,2228 Linden Blvd,Brooklyn,Brooklyn,11207,KINGS,NY,40.662682,-73.880432
1556880,Kaj Petroleum Inc,Convenience Store,5701 2nd Ave,Brooklyn,Brooklyn,11220,KINGS,NY,40.644768,-74.021027
1565259,HAPPY FAMILY GROCERY STORE INC,Grocery Store,4911 8th Ave,Brooklyn,Brooklyn,11220,KINGS,NY,40.641335,-74.003273
1565265,FRESH GREEN FARM INC,Convenience Store,6002 5th Ave,Brooklyn,Brooklyn,11220,KINGS,NY,40.639446,-74.016411
1553665,975 Walton Deli And Grocery Corp,Convenience Store,975A Walton Ave,Bronx,Bronx,10452,BRONX,NY,40.829517,-73.922829
1669544,Musa Gourmet Deli Corp,Convenience Store,1211 Jerome Ave,Bronx,Bronx,10452,BRONX,NY,40.836121,-73.922668
1560051,Corner Shop,Grocery Store,3426 Union St,Flushing,Queens,11354,QUEENS,NY,40.766258,-73.827789
1661092,Bklyn Melons Plus Llc,Specialty Store,5714 Church Ave,Brooklyn,Brooklyn,11203,KINGS,NY,40.652351,-73.923149
1670852,Y & O Food Corp,Convenience Store,4702 Clarendon Rd,Brooklyn,Brooklyn,11203,KINGS,NY,40.644115,-73.932327
1553786,Bedford Deli 1 Inc.,Convenience Store,26 Bedford Park Blvd E,Bronx,Bronx,10468,BRONX,NY,40.872704,-73.888702
1560572,Ayell Deli Grocery Corp,Convenience Store,1393 Plimpton Ave,Bronx,Bronx,10452,BRONX,NY,40.842476,-73.923126
1560424,7 Eleven Store # 37717b,Convenience Store,15935 Crossbay Blvd,Howard Beach,Queens,11414,QUEENS,NY,40.658039,-73.839424
1562000,Zhen Zhen Grocery Inc.,Grocery Store,5717A Main St,Flushing,Queens,11355,QUEENS,NY,40.745899,-73.825851
1560259,Cb 180 Corp/Cracker Barrel,Convenience Store,180 Main St,Staten Island,Staten Island,10307,RICHMOND,NY,40.510578,-74.24852
1561720,Konika Food,Grocery Store,8128 Broadway,Elmhurst,Queens,11373,QUEENS,NY,40.742958,-73.88327
1561031,Fresh 2 Go Juice Bar & Salad Inc.,Convenience Store,10402 Liberty Ave,Ozone Park,Queens,11417,QUEENS,NY,40.681938,-73.836792
1564615,FAMOUS DELI OF QUEENS INC,Convenience Store,15723 Rockaway Blvd,Jamaica,Queens,11434,QUEENS,NY,40.665825,-73.778862
1579711,Sam 4 Deli Grocery Inc.,Convenience Store,2039 Grand Concourse,Bronx,Bronx,10453,BRONX,NY,40.852219,-73.90419
1559950,Bushwick Minimart Inc.,Convenience Store,1124 Bushwick Ave,Brooklyn,Brooklyn,11221,KINGS,NY,40.689449,-73.918427
1566532,F.a.r. Deli Corp,Convenience Store,560 Evergreen Ave,Brooklyn,Brooklyn,11221,KINGS,NY,40.690681,-73.916405
1561250,Hl Deli Corp,Convenience Store,1384 York Ave,New York,Manhattan,10021,NEW YORK,NY,40.768009,-73.952698
1636160,Yafa Deli NY Corp.,Convenience Store,374 Ralph Ave,Brooklyn,Brooklyn,11233,KINGS,NY,40.676018,-73.922058
381917,R & G Grocery,Convenience Store,766 Belmont Ave,Brooklyn,Brooklyn,11208,KINGS,NY,40.672615,-73.8815
1558286,Sabana Buey Deli Grocery Corp,Grocery Store,804 E 178th St,Bronx,Bronx,10460,BRONX,NY,40.844471,-73.887054
1558383,Tt Seafood Meat Market Corp,Grocery Store,5707 8th Ave,Brooklyn,Brooklyn,11220,KINGS,NY,40.636906,-74.007889
1231112,Stop One Supermarket,Convenience Store,368 Van Brunt Street,Brooklyn,Brooklyn,11231,KINGS,NY,40.677494,-74.012932
1560988,Gourmet 1 Deli & Grill Inc.,Convenience Store,88-34 Parsons Blvd,Jamaica,Queens,11432,QUEENS,NY,40.705811,-73.801872
1558084,Adalyne Deli Grocery Corp,Grocery Store,551 E 172nd St,Bronx,Bronx,10457,BRONX,NY,40.839596,-73.899529
1561167,Dagleirys Deli Grocery Corp,Convenience Store,821 Jennings St,Bronx,Bronx,10459,BRONX,NY,40.832256,-73.894814
1555442,El Marlene Grocery Corp,Convenience Store,272 Sherman Ave,New York,Manhattan,10034,NEW YORK,NY,40.866673,-73.918114
1556951,Colfax Deli & Grocery Inc,Grocery Store,11401 Colfax St,Cambria Heights,Queens,11411,QUEENS,NY,40.702793,-73.743736
1565629,2137 Mom And Pop Corner Inc,Convenience Store,2137 2nd Ave,New York,Manhattan,10029,NEW YORK,NY,40.793171,-73.940796
1554567,ASF Pharmacy Inc.,Convenience Store,1018 Coney Island Ave,Brooklyn,Brooklyn,11230,KINGS,NY,40.632729,-73.967102
1557069,Closeout Heaven III Inc,Convenience Store,5932 Myrtle Ave,Ridgewood,Queens,11385,QUEENS,NY,40.70042,-73.89859
1146017,2350 Deli Grocery Corp,Grocery Store,2350 Tiebout Ave,Bronx,Bronx,10458,BRONX,NY,40.858097,-73.896347
1560790,Chelsea Deli & Cafe Inc.,Convenience Store,130 9th Ave,New York,Manhattan,10011,NEW YORK,NY,40.743538,-74.003258
1562478,Chelsea Charming Deli Inc,Convenience Store,366 W 23rd St,New York,Manhattan,10011,NEW YORK,NY,40.746254,-74.001137
1556561,Socotra Meat Market LLC,Grocery Store,762 Allerton Ave,Bronx,Bronx,10467,BRONX,NY,40.865334,-73.865005
1560054,U Farmer Deli Corp,Convenience Store,4010 Avenue U,Brooklyn,Brooklyn,11234,KINGS,NY,40.608364,-73.924278
1561217,7 Eleven Store #32118d,Convenience Store,14626 Northern Blvd,Flushing,Queens,11354,QUEENS,NY,40.764973,-73.81955
1668768,Adam Convenience And Deli Corp,Convenience Store,4524 Church Ave,Brooklyn,Brooklyn,11203,KINGS,NY,40.65144,-73.934418
1668211,Star Clarkson Deli Grocery Corp,Convenience Store,830 Clarkson Ave,Brooklyn,Brooklyn,11203,KINGS,NY,40.656528,-73.930687
1652994,Bronx One Coffee And Grill,Convenience Store,1769 University Ave,Bronx,Bronx,10453,BRONX,NY,40.850204,-73.916161
1562017,Unity African Market Llc,Grocery Store,60 E 174th St,Bronx,Bronx,10452,BRONX,NY,40.844807,-73.912781
1562692,Acy Grocery Corp,Convenience Store,1483 Beach Channel Dr,Far Rockaway,Queens,11691,QUEENS,NY,40.610012,-73.753784
1559082,Fresh Bites Deli,Convenience Store,235 Beach 20th St,Far Rockaway,Queens,11691,QUEENS,NY,40.596489,-73.754623
1562494,N Delicatessen LLC,Grocery Store,5706 Mosholu Ave,Bronx,Bronx,10471,BRONX,NY,40.905422,-73.900276
1662560,Lefferts Garden Market Inc.,Convenience Store,1270 Nostrand Ave,Brooklyn,Brooklyn,11226,KINGS,NY,40.656155,-73.95031
860848,S & P Mini Market Corp,Grocery Store,270 E 165th St,Bronx,Bronx,10456,BRONX,NY,40.829105,-73.915947
1660641,Maspeth Delicious Bites Corp 1,Convenience Store,5301 65th Pl,Maspeth,Queens,11378,QUEENS,NY,40.731293,-73.899986
1578936,Kings Apple Farmer Market 2 Corp,Convenience Store,8501 Bay Pkwy,Brooklyn,Brooklyn,11214,KINGS,NY,40.602352,-73.993149
1440194,Vegano Supermarket Corp.,Convenience Store,234 E 181st St,Bronx,Bronx,10457,BRONX,NY,40.854275,-73.900467
1656722,El Tucanoso Mini Market Inc,Grocery Store,3205 Junction Blvd,East Elmhurst,Queens,11369,QUEENS,NY,40.758392,-73.874313
1658618,East NY Best Deli LLC,Convenience Store,705 Bradford St,Brooklyn,Brooklyn,11207,KINGS,NY,40.661575,-73.888405
1661283,Jackson Market,Grocery Store,7809 37th Ave,Jackson Heights,Queens,11372,QUEENS,NY,40.749523,-73.88765
1558422,Kahtan 170 Deli Corp,Convenience Store,2210 Amsterdam Ave,New York,Manhattan,10032,NEW YORK,NY,40.840939,-73.936226
1556677,1967 99 Cents & Discount  Inc.,Convenience Store,1967 Amsterdam Ave,New York,Manhattan,10032,NEW YORK,NY,40.833084,-73.941666
1562072,Hiciano Brothers Grocery Corp.,Convenience Store,3017 Middletown Rd,Bronx,Bronx,10461,BRONX,NY,40.84412,-73.829765
1559732,Ubi Market Inc,Convenience Store,655 Grand St,Brooklyn,Brooklyn,11211,KINGS,NY,40.711563,-73.946129
1561149,Fifth Avenue Deli Mart Inc,Convenience Store,1318 5th Ave,New York,Manhattan,10026,NEW YORK,NY,40.797466,-73.949036
1562618,Seagirt Market & Deli Corp,Grocery Store,25-13 Seagirt Ave,Far Rockaway,Queens,11691,QUEENS,NY,40.595093,-73.759056
1564165,Orlandina Deli Grocery Corp,Grocery Store,261 E 172nd St,Bronx,Bronx,10457,BRONX,NY,40.840405,-73.910431
1561426,Chang Fish Market Inc,Specialty Store,3346 Fulton St,Brooklyn,Brooklyn,11208,KINGS,NY,40.683598,-73.872009
1560801,My Way Supermarket Corp.,Convenience Store,200 Soundview Ave,Bronx,Bronx,10473,BRONX,NY,40.809395,-73.85527
1553279,Austin Organic Market NO,Grocery Store,7248 Austin St,Forest Hills,Queens,11375,QUEENS,NY,40.718544,-73.841103
1604887,Connected Chef - Queensbridge,Other,1025 41st Ave,Queens,Queens,11101,QUEENS,NY,40.755455,-73.944641
1560207,We Are Sister,Other,4801 8th Ave,Brooklyn,Brooklyn,11220,KINGS,NY,40.642071,-74.002518
1562528,Sal Express Deli & Grocery Corp.,Convenience Store,2918 Beverley Rd,Brooklyn,Brooklyn,11226,KINGS,NY,40.645012,-73.949196
1558629,My Family Market,Grocery Store,6022 7th Ave,Brooklyn,Brooklyn,11220,KINGS,NY,40.636456,-74.012352
1560439,Daylen Deli Grocery Corp,Convenience Store,609 Wilson Ave,Brooklyn,Brooklyn,11207,KINGS,NY,40.690258,-73.907112
1557941,Mawnia Deli & Grocery Corp,Grocery Store,180 E 156th St,Bronx,Bronx,10451,BRONX,NY,40.823109,-73.923637
1560314,777 Nostrand Deli Corp,Convenience Store,777 Nostrand Ave,Brooklyn,Brooklyn,11216,KINGS,NY,40.67062,-73.950287
1561403,Baba Super Market Inc,Grocery Store,12412 Jamaica Ave,Richmond Hill,Queens,11418,QUEENS,NY,40.700771,-73.826012
795904,Five Corners Deli,Convenience Store,2553 18th St,Astoria,Queens,11102,QUEENS,NY,40.774155,-73.92675
1650822,Food Gourmet Deli Inc,Convenience Store,3506 White Plains Rd,Bronx,Bronx,10467,BRONX,NY,40.877594,-73.865906
1665194,Bay Pharmacy,Convenience Store,1653 Sheepshead Bay Rd,Brooklyn,Brooklyn,11235,KINGS,NY,40.586506,-73.952164
1656955,Kings Deli,Convenience Store,1619 Oriental Blvd,Brooklyn,Brooklyn,11235,KINGS,NY,40.57848,-73.938416
1562044,Ocoa 7 Corp,Grocery Store,824 E 149th Street,Bronx,Bronx,10455,BRONX,NY,40.812397,-73.905739
1657403,Amira Supermarket And Meat,Convenience Store,3752 Nostrand Ave,Brooklyn,Brooklyn,11235,KINGS,NY,40.592388,-73.940536
1665307,Mini Market Ii Corp.,Convenience Store,1737 Saint Marks Ave,Brooklyn,Brooklyn,11233,KINGS,NY,40.673103,-73.909332
1492154,D-licious Deli Corp,Convenience Store,9071 Sutphin Blvd,Jamaica,Queens,11435,QUEENS,NY,40.701115,-73.807655
1563072,Acare Pharmacy Llc,Grocery Store,7203 35th Ave,Jackson Heights,Queens,11372,QUEENS,NY,40.75095,-73.893829
1555370,Jerome Ave Dollar Discount & Grocery Corp,Convenience Store,1 E 182nd St,Bronx,Bronx,10453,BRONX,NY,40.857365,-73.904289
1547354,Fernandez Deli Grocery,Grocery Store,1086 Kelly St,Bronx,Bronx,10459,BRONX,NY,40.82579,-73.895699
1562465,New York Lanka Inc.,Grocery Store,313 Victory Blvd,Staten Island,Staten Island,10301,RICHMOND,NY,40.634426,-74.085518
1560225,Henderson Food Corp,Convenience Store,159 Lafayette Ave,Staten Island,Staten Island,10301,RICHMOND,NY,40.641033,-74.094711
1646563,3919 Caesar Gourmet Deli Corp,Convenience Store,3919 Baychester Ave,Bronx,Bronx,10466,BRONX,NY,40.888966,-73.842361
1561781,Linden Deli Convenience Corp.,Convenience Store,1938 Linden St,Ridgewood,Queens,11385,QUEENS,NY,40.706665,-73.905998
1564383,Friendly Market 168 Inc,Convenience Store,5516 Myrtle Ave,Ridgewood,Queens,11385,QUEENS,NY,40.699833,-73.90786
1258966,New Dyre Deli Corp,Convenience Store,3805 Dyre Ave,Bronx,Bronx,10466,BRONX,NY,40.888111,-73.83152
1501417,King Brooklyn Incorporated,Convenience Store,2641 Ocean Ave,Brooklyn,Brooklyn,11229,KINGS,NY,40.596874,-73.950851
1570000,A&y Deli Corporation,Convenience Store,73 Westchester Sq,Bronx,Bronx,10461,BRONX,NY,40.841057,-73.842384
820979,Deli Mini Market Corp.,Grocery Store,1472 Inwood Ave,Bronx,Bronx,10452,BRONX,NY,40.842129,-73.917633
1561384,510 Food Corp.,Convenience Store,510 W 218th St,New York,Manhattan,10034,NEW YORK,NY,40.8713,-73.914665
1642877,Ock Spot Food Corp,Convenience Store,5910 Glenwood Rd,Brooklyn,Brooklyn,11234,KINGS,NY,40.63398,-73.919388
1560680,Manor Deli & Convenience Ii Corp,Convenience Store,444 Manor Rd,Staten Island,Staten Island,10314,RICHMOND,NY,40.616852,-74.123856
1647945,Quality Fish Market,Specialty Store,5021 New Utrecht Ave,Brooklyn,Brooklyn,11219,KINGS,NY,40.635124,-73.994774
1670234,Fordham Deli Corp 2,Convenience Store,2573 Webster Ave,Bronx,Bronx,10458,BRONX,NY,40.862663,-73.890381
1565763,Big Lou 3 Grocery And Deli Corp.,Grocery Store,22316 S Conduit Ave,Springfield Gardens,Queens,11413,QUEENS,NY,40.665451,-73.754517
1562955,Ocked Out Deli Corp,Convenience Store,2535 3rd Ave,Bronx,Bronx,10451,BRONX,NY,40.810955,-73.927681
1565124,Panjob Halal Meat Inc.,Grocery Store,1160 Coney Island Ave,Brooklyn,Brooklyn,11230,KINGS,NY,40.629284,-73.966225
1564652,Ave J Deli And Juice Bar Corp.,Convenience Store,1501 Avenue J,Brooklyn,Brooklyn,11230,KINGS,NY,40.625324,-73.961296
1560770,Green House Farmers Market,Grocery Store,22-33 31th Street,astoria,Queens,11105,QUEENS,NY,40.77533,-73.911423
1564195,Naumji Food Corp,Convenience Store,311 Evergreen Ave,Brooklyn,Brooklyn,11221,KINGS,NY,40.694599,-73.924271
1556009,Ketoland And Serie 54 Corp,Convenience Store,2867 Webster Ave,Bronx,Bronx,10458,BRONX,NY,40.867188,-73.884079
872482,Elder Avenue #2 Grocery Corp,Convenience Store,1206 Elder Ave,Bronx,Bronx,10472,BRONX,NY,40.828945,-73.879128
1662964,Fresh Market Gogo Inc,Grocery Store,1977 65th St,Brooklyn,Brooklyn,11204,KINGS,NY,40.616657,-73.985962
1557632,Beef & Lamb Brooklyn Inc.,Specialty Store,5503 13th Ave,Brooklyn,Brooklyn,11219,KINGS,NY,40.631348,-73.995743
1661926,Nagi Plus Food Mart Corp,Convenience Store,1767 Southern Blvd,Bronx,Bronx,10460,BRONX,NY,40.837654,-73.887848
1663653,Lincoln Express Pharmacy Inc,Convenience Store,233B E 149th St,Bronx,Bronx,10451,BRONX,NY,40.817913,-73.924133
1539728,Broadway Finest Deli,Convenience Store,3620 Broadway,New York,Manhattan,10031,NEW YORK,NY,40.828979,-73.948273
1565492,New Amsterdam Deli Corp,Convenience Store,1536 Amsterdam Ave,New York,Manhattan,10031,NEW YORK,NY,40.819538,-73.952011
1558150,Shakshi Broadway Corp,Convenience Store,3340 Broadway,New York,Manhattan,10031,NEW YORK,NY,40.820309,-73.954613
1561587,Healthy Friends Deli & Juice Bar,Convenience Store,116 Thomas S Boyland St,Brooklyn,Brooklyn,11233,KINGS,NY,40.680885,-73.914207
1564547,Jetaime Patisserie,Specialty Store,471 Marcus Garvey Blvd,Brooklyn,Brooklyn,11216,KINGS,NY,40.680912,-73.937546
1661152,S Morocco Deli Grocery Corp.,Convenience Store,606 Courtlandt Ave,Bronx,Bronx,10451,BRONX,NY,40.817856,-73.918823
1565374,K Choice Farm Inc,Grocery Store,4520 46th St,Sunnyside,Queens,11104,QUEENS,NY,40.742523,-73.918953
1565046,53 Chopped Cheese Corp,Convenience Store,53 W Fordham Rd,Bronx,Bronx,10468,BRONX,NY,40.8629,-73.903381
1566084,Carols Farm,Grocery Store,1424 Nostrand Ave,Brooklyn,Brooklyn,11226,KINGS,NY,40.651577,-73.949806
1560066,Wholesome Gourmet Market Corp.,Grocery Store,350 Clarkson Ave,Brooklyn,Brooklyn,11226,KINGS,NY,40.655418,-73.948692
1647259,Tilden And Lott Deli And Grocery Corporation,Grocery Store,2501 Tilden Ave,Brooklyn,Brooklyn,11226,KINGS,NY,40.646812,-73.953995
1509045,1709 Deli & Grill Corp.,Convenience Store,1709 Church Ave,Brooklyn,Brooklyn,11226,KINGS,NY,40.649349,-73.963638
1636336,South Ave Deli & Grill Inc.,Convenience Store,182 South Ave,Staten Island,Staten Island,10303,RICHMOND,NY,40.635426,-74.166336
1665892,Family Market 1688 Inc,Other,2009 72nd St,Brooklyn,Brooklyn,11204,KINGS,NY,40.61245,-73.989571
1564333,Jay & M Deli Corp,Convenience Store,35 Avenue D,New York,Manhattan,10009,NEW YORK,NY,40.721146,-73.977974
1567020,Montalbanos Of Rosebank,Convenience Store,1 Gunton Pl,Staten Island,Staten Island,10309,RICHMOND,NY,40.550598,-74.211113
1559111,Tu Poderosa Grocery Store Corp N/A,Convenience Store,27 E 175th St,Bronx,Bronx,10453,BRONX,NY,40.847488,-73.91153
1561118,Bedstuy Gourmet Deli Inc.,Convenience Store,994 Bedford Ave,Brooklyn,Brooklyn,11205,KINGS,NY,40.691006,-73.955589
1564797,Nolita Luxe Deli Inc.,Convenience Store,37 Kenmare St,New York,Manhattan,10012,NEW YORK,NY,40.720821,-73.995117
1559155,Hq Hongyun Trading Inc.,Other,24913 Northern Blvd,Little Neck,Queens,11362,QUEENS,NY,40.768185,-73.737892
1561847,Best Lucky Market Inc,Grocery Store,11117A Roosevelt Ave,Corona,Queens,11368,QUEENS,NY,40.751968,-73.855255
1561931,Lucky 888 Market Inc,Grocery Store,3530A Junction Blvd,Corona,Queens,11368,QUEENS,NY,40.752674,-73.871498
1082446,New Way Deli & Grocery Corp.,Convenience Store,3502 103rd St,Corona,Queens,11368,QUEENS,NY,40.754616,-73.865189
1564935,LP Baby & Grocery Inc.,Grocery Store,6039 Myrtle Ave,Ridgewood,Queens,11385,QUEENS,NY,40.700722,-73.896843
1303431,263 Deli & Grocery Corporation,Grocery Store,263 W Kingsbridge Rd,Bronx,Bronx,10463,BRONX,NY,40.873184,-73.905327
1657630,Everyday Saving Llc,Grocery Store,4216 Avenue D,Brooklyn,Brooklyn,11203,KINGS,NY,40.641586,-73.936394
1564800,Premium Deli Inc.,Convenience Store,8220 13th Ave,Brooklyn,Brooklyn,11228,KINGS,NY,40.616005,-74.012123
1560811,Foster Maaz Pharmacy,Convenience Store,1056 Coney Island Ave,Brooklyn,Brooklyn,11230,KINGS,NY,40.631901,-73.966866
1647281,F & S Grocery Discount Corp.,Convenience Store,1150 Flatbush Ave,Brooklyn,Brooklyn,11226,KINGS,NY,40.642159,-73.957474
1662308,Foodtower Gourmet Deli Corp.,Convenience Store,57 Market St,New York,Manhattan,10002,NEW YORK,NY,40.711472,-73.99437
1566304,T & A Deli And Grill Corp,Convenience Store,234 7th Ave,Brooklyn,Brooklyn,11215,KINGS,NY,40.669868,-73.979294
1570015,Amir Halal Meat Inc,Grocery Store,1736 Bath Ave,Brooklyn,Brooklyn,11214,KINGS,NY,40.604397,-74.007507
1562102,86 Food Market Inc.,Grocery Store,2231 86th St,Brooklyn,Brooklyn,11214,KINGS,NY,40.601536,-73.992783
1565806,Mott Corner Inc.,Other,58 Kenmare St,New York,Manhattan,10012,NEW YORK,NY,40.72084,-73.995972
1560330,K Star Deli Corp,Convenience Store,865 Hancock St,Brooklyn,Brooklyn,11233,KINGS,NY,40.685989,-73.920975
1565881,3442 Deli Mini Market Corp,Convenience Store,3442 Fulton St,Brooklyn,Brooklyn,11208,KINGS,NY,40.684593,-73.868507
1635041,Bayside Meat Market,Specialty Store,21001 Northern Blvd,Bayside,Queens,11361,QUEENS,NY,40.75959,-73.772842
1560963,Chino's Deli & Grill,Grocery Store,422 Irving Ave,Brooklyn,Brooklyn,11237,KINGS,NY,40.696548,-73.910286
1568685,Tian Yuan Veg Inc.,Grocery Store,673 56th St,Brooklyn,Brooklyn,11220,KINGS,NY,40.639389,-74.009689
662612,1029 Simpson Deli & Grocery Corp,Grocery Store,1029 Westchester Ave,Bronx,Bronx,10459,BRONX,NY,40.824257,-73.893089
1561663,Zaid Deli Grocery Corp,Grocery Store,1236 Intervale Ave,Bronx,Bronx,10459,BRONX,NY,40.828964,-73.894272
1564216,Upper Bay Market And Deli Corp,Convenience Store,6424 4th Ave,Brooklyn,Brooklyn,11220,KINGS,NY,40.638268,-74.0215
1568365,Albany Gourmet Corp,Convenience Store,152 Albany Ave,Brooklyn,Brooklyn,11213,KINGS,NY,40.675373,-73.938995
1563479,Macca Halal Market 2 Inc,Grocery Store,869 Morris Park Ave,Bronx,Bronx,10462,BRONX,NY,40.846642,-73.860085
1566887,Fruits Vegetables & Grocery Inc,Grocery Store,756 Lydig Ave,Bronx,Bronx,10462,BRONX,NY,40.854397,-73.865463
1642082,Noor Express Deli & Cafe Corp,Convenience Store,140 Wortman Ave,Brooklyn,Brooklyn,11207,KINGS,NY,40.655659,-73.887657
1567064,Priority Deli & Grocery Corp,Convenience Store,488 Jersey St,Staten Island,Staten Island,10301,RICHMOND,NY,40.636677,-74.086075
1559188,Mo Saleh Deli And Grocery Corp,Convenience Store,14864 Hillside Ave,Jamaica,Queens,11435,QUEENS,NY,40.706444,-73.806709
1561915,N S R Deli Grocery Corp,Convenience Store,182B E 166th St,Bronx,Bronx,10456,BRONX,NY,40.831554,-73.918892
1570659,1390 Deli Grocery Corp,Convenience Store,1390 Boston Rd,Bronx,Bronx,10456,BRONX,NY,40.832726,-73.897736
1557516,Life Gourmet Deli & Grocery Inc.,Convenience Store,4418 4th Ave,Brooklyn,Brooklyn,11220,KINGS,NY,40.649559,-74.009674
1554264,Gino Deli Grocery,Convenience Store,935 E 163rd St,Bronx,Bronx,10459,BRONX,NY,40.821156,-73.89653
1563748,Alsalam Market Corp,Grocery Store,8002 Flatlands Ave,Brooklyn,Brooklyn,11236,KINGS,NY,40.63549,-73.912827
1564836,Flamming Grill Corp,Convenience Store,3038 Neptune Ave,Brooklyn,Brooklyn,11224,KINGS,NY,40.577374,-73.997719
851113,Star Deli Grocery,Grocery Store,188 E 167th St,Bronx,Bronx,10456,BRONX,NY,40.834202,-73.917313
1638063,Basha Mini Market Corp,Convenience Store,1067 Flatbush Ave,Brooklyn,Brooklyn,11226,KINGS,NY,40.644787,-73.957825
1566549,Legacy Mini Mart Corp,Convenience Store,9619 Linden Blvd,Ozone Park,Queens,11417,QUEENS,NY,40.674114,-73.83979
1569923,El Mecia Meat Product Corp,Grocery Store,1299 Saint Lawrence Ave,Bronx,Bronx,10472,BRONX,NY,40.832684,-73.867638
1394854,Eleventh Ave Deli Corp/Sunrise Marketplace,Grocery Store,610-614 11th Ave,New York,Manhattan,10036,NEW YORK,NY,40.762779,-73.996666
1556093,Tonys Grill And Deli Corp,Convenience Store,146 Graham Ave,Brooklyn,Brooklyn,11206,KINGS,NY,40.706429,-73.942894
1561129,43-21 Deli & Grocery Corp,Convenience Store,4321 Beach Channel Dr,Far Rockaway,Queens,11691,QUEENS,NY,40.595573,-73.77552
1569278,Hero City Dark Knight Corporation,Grocery Store,1202 Spofford Ave,Bronx,Bronx,10474,BRONX,NY,40.813698,-73.890846
1033161,Tibbs Stationary,Convenience Store,11217 Linden Blvd,South Ozone Park,Queens,11420,QUEENS,NY,40.677429,-73.825752
1563266,Cake By Alejandro Inc,Specialty Store,215 E 167th St,Bronx,Bronx,10456,BRONX,NY,40.834072,-73.91597
1569667,Heights Deli,Convenience Store,504 Pennsylvania Ave,Brooklyn,Brooklyn,11207,KINGS,NY,40.664989,-73.894302
1562547,102 Family Organic Deli Corporation,Convenience Store,1980 2nd Ave,New York,Manhattan,10029,NEW YORK,NY,40.787838,-73.944252
1415758,Brooklyn Finest Mini-market Corp,Convenience Store,8101 7th Ave,Brooklyn,Brooklyn,11228,KINGS,NY,40.621868,-74.019615
1565557,Mariam Gourmet Corp,Convenience Store,620 Livonia Ave,Brooklyn,Brooklyn,11207,KINGS,NY,40.664619,-73.894318
1565346,224 Nagle Grocery Corp,Other,224 Nagle Ave,New York,Manhattan,10034,NEW YORK,NY,40.862679,-73.922318
1568980,Happy Face Baby Shop & Grocery Inc.,Grocery Store,342 Knickerbocker Ave,Brooklyn,Brooklyn,11237,KINGS,NY,40.700916,-73.922272
1568664,Fantasy Deli Corp,Other,327 1st Ave,New York,Manhattan,10003,NEW YORK,NY,40.734409,-73.980576
1568248,New L&C Fish Market Inc.,Specialty Store,1910 Church Ave,Brooklyn,Brooklyn,11226,KINGS,NY,40.649799,-73.961754
1558513,Chubbzway Deli Inc,Convenience Store,21 Convent Avenue,New York,Manhattan,10027,NEW YORK,NY,40.813606,-73.952957
1561411,Dario's Delights Corp,Convenience Store,2349 Andrew Ave North,Bronx,Bronx,10468,BRONX,NY,40.862537,-73.906517
1558458,Seven Stars 2 Fish Market Inc,Specialty Store,847 Utica Ave,Brooklyn,Brooklyn,11203,KINGS,NY,40.652454,-73.93026
1567903,Plaza De Tlaxcala Corp,Convenience Store,4315 104th St,Corona,Queens,11368,QUEENS,NY,40.747375,-73.860268
1568173,Zamzam Grocery & Meats LLC,Grocery Store,1101 Coney Island Ave,Brooklyn,Brooklyn,11230,KINGS,NY,40.630795,-73.966148
1568130,Zav Grocery Corp,Grocery Store,10260 43rd Ave,Corona,Queens,11368,QUEENS,NY,40.747692,-73.860725
1566303,Halal Meat & Restaurant Inc.,Grocery Store,1263 Fulton St,Brooklyn,Brooklyn,11216,KINGS,NY,40.680592,-73.950798
1567239,7 Eleven Store #41120a,Convenience Store,241 Atlantic Ave,Brooklyn,Brooklyn,11201,KINGS,NY,40.689468,-73.99115
1568729,Deli & Grocery On 188 Utica Corp,Grocery Store,188 Utica Ave,Brooklyn,Brooklyn,11213,KINGS,NY,40.672508,-73.930916
1561952,Meet Deli & Grocery Inc,Convenience Store,3815 Greenpoint Ave,Long Island City,Queens,11101,QUEENS,NY,40.738407,-73.92804
1560240,Natalia Grocery Corp.,Grocery Store,459 Taylor Ave,Bronx,Bronx,10473,BRONX,NY,40.814835,-73.861565
1565594,Healthy Choice Gourmet IV Inc,Convenience Store,1776 Madison Ave,New York,Manhattan,10035,NEW YORK,NY,40.8004,-73.944633
1563453,El Nieto De Mama Fifi Deli Food Corp,Convenience Store,660 Beach Ave,Bronx,Bronx,10473,BRONX,NY,40.819019,-73.863228
1560138,Madison Cafe & Grill Corporation,Convenience Store,244 Madison Ave,New York,Manhattan,10016,NEW YORK,NY,40.75016,-73.981392
1568060,7 Eleven Store #20942d,Convenience Store,4100 Bell Blvd,Bayside,Queens,11361,QUEENS,NY,40.7635,-73.771095
1568889,109-18 Liberty Avenue Corp.,Grocery Store,10918 Liberty Ave,South Richmond Hill,Queens,11419,QUEENS,NY,40.684162,-73.832245
1564127,Skycare Rx Pharmacy Iii Inc.,Convenience Store,2236 Forest Ave,Staten Island,Staten Island,10303,RICHMOND,NY,40.62632,-74.164139
1564132,1679 Monroe Deli Grocery Inc,Convenience Store,1679 Monroe Ave,Bronx,Bronx,10457,BRONX,NY,40.843769,-73.906876
1564729,Dukes Convenience Inc.,Grocery Store,6874 Fresh Pond Rd,Ridgewood,Queens,11385,QUEENS,NY,40.703487,-73.895706
1561156,Valam Food Inc,Convenience Store,15618 45th Ave,Flushing,Queens,11355,QUEENS,NY,40.756691,-73.809448
1580739,Elephant Deli Grocery Corp,Grocery Store,156 Patchen Ave,Brooklyn,Brooklyn,11221,KINGS,NY,40.686073,-73.926842
1575323,New Grace Farmers Market Inc.,Grocery Store,437 Rockaway Ave,Brooklyn,Brooklyn,11212,KINGS,NY,40.669239,-73.910477
1590745,Ali Gourmet Deli & Grocery Corp,Convenience Store,607 Bristol St,Brooklyn,Brooklyn,11212,KINGS,NY,40.656151,-73.909027
1578473,Remsen Food Corp,Convenience Store,967 Lenox Rd,Brooklyn,Brooklyn,11212,KINGS,NY,40.656338,-73.923416
1389901,Bhh Enterprise Inc.,Convenience Store,52 Rivington St,New York,Manhattan,10002,NEW YORK,NY,40.720821,-73.990715
1577859,230 Deli & Grill I Inc,Convenience Store,230 4th Ave,Brooklyn,Brooklyn,11215,KINGS,NY,40.677254,-73.983414
1157825,T & A Gourmet Deli Corp,Convenience Store,891 Grand St,Brooklyn,Brooklyn,11211,KINGS,NY,40.71254,-73.938347
1578741,Euro Food Plus Usa Inc,Convenience Store,10619 Liberty Ave,Ozone Park,Queens,11417,QUEENS,NY,40.683495,-73.834465
1577407,Sound Beach Deli Inc,Convenience Store,9114 Corona Ave,Elmhurst,Queens,11373,QUEENS,NY,40.742367,-73.873016
1576522,Triangle Deli And Grocery Corp,Convenience Store,1891 Fulton St,Brooklyn,Brooklyn,11233,KINGS,NY,40.678967,-73.921005
1565747,Mr Green Juice Bar & Grill Inc.,Convenience Store,14720 Jamaica Ave,Jamaica,Queens,11435,QUEENS,NY,40.701664,-73.807114
1570692,La Mia Deli Grocery Inc,Other,1398 Ogden Ave,Bronx,Bronx,10452,BRONX,NY,40.842552,-73.923904
1352134,Mi Esquina Mini Market Corp. 1,Convenience Store,11102 Northern Blvd,Corona,Queens,11368,QUEENS,NY,40.757797,-73.858376
1577112,E S Wholesome Foods Of Brooklyn Corp.,Grocery Store,98 Montgomery St,Brooklyn,Brooklyn,11225,KINGS,NY,40.6665,-73.961212
1562601,Ocean Ave Deli Of Staten Island Inc,Grocery Store,112 Ocean Ave,Staten Island,Staten Island,10305,RICHMOND,NY,40.595642,-74.063271
1607339,Green Land Farm Deli Mart Corp,Grocery Store,5670 Riverdale Ave,Bronx,Bronx,10471,BRONX,NY,40.906033,-73.904121
1560139,Amaze Meat Market Inc.,Specialty Store,58 Elizabeth Street,New York,Manhattan,10013,NEW YORK,NY,40.717369,-73.996368
1425722,4 Brothers Food Market And Deli Inc,Grocery Store,1712 Amsterdam Ave,New York,Manhattan,10031,NEW YORK,NY,40.825089,-73.947929
1477041,Gourmet Market & Bagel Inc.,Convenience Store,5993 Broadway,Bronx,Bronx,10471,BRONX,NY,40.890255,-73.898285
1574130,K&k Fuego Convenience Store Inc,Convenience Store,472 E Tremont Ave,Bronx,Bronx,10457,BRONX,NY,40.846878,-73.897873
1574156,Las Placetas Deli Grocery Inc.,Convenience Store,1212 36th Ave,Astoria,Queens,11106,QUEENS,NY,40.76059,-73.938889
1573661,Rochell Deli Grocery Corp,Convenience Store,984 Jennings St,Bronx,Bronx,10460,BRONX,NY,40.831303,-73.887779
1573946,Jacuba,Specialty Store,2198 White Plains Rd,Bronx,Bronx,10462,BRONX,NY,40.85651,-73.867439
1586261,Hetman Fine Food & Deli,Grocery Store,66-65 Forest Ave,Ridgewood,Queens,11385,QUEENS,NY,40.705669,-73.902214
1574234,Prospect Garden Deli Corp,Convenience Store,660 Rogers Ave,Brooklyn,Brooklyn,11226,KINGS,NY,40.655369,-73.953133
1570474,El Sabor Deli Grocery Corp,Grocery Store,860 E 180th St,Bronx,Bronx,10460,BRONX,NY,40.845287,-73.883331
1582064,452 Gourmet Deli And Grill Corp.,Convenience Store,452 Knickerbocker Ave,Brooklyn,Brooklyn,11237,KINGS,NY,40.698978,-73.918869
1583850,Netra Inc,Grocery Store,8310 37th Ave,Jackson Heights,Queens,11372,QUEENS,NY,40.749779,-73.88298
1562689,Ob Deli Inc.,Convenience Store,11669 Sutphin Blvd,Jamaica,Queens,11434,QUEENS,NY,40.680695,-73.792007
1559086,Brighton Bagels,Convenience Store,843 Forest Ave,Staten Island,Staten Island,10310,RICHMOND,NY,40.629097,-74.117378
1561309,Easy 1 Deli Grocery Inc,Convenience Store,398 E Tremont Ave,Bronx,Bronx,10457,BRONX,NY,40.847557,-73.90126
1566174,Castle Deli And Grocery Corp,Convenience Store,1215 Castleton Ave,Staten Island,Staten Island,10310,RICHMOND,NY,40.634193,-74.122948
1645803,86th St Flaming Grill,Convenience Store,520 86th St,Brooklyn,Brooklyn,11209,KINGS,NY,40.621021,-74.025742
1586393,Pi 34 Deli Grocery Corporation,Convenience Store,341 Wadsworth Ave,New York,Manhattan,10040,NEW YORK,NY,40.855553,-73.930603
1640862,Yadiel Grocery Store Corp,Grocery Store,670 Barretto St,Bronx,Bronx,10474,BRONX,NY,40.813931,-73.889076
1642202,Habibi's Deli Juice Bar,Convenience Store,944 4th Ave,Brooklyn,Brooklyn,11232,KINGS,NY,40.65469,-74.004341
1587744,Ticos Grocery & Deli Corp,Convenience Store,228 Port Richmond Ave,Staten Island,Staten Island,10302,RICHMOND,NY,40.635735,-74.135101
1582199,Blue Nile Convenience Corp,Other,66 Avenue C,New York,Manhattan,10009,NEW YORK,NY,40.722652,-73.979729
1589519,84th St Corner Deli Corp,Convenience Store,1624 2nd Ave,New York,Manhattan,10028,NEW YORK,NY,40.7766,-73.952454
1584704,Wb Market And Convenience Store,Other,364 Bedford Ave,Brooklyn,Brooklyn,11249,KINGS,NY,40.711796,-73.96315
1588028,The Meat Hook Carroll Gardens,Grocery Store,301 Sackett St,Brooklyn,Brooklyn,11231,KINGS,NY,40.683041,-73.995163
1586685,Prime Natural Deli Corp,Convenience Store,286 Patchen Ave,Brooklyn,Brooklyn,11233,KINGS,NY,40.680965,-73.925819
1587172,3rd Avenue Discount Corp,Convenience Store,2156 3rd Ave,New York,Manhattan,10035,NEW YORK,NY,40.799171,-73.939362
1591361,Wickham Mini Market Corp,Convenience Store,4400 Wickham Ave,Bronx,Bronx,10466,BRONX,NY,40.898521,-73.850449
1579063,91 Union Family Deli Corp,Convenience Store,9102 97th Ave,Ozone Park,Queens,11416,QUEENS,NY,40.684952,-73.850067
1120121,One Stop To Shop Gourmet & Deli Corp 1,Convenience Store,1339 Fulton St,Brooklyn,Brooklyn,11216,KINGS,NY,40.680435,-73.947884
1589580,Noor Deli Corp.,Convenience Store,3660 Broadway,New York,Manhattan,10031,NEW YORK,NY,40.830276,-73.947304
1584878,Raco Deli & Grocery,Convenience Store,3222 Mermaid Ave,Brooklyn,Brooklyn,11224,KINGS,NY,40.574905,-73.999237
1586172,Belmont Mini Market Ny Inc,Specialty Store,51 Belmont Ave,Brooklyn,Brooklyn,11212,KINGS,NY,40.668819,-73.908432
1574733,Ant Solutions Grocery Inc.,Convenience Store,500 W 135th St,New York,Manhattan,10031,NEW YORK,NY,40.818897,-73.952637
1576254,Aberdeen Organic Deli Inc.,Grocery Store,1526 Bushwick Ave,Brooklyn,Brooklyn,11207,KINGS,NY,40.682316,-73.905899
1574378,Suryaside Seed & Oil Inc,Other,4920 Skillman Ave,Woodside,Queens,11377,QUEENS,NY,40.74604,-73.914513
1586662,Woodbine Grocery Inc,Convenience Store,715 Fairview Ave,Ridgewood,Queens,11385,QUEENS,NY,40.705658,-73.903862
1588090,K & P Deli & Grocery,Convenience Store,3501 34th St,Astoria,Queens,11106,QUEENS,NY,40.756824,-73.926109
1584187,One Stop Family Mart Inc,Grocery Store,365 Knickerbocker Ave,Brooklyn,Brooklyn,11237,KINGS,NY,40.700657,-73.921349
1587058,La Tiendita Dona Fide 2 Corp.,Convenience Store,2589 Saint Raymonds Ave,Bronx,Bronx,10461,BRONX,NY,40.843185,-73.845589
1577893,King Deli And Grill 3 Corp,Convenience Store,1932 Kings Hwy,Brooklyn,Brooklyn,11229,KINGS,NY,40.610489,-73.953712
1590882,Ave U Deli And Grill Inc,Convenience Store,1507 Avenue U,Brooklyn,Brooklyn,11229,KINGS,NY,40.599003,-73.956093
1578291,Starr Meat Market Corporation,Convenience Store,39 Saint Nicholas Ave,Brooklyn,Brooklyn,11237,KINGS,NY,40.707352,-73.921097
1589674,Classic Deli & Organic Corp.,Convenience Store,86 Lewis Ave,Brooklyn,Brooklyn,11206,KINGS,NY,40.694363,-73.937462
1584541,Lebanon Gourmetdeli Inc.,Convenience Store,750 E 169th St,Bronx,Bronx,10456,BRONX,NY,40.830917,-73.900085
1648819,A & Z Gourmet Deli Corp,Convenience Store,770 Hunts Point Ave,Bronx,Bronx,10474,BRONX,NY,40.816315,-73.887413
1584351,2236 La Union Deli Grocery Corp,Convenience Store,2108 Amsterdam Ave,New York,Manhattan,10032,NEW YORK,NY,40.8377,-73.938728
1578555,Kingson Deli And Grocery Inc.,Convenience Store,1115 Sterling Pl,Brooklyn,Brooklyn,11213,KINGS,NY,40.672176,-73.941696
1591083,Premier Marketplace Llc.,Convenience Store,29 West St,Brooklyn,Brooklyn,11222,KINGS,NY,40.727242,-73.958961
1485521,Aden Deli & Grill Corp.,Convenience Store,600 Bushwick Ave,Brooklyn,Brooklyn,11206,KINGS,NY,40.698448,-73.934441
1583819,Dyckman Chopcheese Corp,Convenience Store,229 Dyckman St,New York,Manhattan,10034,NEW YORK,NY,40.865898,-73.927589
1585460,411 New Lots Deli Corp,Convenience Store,411 New Lots Ave,Brooklyn,Brooklyn,11207,KINGS,NY,40.662228,-73.892517
786410,Brook Mi Pueblo Mexican Deli Corp.,Grocery Store,245 Brook Ave,Bronx,Bronx,10454,BRONX,NY,40.808132,-73.91906
1586843,Firehouse Deli & Grill # 3 Corporation,Convenience Store,4 Stanwix St,Brooklyn,Brooklyn,11206,KINGS,NY,40.698357,-73.933662
1588212,La Tuya Meat Market & Deli Corp.,Grocery Store,854 Knickerbocker Ave,Brooklyn,Brooklyn,11207,KINGS,NY,40.691677,-73.906052
1586942,Hatzlucha Appetizing Corp DBA Flaum's Appetizing,Other,40 Lee Ave,Brooklyn,Brooklyn,11211,KINGS,NY,40.706299,-73.96077
1497268,AMG 129,Convenience Store,99 E 149th St,Bronx,Bronx,10451,BRONX,NY,40.819592,-73.929855
1591124,Shahbaz Deli Inc,Convenience Store,7403 37th Ave,Jackson Heights,Queens,11372,QUEENS,NY,40.74905,-73.891487
1596751,Ave U Sizzling Grill Corp,Convenience Store,1922 Avenue U,Brooklyn,Brooklyn,11229,KINGS,NY,40.59922,-73.951836
1596485,Lucki Mart Inc,Grocery Store,16109 29th Ave,Flushing,Queens,11358,QUEENS,NY,40.771347,-73.803017
1597141,Fresh Farm Deli Corp.,Convenience Store,6259 Fresh Pond Rd,Ridgewood,Queens,11385,QUEENS,NY,40.712334,-73.900223
1594498,The Grave Deli And Juice Bar LLC,Convenience Store,358 Franklin Ave,Brooklyn,Brooklyn,11238,KINGS,NY,40.686756,-73.956932
1595892,Huating Inc.,Grocery Store,13528 Booth Memorial Ave,Flushing,Queens,11355,QUEENS,NY,40.747238,-73.829185
1586411,90th Stop,Convenience Store,9002 37th Ave,Jackson Heights,Queens,11372,QUEENS,NY,40.750443,-73.876717
1650919,Bueno 111 Grocery Corp,Convenience Store,12506 111th Ave,South Ozone Park,Queens,11420,QUEENS,NY,40.681992,-73.815651
1584603,El Triangulo Deli Market Inc,Convenience Store,2160 Tiebout Ave,Bronx,Bronx,10457,BRONX,NY,40.854248,-73.898392
1595883,522 9th Avenue Food Corp,Convenience Store,522 9th Ave,New York,Manhattan,10018,NEW YORK,NY,40.756374,-73.993919
1589634,Iks Gourmet Deli Inc.,Convenience Store,1286 Washington Ave,Bronx,Bronx,10456,BRONX,NY,40.83271,-73.905952
1579478,Sunset Park Deli Corp,Convenience Store,4406 5th Ave,Brooklyn,Brooklyn,11220,KINGS,NY,40.648407,-74.007095
1647683,Maki Mart,Convenience Store,6124 18th Ave,Brooklyn,Brooklyn,11204,KINGS,NY,40.621037,-73.988472
1596799,Famous 1 Deli Corp.,Convenience Store,706 E 138th St,Bronx,Bronx,10454,BRONX,NY,40.804844,-73.9132
1597398,Good Friend Pharmacy Corp.,Grocery Store,13608 Northern Blvd,Flushing,Queens,11354,QUEENS,NY,40.762821,-73.831322
1594088,146 Cooper Grocery Corp.,Convenience Store,146 Cooper St,Brooklyn,Brooklyn,11207,KINGS,NY,40.687672,-73.90731
1584631,Amazing Bite Gourmet Deli Corp.,Convenience Store,1549 Pitkin Ave,Brooklyn,Brooklyn,11212,KINGS,NY,40.669003,-73.916245
1663355,27 World Of Organic Inc,Convenience Store,27 Avenue C,New York,Manhattan,10009,NEW YORK,NY,40.7215,-73.980888
1590439,Am Family Mart Incorporated,Convenience Store,6523 15th Ave,Brooklyn,Brooklyn,11219,KINGS,NY,40.622738,-73.997528
1660374,Nassau Finest Deli Corp,Other,183 Nassau Ave,Brooklyn,Brooklyn,11222,KINGS,NY,40.725494,-73.94593
1591492,Irving Organic Food Corp,Convenience Store,264 Irving Ave,Brooklyn,Brooklyn,11237,KINGS,NY,40.699726,-73.915848
1587252,Gold-more Deli And Grill 1 Inc.,Convenience Store,1416 Cornaga Ave,Far Rockaway,Queens,11691,QUEENS,NY,40.602764,-73.749435
1658092,Bassford Candy & Grocery Corp,Convenience Store,502 E 183rd St,Bronx,Bronx,10458,BRONX,NY,40.854824,-73.892433
1350207,Royal Deli Grill 0,Convenience Store,2024 Cropsey Ave,Brooklyn,Brooklyn,11214,KINGS,NY,40.599686,-74.002373
1596275,Max Deals,Convenience Store,4280 Broadway,New York,Manhattan,10033,NEW YORK,NY,40.850857,-73.935181
1592819,Campus Deli And Grill Inc,Convenience Store,1606 Amsterdam Ave,New York,Manhattan,10031,NEW YORK,NY,40.821625,-73.95047
1589548,Delmi & Family Incorporated,Convenience Store,8701 Atlantic Ave,Woodhaven,Queens,11421,QUEENS,NY,40.686646,-73.854813
1597104,Mr. Moh Deli Corp.,Convenience Store,2001 3rd Ave,New York,Manhattan,10029,NEW YORK,NY,40.793972,-73.942703
1349699,San Pedro Deli Corp,Convenience Store,780 4th Ave,Brooklyn,Brooklyn,11232,KINGS,NY,40.659801,-73.998856
1599349,Lucky U Convenience Inc,Convenience Store,4211 8th Ave,Brooklyn,Brooklyn,11232,KINGS,NY,40.645283,-73.999191
1590456,Super Deal Discount Inc.,Convenience Store,924 E Tremont Ave,Bronx,Bronx,10460,BRONX,NY,40.84161,-73.883705
1588569,Ahmed Deli Grocery 1 Corp. 347-691-79,Convenience Store,1478 Bedford Ave,Brooklyn,Brooklyn,11216,KINGS,NY,40.672638,-73.954536
1582141,H & S Convenience Corp.,Convenience Store,288 E 174th St,Bronx,Bronx,10457,BRONX,NY,40.844524,-73.905075
1594422,Halal Maurimart Inc,Grocery Store,1170 Fulton St,Brooklyn,Brooklyn,11216,KINGS,NY,40.680714,-73.954231
1273371,Dylan & Madison Food Corp,Convenience Store,9524 41st Ave,Elmhurst,Queens,11373,QUEENS,NY,40.747189,-73.869438
1589569,171 Deli & Convenience,Convenience Store,17175 46th Ave,Flushing,Queens,11358,QUEENS,NY,40.753506,-73.793587
1667904,Organic Snacks 1 & Convenience Inc,Convenience Store,566 5th Ave,Brooklyn,Brooklyn,11215,KINGS,NY,40.665184,-73.989845
1657642,Aquarium Deli Food Corp,Convenience Store,408 Tompkins Ave,Brooklyn,Brooklyn,11216,KINGS,NY,40.683353,-73.944061
914204,Connie's Deli Food Inc,Convenience Store,240 E 204th St,Bronx,Bronx,10458,BRONX,NY,40.874092,-73.884636
1657053,Priceless Discount Corp,Convenience Store,125 W Kingsbridge Rd,Bronx,Bronx,10468,BRONX,NY,40.869068,-73.902725
1575231,Capa Deli & Grocery LLC,Grocery Store,144 Sherman Ave,New York,Manhattan,10034,NEW YORK,NY,40.864609,-73.923691
1595902,Clinton Fruit Market Inc,Convenience Store,681 9th Ave,New York,Manhattan,10036,NEW YORK,NY,40.761589,-73.990562
1474944,Los 3 Hermanos Corp,Convenience Store,8742 25th Ave,Brooklyn,Brooklyn,11214,KINGS,NY,40.595184,-73.990303
1575990,Mylady African Market,Other,2155 Grand Concourse,Bronx,Bronx,10453,BRONX,NY,40.854874,-73.902061
1576192,Super Discount Store Inc.,Convenience Store,1843 Nostrand Ave,Brooklyn,Brooklyn,11226,KINGS,NY,40.640736,-73.948334
1587973,2112 Yafa Llc,Convenience Store,2112 Cortelyou Rd,Brooklyn,Brooklyn,11226,KINGS,NY,40.643845,-73.958298
1598418,Convenient Grab & Go Corp,Convenience Store,566 W 126th St,New York,Manhattan,10027,NEW YORK,NY,40.816063,-73.957542
1660509,Hells Kitchen Deli 1 Inc,Convenience Store,795 9th Ave,New York,Manhattan,10019,NEW YORK,NY,40.765343,-73.987823
1589598,Souk Al Shater Corp.,Grocery Store,4303 Queens Blvd,Sunnyside,Queens,11104,QUEENS,NY,40.743752,-73.921165
1589158,Amigos Deli & Grill Inc.,Convenience Store,5309 4th Ave,Brooklyn,Brooklyn,11220,KINGS,NY,40.644474,-74.014374
1590894,Mi Tehuacan Corp,Other,2446 East Tremont Ave,Bronx,Bronx,10461,BRONX,NY,40.84248,-73.851692
1597196,Wz Krajan,Grocery Store,160 Nassau Ave,Brooklyn,Brooklyn,11222,KINGS,NY,40.725014,-73.946754
1586908,Beibei Market Inc,Other,4612 8th Ave,Brooklyn,Brooklyn,11220,KINGS,NY,40.643185,-74.001778
1584242,Excellence Deli And Grocery Inc,Grocery Store,103 Liberty Ave,Brooklyn,Brooklyn,11212,KINGS,NY,40.672962,-73.906921
1640245,Las Dos Familias Deli,Grocery Store,1858 Bath Ave,Brooklyn,Brooklyn,11214,KINGS,NY,40.60284,-74.004448
1229740,4345 Katonah Enterprises Inc.,Convenience Store,4345A Katonah Ave,Bronx,Bronx,10470,BRONX,NY,40.900127,-73.867828
1593973,Daylan Deli Corp,Convenience Store,100 W 168th St,Bronx,Bronx,10452,BRONX,NY,40.8382,-73.924408
1598764,Sunwing Supermarket Inc,Grocery Store,6501 7th Ave,Brooklyn,Brooklyn,11220,KINGS,NY,40.633709,-74.014633
1600255,Van Brunt Market Inc,Convenience Store,322 Van Brunt St,Brooklyn,Brooklyn,11231,KINGS,NY,40.678913,-74.011269
1598573,Prospect Market,Grocery Store,435 Court St,Brooklyn,Brooklyn,11231,KINGS,NY,40.678268,-73.997719
1648628,Farmers Fresh Deli Inc,Convenience Store,541 Myrtle Ave,Brooklyn,Brooklyn,11205,KINGS,NY,40.693932,-73.962845
1656211,Midtown Deli Corp,Grocery Store,642 9th Ave,New York,Manhattan,10036,NEW YORK,NY,40.760395,-73.99099
1269060,Thn Pharmacy Inc: PITKIN  PHARMACY  &  FOOD MART,Convenience Store,1601 Pitkin Ave,Brooklyn,Brooklyn,11212,KINGS,NY,40.669296,-73.914307
1600838,Jerry Star Grocery Inc.,Grocery Store,6216 11th Ave,Brooklyn,Brooklyn,11219,KINGS,NY,40.630096,-74.004639
1598928,9th Ave Royal Deli,Convenience Store,817 9th Ave,New York,Manhattan,10019,NEW YORK,NY,40.766171,-73.987221
1602603,E & Y Deli Grocery Corp,Convenience Store,1312 Jerome Ave,Bronx,Bronx,10452,BRONX,NY,40.838261,-73.919044
1600227,King & Queen Market Corp.,Grocery Store,3848 White Plains Rd,Bronx,Bronx,10467,BRONX,NY,40.885021,-73.861801
1598488,Estrella Meats Fruits & Grocery Corp,Grocery Store,350 E Gun Hill Rd,Bronx,Bronx,10467,BRONX,NY,40.878632,-73.872833
1603234,Garcia's Grocery Ny Corp,Convenience Store,1201 Foster Ave,Brooklyn,Brooklyn,11230,KINGS,NY,40.633045,-73.965553
1598497,Ozone Park Deli I Corp,Convenience Store,8502 Pitkin Ave,Ozone Park,Queens,11417,QUEENS,NY,40.674953,-73.851349
1660703,790 Candy Grocery Corporation,Convenience Store,790 E 152nd St,Bronx,Bronx,10455,BRONX,NY,40.815441,-73.905724
1644953,Divine Redeemer Deli Corporation,Convenience Store,716 Knickerbocker Ave,Brooklyn,Brooklyn,11221,KINGS,NY,40.694122,-73.910324
1589022,Dios Proveedor Bakery,Convenience Store,1300 Saint Nicholas Ave,New York,Manhattan,10033,NEW YORK,NY,40.845554,-73.936256
1596204,Fresh Deli And Grocery I Inc.,Convenience Store,613 Nostrand Ave,Brooklyn,Brooklyn,11216,KINGS,NY,40.676205,-73.949753
1597005,Mott Juice Bar & Deli Corp,Convenience Store,2113 Mott Ave,Far Rockaway,Queens,11691,QUEENS,NY,40.604641,-73.753929
1595517,D Stop 18th Deli Corp,Convenience Store,8501 18th Ave,Brooklyn,Brooklyn,11214,KINGS,NY,40.607658,-74.00193
1597823,22 4th Avenue Deli & Grocery Inc,Convenience Store,22 4th Ave,Brooklyn,Brooklyn,11217,KINGS,NY,40.684155,-73.978745
698593,New York Deli & Grocery,Convenience Store,7601 Roosevelt Ave,Jackson Heights,Queens,11372,QUEENS,NY,40.747185,-73.889458
1597081,Ditmas Park Pharmacy Inc,Convenience Store,509 Ralph Ave,Brooklyn,Brooklyn,11233,KINGS,NY,40.672028,-73.922142
1597397,El Shaddai Inc.,Grocery Store,1827 Mott Ave,Far Rockaway,Queens,11691,QUEENS,NY,40.602928,-73.750626
1337639,Pena Deli Grocery Corp.,Convenience Store,2337 Grand Concourse Ave,Bronx,Bronx,10468,BRONX,NY,40.858612,-73.899643
1597047,Love Deli & Grocery Inc,Convenience Store,3943 48th Ave,Sunnyside,Queens,11104,QUEENS,NY,40.74012,-73.925278
1057721,New Stanley's Grocery Inc,Convenience Store,2377 Nostrand Ave,Brooklyn,Brooklyn,11210,KINGS,NY,40.62664,-73.946686
1599781,46 Sunny Deli & Grocery Corp,Convenience Store,4526 43rd Ave,Sunnyside,Queens,11104,QUEENS,NY,40.744804,-73.918518
1596159,Central Express Deli Corp,Grocery Store,372 Central Ave,Brooklyn,Brooklyn,11221,KINGS,NY,40.694298,-73.918716
977944,I R Mexican Products Corp.,Other,158 Adelphi St,Brooklyn,Brooklyn,11205,KINGS,NY,40.692879,-73.971893
1597056,Alex Deli Grocery 2 Inc,Convenience Store,2 Sutter Ave,Brooklyn,Brooklyn,11212,KINGS,NY,40.665169,-73.922844
1599742,1078 D'empanada Grocery Corp.,Grocery Store,1078 Rutland Rd,Brooklyn,Brooklyn,11212,KINGS,NY,40.663998,-73.924103
1598221,513 Deli & Grill Inc.,Convenience Store,513 5th Ave,Brooklyn,Brooklyn,11215,KINGS,NY,40.666817,-73.988091
922062,Candy Man,Convenience Store,4702 13th Ave,Brooklyn,Brooklyn,11219,KINGS,NY,40.636135,-73.991173
1590542,605 Deli Corp,Convenience Store,605 Bay Ridge Ave,Brooklyn,Brooklyn,11220,KINGS,NY,40.632347,-74.018288
1642198,Mr. Grill And Juice Bar Corp,Convenience Store,8523 18th Ave,Brooklyn,Brooklyn,11214,KINGS,NY,40.607311,-74.002365
1641162,1378 G & G Market Inc 1,Convenience Store,5219 Broadway,Bronx,Bronx,10463,BRONX,NY,40.875019,-73.909508
1596194,103 Deli Grocery Corp,Grocery Store,10322 Northern Blvd,Corona,Queens,11368,QUEENS,NY,40.757545,-73.864792
1604708,J M D Bagels Corp.,Convenience Store,1180 Forest Ave,Staten Island,Staten Island,10310,RICHMOND,NY,40.626423,-74.129318
1604884,Hana Mart Nyc Corp.,Grocery Store,210 Amsterdam Ave,New York,Manhattan,10023,NEW YORK,NY,40.777111,-73.982964
1599037,Greenroots Market & Deli Inc,Convenience Store,20301 Hollis Ave,Saint Albans,Queens,11412,QUEENS,NY,40.706684,-73.754753
1604046,Stop 1 Mini Market & Deli Inc,Convenience Store,1360 E Gun Hill Rd,Bronx,Bronx,10469,BRONX,NY,40.870239,-73.846138
1602533,237 Food Market Corp.,Convenience Store,237 W 238th St,Bronx,Bronx,10463,BRONX,NY,40.885078,-73.900124
1600144,Peter Deli & Grocery I Corp.,Convenience Store,268 Morningstar Rd,Staten Island,Staten Island,10303,RICHMOND,NY,40.631653,-74.146866
1580733,J&F N Deli Market Inc,Convenience Store,14589 Guy r Brewer Blvd,Jamaica,Queens,11434,QUEENS,NY,40.663937,-73.768364
1600626,Maison Jar,Other,566 Leonard St,Brooklyn,Brooklyn,11222,KINGS,NY,40.724213,-73.949875
1601935,Deli Grocery God Bless You Inc,Convenience Store,8010 20th Ave,Brooklyn,Brooklyn,11214,KINGS,NY,40.607861,-73.995087
1601566,2667 Coney Island King Inc.,Convenience Store,2667 Coney Island Ave,Brooklyn,Brooklyn,11223,KINGS,NY,40.59177,-73.960495
1604608,Conckla Bakery Corporation,Other,1878 86th St,Brooklyn,Brooklyn,11214,KINGS,NY,40.605976,-74.000832
1605019,Bus Stop Mini Market 1 Corp,Grocery Store,271 E 206th St,Bronx,Bronx,10467,BRONX,NY,40.875046,-73.879951
1605098,New Seafood Kingdom Inc.,Other,1224 Flatbush Ave,Brooklyn,Brooklyn,11226,KINGS,NY,40.640289,-73.955635
1598101,Flatbush Fresh Deli & Grill Inc,Convenience Store,2123 Church Ave,Brooklyn,Brooklyn,11226,KINGS,NY,40.650429,-73.95916
1605836,N & S Grand Deli & Grocery Inc.,Convenience Store,810 Grand St,Brooklyn,Brooklyn,11211,KINGS,NY,40.7118,-73.941086
1604977,New York Sub Corp,Convenience Store,1221 Flatbush Ave,Brooklyn,Brooklyn,11226,KINGS,NY,40.640411,-73.955322
1605075,El Torito Meat Market Corp.,Grocery Store,577 E 187th St,Bronx,Bronx,10458,BRONX,NY,40.856033,-73.888168
1605198,Total Care II  Inc,Other,1244 Virginia Ave,Bronx,Bronx,10472,BRONX,NY,40.831932,-73.861015
1604154,Sammay's Deli & Grocery Inc,Convenience Store,1131 W Farms Rd,Bronx,Bronx,10459,BRONX,NY,40.826668,-73.890297
1598539,Fernandez Deli Grocery ll Corp,Grocery Store,986 Rogers Pl,Bronx,Bronx,10459,BRONX,NY,40.823681,-73.897514
1597376,Aries Fish Market Inc,Specialty Store,748 Lydig Ave,Bronx,Bronx,10462,BRONX,NY,40.854378,-73.865982
1659057,K-Squad Inc,Convenience Store,1506 Avenue H,Brooklyn,Brooklyn,11230,KINGS,NY,40.629864,-73.961998
846814,SY Strawberry Farm,Grocery Store,2403 Westchester Ave,Bronx,Bronx,10461,BRONX,NY,40.837238,-73.846413
1659169,Hunter Gourmet Deli Inc,Convenience Store,200 E 119th St,New York,Manhattan,10035,NEW YORK,NY,40.799713,-73.938423
1602475,Schwartz Appetizing,Grocery Store,4824 16th Ave,Brooklyn,Brooklyn,11204,KINGS,NY,40.63121,-73.98555
1600900,King Blake Deli Inc,Convenience Store,1108 Blake Ave,Brooklyn,Brooklyn,11208,KINGS,NY,40.670341,-73.877144
1599113,Naira Bread,Specialty Store,530 Conduit Blvd,Brooklyn,Brooklyn,11208,KINGS,NY,40.67675,-73.869888
1135380,Lunchstop Deli & Grocery Corp.,Convenience Store,3720 23rd Ave,Astoria,Queens,11105,QUEENS,NY,40.771606,-73.90918
1609491,DOLLARTREE 9508,Other,559 Fulton St,Brooklyn,Brooklyn,11201,KINGS,NY,40.689606,-73.982368
1603323,Shlomiys Bakery,Specialty Store,430 Avenue P,Brooklyn,Brooklyn,11223,KINGS,NY,40.608841,-73.971527
1599804,King Juice & Grill Corp,Convenience Store,11142 Lefferts Blvd,South Ozone Park,Queens,11420,QUEENS,NY,40.679306,-73.820938
1599318,Xian Guo Yuan Inc,Other,5924 8th Ave,Brooklyn,Brooklyn,11220,KINGS,NY,40.635685,-74.009575
1599320,Olympic Three Inc,Convenience Store,5951 Queens Midtown Expy,Maspeth,Queens,11378,QUEENS,NY,40.728104,-73.906906
1603414,Sunglasses Fruit Inc.,Specialty Store,5302 8th Ave,Brooklyn,Brooklyn,11220,KINGS,NY,40.639435,-74.005676
1603036,Ying Fu Market,Other,4235 Main St,Flushing,Queens,11355,QUEENS,NY,40.754566,-73.827736
1604696,Supermarket Las Gardenias Corp,Grocery Store,4401 5th Ave,Brooklyn,Brooklyn,11220,KINGS,NY,40.648315,-74.006783
1598458,Dafu Grocery Inc.,Grocery Store,5024 8th Ave,Brooklyn,Brooklyn,11220,KINGS,NY,40.640743,-74.004364
1606136,Ny Lucky Express Llc,Other,5715A Main St,Flushing,Queens,11355,QUEENS,NY,40.745968,-73.825867
1602315,Anla Market Inc,Grocery Store,4153A Main St,Flushing,Queens,11355,QUEENS,NY,40.756935,-73.82869
1601023,Cumanda Corp.,Convenience Store,9818 Northern Blvd,Corona,Queens,11368,QUEENS,NY,40.757065,-73.869713
247981,Lovera Grocery Store Corp,Convenience Store,3727 108th St,Corona,Queens,11368,QUEENS,NY,40.753273,-73.859901
1602197,Corona Food Market Corp,Grocery Store,3919 111th St,Corona,Queens,11368,QUEENS,NY,40.751904,-73.85585
1600081,E & J Deli & Grill Corp,Convenience Store,14309 95th Ave,Jamaica,Queens,11435,QUEENS,NY,40.697544,-73.809441
1597603,M&M5 Deli Grocery Inc,Convenience Store,224 Albany Ave,Brooklyn,Brooklyn,11213,KINGS,NY,40.672962,-73.939224
1666161,William Deli & Grill,Convenience Store,61 N 11th St,Brooklyn,Brooklyn,11249,KINGS,NY,40.722118,-73.958466
732281,Fatima Grocery,Grocery Store,5914 Snyder Ave,Brooklyn,Brooklyn,11203,KINGS,NY,40.650562,-73.921021
1610673,Rockaway Finest Meat Corp/Greenvillage Meat Market,Grocery Store,1420 Rockaway Pkwy,Brooklyn,Brooklyn,11236,KINGS,NY,40.645309,-73.902695
1604605,Z H Fresh Market Inc N/A,Grocery Store,1237 Avenue U,Brooklyn,Brooklyn,11229,KINGS,NY,40.598713,-73.95871
1605566,Yemz Deli & Food Market,Convenience Store,1314 Kings Hwy,Brooklyn,Brooklyn,11229,KINGS,NY,40.608131,-73.959465
1191626,Import & Export Fal,Convenience Store,1466 Inwood Ave,Bronx,Bronx,10452,BRONX,NY,40.842041,-73.917694
1604099,Ciara's Deli Corp,Convenience Store,89 W 170th St,Bronx,Bronx,10452,BRONX,NY,40.840485,-73.922218
1289884,169 77 Stationary1 Corp,Convenience Store,16977 137th Ave,Jamaica,Queens,11434,QUEENS,NY,40.673103,-73.770447
1604256,Abu Khalil Deli & Grill Corp,Convenience Store,15527 Jamaica Ave,Jamaica,Queens,11432,QUEENS,NY,40.703381,-73.800583
1386636,1delibronx Llc,Convenience Store,2897 Sedgwick Ave,Bronx,Bronx,10468,BRONX,NY,40.874985,-73.901268
1448220,Family Dollar 11875,Other,221 Canal St,Staten Island,Staten Island,10304,RICHMOND,NY,40.624996,-74.079788
1603441,Pamela Grocery Store Corp,Grocery Store,1626 Park Ave,New York,Manhattan,10029,NEW YORK,NY,40.798893,-73.943848
1599162,3001 Plaza Libre Food Corp.,Convenience Store,3001 Kingsbridge Ter,Bronx,Bronx,10463,BRONX,NY,40.875698,-73.902245
1411947,Monarch Deli Corp.,Convenience Store,2006 Lexington Ave,New York,Manhattan,10035,NEW YORK,NY,40.802711,-73.938812
1603001,Green Island Market Inc,Other,323 New Dorp Ln,Staten Island,Staten Island,10306,RICHMOND,NY,40.571671,-74.111732
1589152,Linden Stop Deli Corp.,Convenience Store,20101 Linden Blvd,Saint Albans,Queens,11412,QUEENS,NY,40.694878,-73.751205
1646183,BP Gas Station,Convenience Store,91 Westchester Sq,Bronx,Bronx,10461,BRONX,NY,40.841038,-73.840729
1665320,5 De Mayo Food Market #2 Corp,Convenience Store,7104 3rd Ave,Brooklyn,Brooklyn,11209,KINGS,NY,40.634094,-74.026894
1649593,Z-grill & Pizzeria Corp.,Convenience Store,803 8th Ave,New York,Manhattan,10019,NEW YORK,NY,40.76141,-73.986977
1607741,325 Dreamland Inc,Grocery Store,325 2nd Ave,New York,Manhattan,10003,NEW YORK,NY,40.73542,-73.982941
1606455,Beachside Pharmacy,Other,10119 Rockaway Beach Blvd,Rockaway Park,Queens,11694,QUEENS,NY,40.583275,-73.822044
1667392,Habibi Prince Corp,Convenience Store,7410 Broadway,Elmhurst,Queens,11373,QUEENS,NY,40.746384,-73.891052
1246732,Hady Deli & Grocery Corp,Convenience Store,9424 Northern Blvd,Jackson Heights,Queens,11372,QUEENS,NY,40.756733,-73.873528
1460452,Manzanita Corp,Convenience Store,9424 Roosevelt Ave,Jackson Heights,Queens,11372,QUEENS,NY,40.748875,-73.871735
1660797,Bolla 100-03 Cohancy C-store,Convenience Store,10003 N Conduit Ave,Ozone Park,Queens,11417,QUEENS,NY,40.667339,-73.834152
1602547,Very Berry Fresh Market Inc,Grocery Store,2901 Broadway,Astoria,Queens,11106,QUEENS,NY,40.762779,-73.926788
1650726,Hot Spot Juice & Grill Corp,Convenience Store,10702 Rockaway Blvd,Ozone Park,Queens,11417,QUEENS,NY,40.678215,-73.832001
1434512,Rrr Gourmet & Grill Inc,Convenience Store,451 Pennsylvania Ave,Brooklyn,Brooklyn,11207,KINGS,NY,40.666161,-73.894196
1601983,Hajj Halal African Market Inc.,Grocery Store,2529 Frederick Douglass Blvd,New York,Manhattan,10030,NEW YORK,NY,40.816826,-73.946541
1603760,Ajay Deli & Grocery Corp,Convenience Store,6906 Woodside Ave,Woodside,Queens,11377,QUEENS,NY,40.742527,-73.895325
1606515,Tripple Seven Spot Inc,Convenience Store,11802 Jamaica Ave,Richmond Hill,Queens,11418,QUEENS,NY,40.699699,-73.831604
1602920,Ranch Deli Corp.,Convenience Store,3511 E Tremont Ave,Bronx,Bronx,10465,BRONX,NY,40.830997,-73.826263
1601235,Satkaival Usa Inc,Convenience Store,7152 Yellowstone Blvd,Forest Hills,Queens,11375,QUEENS,NY,40.721302,-73.855263
1604207,444 Grocery Deli Inc.,Convenience Store,444 Ralph Ave,Brooklyn,Brooklyn,11233,KINGS,NY,40.673889,-73.922256
1602211,Valentino Deli Grocery Corp,Grocery Store,3321 3rd Ave,Bronx,Bronx,10456,BRONX,NY,40.826443,-73.907959
1599481,Jackob Deli And Grocery Corp.,Convenience Store,1660 Saint Johns Pl,Brooklyn,Brooklyn,11233,KINGS,NY,40.669987,-73.922646
1599936,La Familia Ii Grocery Corp,Convenience Store,11177 157th St,Jamaica,Queens,11433,QUEENS,NY,40.688129,-73.790466
1604921,Yourwaydeli Inc.,Convenience Store,33 Victory Blvd,Staten Island,Staten Island,10301,RICHMOND,NY,40.637913,-74.076485
1603604,Inj Deli And Grocery Corp.,Convenience Store,292 E 166th St,Bronx,Bronx,10456,BRONX,NY,40.830135,-73.914757
1600525,432 Empire Deli Grocery Corp,Grocery Store,432 2nd Ave,New York,Manhattan,10010,NEW YORK,NY,40.738846,-73.97995
1598656,Pubg Deli Convenience Corp,Convenience Store,18806 Jamaica Ave,Queens,Queens,11423,QUEENS,NY,40.710804,-73.770416
1600566,Mi Pueblo Cuisine & Panaderia Corp,Grocery Store,166 Morningstar Rd,Staten Island,Staten Island,10303,RICHMOND,NY,40.633915,-74.146156
1652872,Tims Gun Hil Deli Corp,Convenience Store,330 E Gun Hill Rd,Bronx,Bronx,10467,BRONX,NY,40.878681,-73.873367
1532085,Colmado Minaya Corp,Convenience Store,676 Miller Ave,Brooklyn,Brooklyn,11207,KINGS,NY,40.664032,-73.889145
1141029,Amar Desh Food Inc/Bangla Nagar Supermarket,Grocery Store,87 Church Ave,Brooklyn,Brooklyn,11218,KINGS,NY,40.6427,-73.980049
1605894,Mr Sam Deli Corp,Convenience Store,1950 Bryant Ave,Bronx,Bronx,10460,BRONX,NY,40.840427,-73.881599
1609471,Midwood Bagels II,Convenience Store,3001 Avenue K,Brooklyn,Brooklyn,11210,KINGS,NY,40.624538,-73.946274
1609910,77 Swiper Deli Corp.,Convenience Store,2742 E Tremont Ave,Bronx,Bronx,10461,BRONX,NY,40.842041,-73.844574
1606891,Healthy Baby 88 Inc,Convenience Store,7102 20th Ave,Brooklyn,Brooklyn,11204,KINGS,NY,40.613121,-73.989616
1615356,Al Quds Trading Corp,Grocery Store,1827 White Plains Rd,Bronx,Bronx,10462,BRONX,NY,40.845837,-73.866417
1611001,Friends Double Discount,Grocery Store,1448 Olmstead Ave,Bronx,Bronx,10462,BRONX,NY,40.835735,-73.854942
1607236,Moes 1 Quick Deli Inc,Convenience Store,817 Saint Anns Ave,Bronx,Bronx,10456,BRONX,NY,40.821156,-73.91011
1607930,Rosenfeld's Grocery,Grocery Store,160 Penn St,Brooklyn,Brooklyn,11211,KINGS,NY,40.702869,-73.9571
1609381,Mocha Coffee Express Llc,Convenience Store,481 Morris Park Ave,Bronx,Bronx,10460,BRONX,NY,40.841385,-73.873009
1611542,Family Mexican Deli Corp,Convenience Store,1865 E Tremont Ave,Bronx,Bronx,10460,BRONX,NY,40.841145,-73.864975
1607865,Crown Bagels And Deli Corp.,Convenience Store,229 Utica Ave,Brooklyn,Brooklyn,11213,KINGS,NY,40.670918,-73.930779
1446409,H&L 168 Deli Grocery Inc,Convenience Store,530 92nd St,Brooklyn,Brooklyn,11209,KINGS,NY,40.617149,-74.02816
1610260,Sinala Convenience Corp,Grocery Store,2555 Grand Concourse,Bronx,Bronx,10468,BRONX,NY,40.86393,-73.896454
1598544,Las Palmas Bakery 2 Llc,Other,2425 Grand Concourse,Bronx,Bronx,10468,BRONX,NY,40.860874,-73.898369
1597893,Samarkand Uz Inc.,Grocery Store,6202A Woodhaven Blvd,Rego Park,Queens,11374,QUEENS,NY,40.726967,-73.870781
1605205,Ave U Deli And Convenience Inc,Convenience Store,2271 McDonald Ave,Brooklyn,Brooklyn,11223,KINGS,NY,40.596886,-73.973061
1606248,Penny Mart Convenience Corp,Convenience Store,730 Kings Hwy,Brooklyn,Brooklyn,11223,KINGS,NY,40.606316,-73.964729
1596888,Bainbridge Bakery 1,Specialty Store,3130 Bainbridge Ave,Bronx,Bronx,10467,BRONX,NY,40.874733,-73.879257
1606929,Usa Superstores,Grocery Store,310 E 2nd St,New York,Manhattan,10009,NEW YORK,NY,40.720242,-73.978958
1606280,7th Ave Deli & Grocery I Corp.,Convenience Store,8425 7th Ave,Brooklyn,Brooklyn,11228,KINGS,NY,40.619286,-74.020683
1604964,Ridge Mini Market And Deli 1 Corp.,Convenience Store,129 Ridge St,New York,Manhattan,10002,NEW YORK,NY,40.719578,-73.983002
1606120,Sosa Produce,Specialty Store,116 E 170th St,Bronx,Bronx,10452,BRONX,NY,40.839195,-73.915421
1602969,Ash Town African Market,Convenience Store,93 McClellan St,Bronx,Bronx,10452,BRONX,NY,40.833736,-73.920609
1600357,Hanz 975 Corporation,Grocery Store,975 Fulton St,Brooklyn,Brooklyn,11238,KINGS,NY,40.683041,-73.964127
1607111,Mahakali 8109 Corp.,Convenience Store,8109 41st Ave,Elmhurst,Queens,11373,QUEENS,NY,40.745995,-73.88443
1607564,Ocean Park Gourmet Deli Corp,Convenience Store,1721 Seagirt Blvd,Far Rockaway,Queens,11691,QUEENS,NY,40.594845,-73.751816
1470630,T Deli & Grill Corp,Convenience Store,5401 Avenue T,Brooklyn,Brooklyn,11234,KINGS,NY,40.613045,-73.92218
1602608,Wonder 7th Grocery Inc. 5120,Grocery Store,5120 7th Ave,Brooklyn,Brooklyn,11220,KINGS,NY,40.641491,-74.007118
1656343,Leonard Gourmet Deli Inc,Convenience Store,345 Broadway,New York,Manhattan,10013,NEW YORK,NY,40.716766,-74.004341
1603787,Mr Moes Finest Food Corp,Convenience Store,1924 2nd Ave,New York,Manhattan,10029,NEW YORK,NY,40.786331,-73.945351
1609989,Diana Mini Market Corp.,Convenience Store,701 Coster St,Bronx,Bronx,10474,BRONX,NY,40.814621,-73.887596
922425,7-Eleven #32720A,Convenience Store,12702 14th Ave,College Point,Queens,11356,QUEENS,NY,40.785011,-73.840912
1610723,7 Eleven Store #29937E,Convenience Store,6507 Woodhaven Blvd,Rego Park,Queens,11374,QUEENS,NY,40.719803,-73.864464
1603961,Magdalena Deli Grocery Corp,Convenience Store,98 Marcus Garvey Blvd,Brooklyn,Brooklyn,11206,KINGS,NY,40.695484,-73.940666
1613907,Delicacy Haven Corp.,Convenience Store,6949 Grand Ave,Maspeth,Queens,11378,QUEENS,NY,40.726944,-73.893929
1605082,Pasion Mexicana,Convenience Store,6915 Grand Ave,Maspeth,Queens,11378,QUEENS,NY,40.72636,-73.89502
1615633,Apple Tree Plus Inc.,Other,5590 Broadway,Bronx,Bronx,10463,BRONX,NY,40.879227,-73.904366
1114957,Stars Deli Grocery,Convenience Store,3919 47th Ave,Sunnyside,Queens,11104,QUEENS,NY,40.742058,-73.925766
1613029,Super Classic Meat Market Corp,Grocery Store,3641 Broadway,New York,Manhattan,10031,NEW YORK,NY,40.829567,-73.948494
1587225,Pera Produce And Meat Market Corp. 93-3155254,Grocery Store,4087 Broadway,New York,Manhattan,10032,NEW YORK,NY,40.844322,-73.939148
1612981,Papafin Deli Grocery Inc,Convenience Store,2172 Amsterdam Ave,New York,Manhattan,10032,NEW YORK,NY,40.839649,-73.937309
1604651,249 Street Foodmart Inc.,Convenience Store,24827 Union Tpke,Bellerose,Queens,11426,QUEENS,NY,40.742805,-73.721329
1670308,Bebe Deli Grocery,Grocery Store,3118 Bailey Ave,Bronx,Bronx,10463,BRONX,NY,40.878372,-73.901878
1599035,My Neighbors Grocery Inc.,Convenience Store,901 40th Ave,Long Island City,Queens,11101,QUEENS,NY,40.757355,-73.944862
1657574,263 Grill And Deli Corporation,Convenience Store,263 W Kingsbridge Rd,Bronx,Bronx,10463,BRONX,NY,40.873184,-73.905327
1604949,Organic Mini Market Nyc Inc.,Convenience Store,1829 Madison Ave,New York,Manhattan,10035,NEW YORK,NY,40.801773,-73.943375
1607967,Lic Food Market Corp./Bonjour Food Market,Convenience Store,2159 44th Dr,Long Island City,Queens,11101,QUEENS,NY,40.747856,-73.945213
1605401,Q Gourmet Deli Corp,Convenience Store,1798 Westchester Ave,Bronx,Bronx,10472,BRONX,NY,40.83168,-73.866493
1605072,Grab N Go Gourmet Corp,Convenience Store,1842 E New York Ave,Brooklyn,Brooklyn,11207,KINGS,NY,40.676395,-73.900574
1217273,Hannan Deli & Grocery Corp,Grocery Store,1603 Avenue U,Brooklyn,Brooklyn,11229,KINGS,NY,40.599091,-73.955276
1606526,Ronny Deli Grocery Corp.,Convenience Store,518 Sutter Ave,Brooklyn,Brooklyn,11207,KINGS,NY,40.668617,-73.89962
1609643,New National Bakery Inc.,Specialty Store,1522A Westchester Ave,Bronx,Bronx,10472,BRONX,NY,40.828468,-73.878853
1283289,Borhan Food Mart Corp,Convenience Store,1559 Broadway,Brooklyn,Brooklyn,11207,KINGS,NY,40.686024,-73.915939
1610628,Flatlands Grocery Corp.,Convenience Store,3711 Flatlands Ave,Brooklyn,Brooklyn,11234,KINGS,NY,40.61948,-73.938316
1649043,304 Convenience,Other,304 8th Ave,New York,Manhattan,10001,NEW YORK,NY,40.746738,-73.997223
1669409,Super Classic Meat Market Corp,Grocery Store,3641 Broadway,New York,Manhattan,10031,NEW YORK,NY,40.829567,-73.948494
1610033,La Economica Meat Market Inc.,Grocery Store,1717 University Ave,Bronx,Bronx,10453,BRONX,NY,40.849689,-73.91703
1599257,Yummy Foods Deli Corp,Grocery Store,2445 Frederick Douglass Blvd,New York,Manhattan,10027,NEW YORK,NY,40.814079,-73.948563
1606774,Quality NY Meat And Fish Market 2 Corporation,Grocery Store,3722 White Plains Rd,Bronx,Bronx,10467,BRONX,NY,40.882019,-73.863457
1610408,Utopia Groceries Inc,Grocery Store,6113 Utopia Pkwy,Fresh Meadows,Queens,11365,QUEENS,NY,40.738506,-73.792824
1607429,Yahya Plus Convenience Store Corp,Convenience Store,8958 Francis Lewis Blvd,Queens Village,Queens,11427,QUEENS,NY,40.718174,-73.757523
1612126,Sammy's Candy & Lotto Inc,Convenience Store,8707 Jamaica Ave,Woodhaven,Queens,11421,QUEENS,NY,40.692741,-73.857094
1611925,Z M Deli Grocery Store Corporation,Grocery Store,510 Riverdale Ave,Brooklyn,Brooklyn,11207,KINGS,NY,40.662533,-73.897583
1611858,East 19 Deli And Juice Bar Inc.,Convenience Store,1910 Kings Hwy,Brooklyn,Brooklyn,11229,KINGS,NY,40.610275,-73.954323
1611481,Batista Food Shop Corp,Grocery Store,7 Hillside Ave,New York,Manhattan,10040,NEW YORK,NY,40.858917,-73.930779
1612370,Star Mart 24 Corporation,Convenience Store,1483 Saint Nicholas Ave,New York,Manhattan,10033,NEW YORK,NY,40.851349,-73.932472
1617261,Pace's Italian Market 2 Inc.,Convenience Store,4131 Broadway,New York,Manhattan,10033,NEW YORK,NY,40.84597,-73.938728
1614139,Jimmy Express Deli Corp,Convenience Store,4183 Broadway,New York,Manhattan,10033,NEW YORK,NY,40.847771,-73.938171
1659127,New Asian Food 168,Other,4131 Main St,Flushing,Queens,11355,QUEENS,NY,40.757393,-73.828865
1649193,Blue Line Deli And Food Mart Corp,Convenience Store,156 W 166th St,Bronx,Bronx,10452,BRONX,NY,40.835781,-73.928619
1608051,Yum Deli And Grocery 1 Corp.,Convenience Store,2909 Surf Ave,Brooklyn,Brooklyn,11224,KINGS,NY,40.573025,-73.99527
1612821,Family Convenient Corp,Convenience Store,625 E 189th St,Bronx,Bronx,10458,BRONX,NY,40.856987,-73.884987
1611778,Faria Foods N Groceries Inc,Convenience Store,143 Nevins St,Brooklyn,Brooklyn,11217,KINGS,NY,40.684246,-73.983788
1650989,Red Hook Fish & Market Inc,Grocery Store,1813 Church Ave,Brooklyn,Brooklyn,11226,KINGS,NY,40.649723,-73.962708
1657168,Mini Deli & Hot Food Llc,Convenience Store,819 McDonald Ave,Brooklyn,Brooklyn,11218,KINGS,NY,40.634026,-73.977585
1611811,L&J Carting LLC,Convenience Store,17020 Liberty Ave,Jamaica,Queens,11433,QUEENS,NY,40.70356,-73.787567
1611715,Dyker G Mart Inc,Convenience Store,6706 11th Ave,Brooklyn,Brooklyn,11219,KINGS,NY,40.627396,-74.007446
1653550,1450 Habibi Deli Corp,Convenience Store,1450 Rockaway Pkwy,Brooklyn,Brooklyn,11236,KINGS,NY,40.64473,-73.902039
1610651,Bakelicious By Chef Manny Inc,Specialty Store,636 Walton Ave,Bronx,Bronx,10451,BRONX,NY,40.821259,-73.927292
1455422,Parkchester Deli Grocery Corp,Convenience Store,1915 Westchester Ave,Bronx,Bronx,10462,BRONX,NY,40.833454,-73.860237
1612325,Vanderbilt Deli Grocery Inc,Convenience Store,608 Vanderbilt Ave,Brooklyn,Brooklyn,11238,KINGS,NY,40.678211,-73.968872
1643186,909 Deli And Grocery Corp,Other,909 E 230th St,Bronx,Bronx,10466,BRONX,NY,40.8895,-73.852386
1610763,GB Gourmet Deli Grill Corporation,Convenience Store,116 Dekalb Ave,Brooklyn,Brooklyn,11201,KINGS,NY,40.689709,-73.97805
1617205,19th Avenue Convenience Inc,Convenience Store,1880 86th St,Brooklyn,Brooklyn,11214,KINGS,NY,40.605927,-74.000748
1053049,Adam Deli & Delicatessen Corp,Grocery Store,112A Nassau Ave,Brooklyn,Brooklyn,11222,KINGS,NY,40.724167,-73.94931
1613187,Zafars Cafe & Convenience,Convenience Store,7615 Woodside Ave,Elmhurst,Queens,11373,QUEENS,NY,40.743633,-73.888275
1615102,The Legend Of Jamaica King Fish Inc,Specialty Store,9060 Sutphin Blvd,Jamaica,Queens,11435,QUEENS,NY,40.701263,-73.808083
856579,Aden Supermarket Llc 1,Convenience Store,10404 Flatlands Ave,Brooklyn,Brooklyn,11236,KINGS,NY,40.647053,-73.895126
1612043,Rise & Shine Deli Grocery Corp,Convenience Store,809 Nostrand Ave,Brooklyn,Brooklyn,11225,KINGS,NY,40.668839,-73.950455
1607732,1459 Mia Deli & Grocery LLC,Grocery Store,1459 Story Ave,Bronx,Bronx,10473,BRONX,NY,40.821465,-73.880203
1609991,La Mixteca Deli & Grocery,Convenience Store,4604 Avenue N,Brooklyn,Brooklyn,11234,KINGS,NY,40.61861,-73.930527
449947,Valerie Grocery Corp,Grocery Store,237 Irving Ave,Brooklyn,Brooklyn,11237,KINGS,NY,40.700714,-73.917107
1596916,Cloud Grocery Inc,Other,14118 Northern Blvd,Flushing,Queens,11354,QUEENS,NY,40.764309,-73.825127
1614310,Eastern Seafood Trading Inc.,Other,4318 Main St,Flushing,Queens,11355,QUEENS,NY,40.752029,-73.826813
1613152,Tasty Choice Deli,Convenience Store,219-15 Jamaica Ave,Queens Village,Queens,11428,QUEENS,NY,40.718529,-73.735664
1611242,Boston Gourmet Deli & More Corp,Convenience Store,3766 Boston Rd,Bronx,Bronx,10469,BRONX,NY,40.880913,-73.839226
1610245,Mauro Velasco Martinez 320596396,Specialty Store,4061 Broadway,New York,Manhattan,10032,NEW YORK,NY,40.843533,-73.939331
1471409,Brother Produce & Fish,Grocery Store,1154 E Gun Hill Rd,Bronx,Bronx,10469,BRONX,NY,40.87291,-73.853302
1612238,125th Finest Deli Inc,Convenience Store,14 E 125th St,New York,Manhattan,10035,NEW YORK,NY,40.805954,-73.941566
1612423,Pitkin Super Deals Inc,Grocery Store,441 2nd Ave,New York,Manhattan,10010,NEW YORK,NY,40.739433,-73.980011
1610553,Utica Mini Mart Corp.,Convenience Store,91 Utica Ave,Brooklyn,Brooklyn,11213,KINGS,NY,40.675747,-73.930397
1610463,AI Mart CP Inc.,Grocery Store,13219 14th Ave,College Point,Queens,11356,QUEENS,NY,40.78738,-73.835518
1614047,Food Budget Inc,Grocery Store,1778 Utica Ave,Brooklyn,Brooklyn,11234,KINGS,NY,40.628971,-73.928154
1602487,Yedelin Deli & Grocery 3 Corp,Convenience Store,900 Hoe Ave,Bronx,Bronx,10459,BRONX,NY,40.82156,-73.890152
1612650,Lucas Gourmet Corp,Convenience Store,113 Belmont Ave,Brooklyn,Brooklyn,11212,KINGS,NY,40.669182,-73.906021
1613048,Sol De Mexico Minimarket Corp.,Grocery Store,7412 Metropolitan Ave,Middle Village,Queens,11379,QUEENS,NY,40.71278,-73.877869
1610910,King Capital Deli Grocery Corp.,Convenience Store,9527 Church Ave,Brooklyn,Brooklyn,11212,KINGS,NY,40.655701,-73.915726
1606495,Moe Mini Mart Corp.,Convenience Store,407 Mother Gaston Blvd,Brooklyn,Brooklyn,11212,KINGS,NY,40.669151,-73.906548
1614321,Long Wood Fish Market,Specialty Store,9615 Church Ave,Brooklyn,Brooklyn,11212,KINGS,NY,40.65609,-73.915115
1646466,J.R. Vegetable Market Inc,Other,140 Mott St,New York,Manhattan,10013,NEW YORK,NY,40.718765,-73.996506
1604325,1269 Bronx Deli,Convenience Store,1269 Grand Concourse,Bronx,Bronx,10452,BRONX,NY,40.836243,-73.916458
1600473,Between The Bun Deli 4 Corp,Grocery Store,439 E 162nd St,Bronx,Bronx,10451,BRONX,NY,40.824383,-73.911987
1608159,Gregorio M. Garcia Delgado 93-4972963,Convenience Store,2516 Adam Clayton Powell Jr Blvd,New York,Manhattan,10039,NEW YORK,NY,40.822277,-73.93895
1609485,Access Pharmacy Inc,Convenience Store,5910 99th St,Corona,Queens,11368,QUEENS,NY,40.736897,-73.859489
1608073,Ulises's Butcher Shop,Grocery Store,956 Longwood Ave,Bronx,Bronx,10459,BRONX,NY,40.817436,-73.898407
1640100,Organic Valley Food Market 2 Inc,Convenience Store,1788 3rd Ave,New York,Manhattan,10029,NEW YORK,NY,40.787376,-73.947975
1602272,Freeman Deli Grocery Corp.,Convenience Store,854 Freeman St,Bronx,Bronx,10459,BRONX,NY,40.830444,-73.895821
1648326,Singhs Fresh Farm 01,Other,10725 Atlantic Ave,Richmond Hill,Queens,11418,QUEENS,NY,40.691475,-73.83783
1607512,Chang Jiang Store,Specialty Store,4033 Main St,Flushing,Queens,11354,QUEENS,NY,40.758701,-73.829491
1607316,Sylca Meat Corporation,Specialty Store,9105 31st Ave,East Elmhurst,Queens,11369,QUEENS,NY,40.760273,-73.877403
1614121,Diksha 545 Inc,Convenience Store,545 Knickerbocker Ave,Brooklyn,Brooklyn,11221,KINGS,NY,40.697292,-73.915443
1615269,Sand Lane Deli Inc.,Convenience Store,278 Sand Ln,Staten Island,Staten Island,10305,RICHMOND,NY,40.592541,-74.068336
1613539,Gourmet Deli Grocery,Convenience Store,1025 Seneca Ave,Ridgewood,Queens,11385,QUEENS,NY,40.698772,-73.900642
1609925,Binc & Beyond Universal Market,Grocery Store,1346 E Gun Hill Rd,Bronx,Bronx,10469,BRONX,NY,40.870564,-73.846756
1613077,Myrtle Town Deli N Grill Incorporated,Convenience Store,417 Myrtle Ave,Brooklyn,Brooklyn,11205,KINGS,NY,40.693237,-73.969154
1660301,Pitt Mini Market Corp,Convenience Store,85 Pitt St,New York,Manhattan,10002,NEW YORK,NY,40.718601,-73.982582
1609342,Carniceria El Torito Corp,Convenience Store,513 E 180th St,Bronx,Bronx,10457,BRONX,NY,40.85099,-73.894318
1604435,Novax Deli Corporation,Convenience Store,831 Dawson St,Bronx,Bronx,10459,BRONX,NY,40.818871,-73.898758
1652795,Jamtan African American Market Corp,Grocery Store,1479 Westchester Ave,Bronx,Bronx,10472,BRONX,NY,40.828594,-73.881218
1606661,On The Go Groceries Inc.,Convenience Store,1150 Hylan Blvd,Staten Island,Staten Island,10305,RICHMOND,NY,40.598465,-74.08107
1521996,M & M Supermarket And Halal Meat,Grocery Store,239 E Kingsbridge Rd,Bronx,Bronx,10458,BRONX,NY,40.864899,-73.893822
1646352,Rochet Deli & Grill Corp,Convenience Store,386 Chauncey St,Brooklyn,Brooklyn,11233,KINGS,NY,40.681713,-73.917099
1612817,Grill Point Deli Corp,Convenience Store,903 Manhattan Ave,Brooklyn,Brooklyn,11222,KINGS,NY,40.730331,-73.954445
1615551,1618 Deli Juice Bar Inc,Convenience Store,1618 Kings Hwy,Brooklyn,Brooklyn,11229,KINGS,NY,40.609253,-73.956848
1390642,Noya Corp,Grocery Store,7715 Jamaica Ave,Woodhaven,Queens,11421,QUEENS,NY,40.691917,-73.86425
1648528,Punjabi Bazar Inc,Other,11911 Atlantic Ave,Richmond Hill,Queens,11418,QUEENS,NY,40.694393,-73.827576
1643102,187 Deli Corp,Convenience Store,18720 Hillside Ave,Jamaica,Queens,11432,QUEENS,NY,40.714748,-73.774475
1607046,Madison Gourmet Deli & Grill Inc,Convenience Store,2082 Madison Ave,New York,Manhattan,10037,NEW YORK,NY,40.809696,-73.93795
1611588,Diaz Fruit Market Inc.,Specialty Store,7118 Fort Hamilton Pkwy,Brooklyn,Brooklyn,11228,KINGS,NY,40.627499,-74.014221
1611798,San Jose Grocery LLC,Grocery Store,577 E 184th St,Bronx,Bronx,10458,BRONX,NY,40.854107,-73.88974
1609305,Casita Maria Deli Corp,Convenience Store,1020 E 163rd St,Bronx,Bronx,10459,BRONX,NY,40.820972,-73.891571
1610855,Bean Gourmet Coffee Llc,Convenience Store,320 W 14th St,New York,Manhattan,10014,NEW YORK,NY,40.740078,-74.003685
1606752,Jiya 711 Corp,Convenience Store,5959 69th St.,Maspeth,Queens,11378,QUEENS,NY,40.721863,-73.89286
1384825,Villa Tapia Grocery Ny Corp,Grocery Store,128 Nostrand Ave,Brooklyn,Brooklyn,11205,KINGS,NY,40.695827,-73.952797
1293149,Avraham's Bakery,Specialty Store,7315 Main St,Flushing,Queens,11367,QUEENS,NY,40.724365,-73.820351
1608097,Roys Convenience Store Inc,Convenience Store,3835 Crescent St,Long Island City,Queens,11101,QUEENS,NY,40.754848,-73.936554
1605993,Blake Express Deli Inc,Convenience Store,653 Blake Ave,Brooklyn,Brooklyn,11207,KINGS,NY,40.667999,-73.894524
1653429,Sabor Latino Deli Supermarket Corp,Grocery Store,1000 Longwood Ave,Bronx,Bronx,10459,BRONX,NY,40.816776,-73.897301
1611067,Hylan Deli,Convenience Store,6778 Hylan Blvd,Staten Island,Staten Island,10309,RICHMOND,NY,40.507618,-74.229378
1606534,La Tia Deli Grocery Inc.,Convenience Store,253 E 188th St,Bronx,Bronx,10458,BRONX,NY,40.861061,-73.896118
1615475,Avenue L Produce Inc,Grocery Store,5601 Avenue L,Brooklyn,Brooklyn,11234,KINGS,NY,40.624062,-73.92144
1607436,Abu Ali Deli & Grill Corporation,Convenience Store,1537 Dekalb Ave,Brooklyn,Brooklyn,11237,KINGS,NY,40.702461,-73.921204
1614970,Shiv 162 Grocery Inc,Convenience Store,4131 162nd St,Flushing,Queens,11358,QUEENS,NY,40.760502,-73.803841
1276173,Js Gourmet Deli Grocery Corp,Convenience Store,1881 McGraw Ave,Bronx,Bronx,10462,BRONX,NY,40.834538,-73.862778
1616310,Butchers Gallery Market L L C,Specialty Store,728 Avenue U,Brooklyn,Brooklyn,11223,KINGS,NY,40.597965,-73.963219
1615727,1626 Gas Corp.,Convenience Store,1626 Stillwell Ave,Brooklyn,Brooklyn,11223,KINGS,NY,40.606403,-73.987549
1332599,Guy R Brewer Deli Corp,Convenience Store,11312 Guy r Brewer Blvd,Jamaica,Queens,11433,QUEENS,NY,40.689156,-73.786072
625656,NEW MILLENNIUM GROCERY,Grocery Store,510 Ocean Ave,Brooklyn,Brooklyn,11226,KINGS,NY,40.650314,-73.961098
1619597,Morris Park 99 Cents Plus Corp,Grocery Store,684 Morris Park Ave,Bronx,Bronx,10462,BRONX,NY,40.845032,-73.866356
1613629,Mitch's Provisions NAFMNP,Grocery Store,148 Tompkins Ave,Brooklyn,Brooklyn,11206,KINGS,NY,40.694096,-73.946198
1611985,La Parada Latina Mini Market Corp,Grocery Store,1027 Walton Ave,Bronx,Bronx,10452,BRONX,NY,40.831074,-73.921967
1514590,B & B Food And Fried Chicken Incorporated,Convenience Store,755 White Plains Rd,Bronx,Bronx,10473,BRONX,NY,40.821102,-73.858612
1614521,Elite Gourmet Deli Inc. I,Convenience Store,187 Smith St,Brooklyn,Brooklyn,11201,KINGS,NY,40.685516,-73.991158
1611881,Dumbo Gourmet Deli Inc. I,Convenience Store,157 York St,Brooklyn,Brooklyn,11201,KINGS,NY,40.701538,-73.984512
1614722,La Gran Grocery Corp,Convenience Store,2241 Grand Ave,Bronx,Bronx,10453,BRONX,NY,40.858261,-73.906303
1616130,Mango Rico Ny Corp,Other,40-18 82nd Street,Elmhurst,Queens,11373,QUEENS,NY,40.747059,-73.883949
1619603,Mr. Mango's Bodega Corp,Convenience Store,112 Rockaway Ave,Brooklyn,Brooklyn,11233,KINGS,NY,40.679634,-73.911255
1611357,Fancy Gourmet Deli Corp,Convenience Store,1477 Amsterdam Ave,New York,Manhattan,10027,NEW YORK,NY,40.817444,-73.953087
1607172,Mexican Mini Market Inc.,Convenience Store,501 W 161st St,New York,Manhattan,10032,NEW YORK,NY,40.835548,-73.940376
1614923,Inb Deli And More Corp,Convenience Store,4904 4th Ave,Brooklyn,Brooklyn,11220,KINGS,NY,40.647045,-74.012276
1614807,Barack Pharmacy & Food Mart Inc.,Convenience Store,5640 Myrtle Ave,Ridgewood,Queens,11385,QUEENS,NY,40.700188,-73.904762
1615009,M & A Organic Deli Grocery,Convenience Store,6920 Fresh Pond Rd,Ridgewood,Queens,11385,QUEENS,NY,40.702736,-73.895416
1613540,Midwood 99C Store Inc,Convenience Store,1602 Avenue H,Brooklyn,Brooklyn,11230,KINGS,NY,40.629963,-73.961205
1614018,Grace Herbal Inc,Other,33 Market Street,New York,Manhattan,10002,NEW YORK,NY,40.712559,-73.994476
1613075,Tlaxcalita Deli Market Inc.,Grocery Store,5601 5th Ave,Brooklyn,Brooklyn,11220,KINGS,NY,40.641602,-74.013779
1662583,Hegeman Convenience Corp.,Convenience Store,622 Chester St,Brooklyn,Brooklyn,11212,KINGS,NY,40.656246,-73.908432
1648917,Healthy Taste Deli & Juice Bar Inc,Convenience Store,416 Rockaway Ave,Brooklyn,Brooklyn,11212,KINGS,NY,40.669865,-73.910927
1611753,Alqadir Deli & Grocery Inc.,Convenience Store,1649 Bedford Ave,Brooklyn,Brooklyn,11225,KINGS,NY,40.666264,-73.956497
1606338,The Meat Haven Meat Market,Grocery Store,855 Franklin Ave,Brooklyn,Brooklyn,11225,KINGS,NY,40.669228,-73.958344
1611157,Prime Grocery And  Vegetable Corp,Grocery Store,145 E Gun Hill Rd,Bronx,Bronx,10467,BRONX,NY,40.881237,-73.878685
1642336,Gollo Grocery Store & Deli Corp,Convenience Store,212 W Kingsbridge Rd,Bronx,Bronx,10463,BRONX,NY,40.871834,-73.904663
1605444,8602 Deli Food Corp.,Convenience Store,8602 Flatlands Ave,Brooklyn,Brooklyn,11236,KINGS,NY,40.638306,-73.908653
1614897,Fulton 3158 Grocery Store Inc,Convenience Store,3158 Fulton St,Brooklyn,Brooklyn,11208,KINGS,NY,40.681789,-73.878349
1434746,Mr. Mango,Grocery Store,59 Lafayette Ave,Brooklyn,Brooklyn,11217,KINGS,NY,40.68718,-73.976128
1614824,Corona Stop Corp,Convenience Store,4008 National Street,Corona,Queens,11368,QUEENS,NY,40.749596,-73.862999
1598934,New West Street Deli Inc.,Grocery Store,1078 Castleton Ave,Staten Island,Staten Island,10310,RICHMOND,NY,40.634335,-74.118607
1615217,Brighton Gourmet Deli Grill Corp,Convenience Store,624 Brighton Beach Ave,Brooklyn,Brooklyn,11235,KINGS,NY,40.577614,-73.960648
1473109,Valencia Bakery 1,Convenience Store,801 Edgewater Rd,Bronx,Bronx,10474,BRONX,NY,40.817528,-73.883575
1614692,New Fordham Meat Market Corp,Grocery Store,91 W Fordham Rd,Bronx,Bronx,10468,BRONX,NY,40.862915,-73.90435
1610252,Best Stop 2 Deli & Grocery Corp.,Convenience Store,96-19 57th Ave,Corona,Queens,11368,QUEENS,NY,40.737217,-73.864334
1613776,H L Convenience Inc.    Dba Sky Deli,Convenience Store,2112 Nostrand Ave,Brooklyn,Brooklyn,11210,KINGS,NY,40.633862,-73.947922
1610065,Star Brite Flatbush Inc,Grocery Store,1608 Flatbush Ave,Brooklyn,Brooklyn,11210,KINGS,NY,40.631233,-73.946228
1612376,2nd Avenue Gourmet Deli & Grill Corp,Convenience Store,53 2nd Avenue,New York,Manhattan,10003,NEW YORK,NY,40.725746,-73.989975
1613978,Mobil Mart LC,Convenience Store,688 E Gun Hill Rd,Bronx,Bronx,10467,BRONX,NY,40.877209,-73.867821
1609915,Bailey Gourmet Deli Inc.,Convenience Store,3654 Bailey Ave,Bronx,Bronx,10463,BRONX,NY,40.883785,-73.898186
1480343,Chris Grocery Deli Inc,Convenience Store,59 Rockaway Ave,Brooklyn,Brooklyn,11233,KINGS,NY,40.681107,-73.911255
1243178,One Stop Shop Market Inc.,Grocery Store,8727 Britton Ave,Elmhurst,Queens,11373,QUEENS,NY,40.747799,-73.878929
1615393,Pineapple Minimarket Corp,Grocery Store,470 Kings Hwy,Brooklyn,Brooklyn,11223,KINGS,NY,40.604118,-73.972656
1612585,Junior Market Corp Dba Ben's Market N/A,Grocery Store,19 Knolls Cres,Bronx,Bronx,10463,BRONX,NY,40.878548,-73.91745
1614106,Taylor Mini Market Corp.,Convenience Store,1703 Taylor Ave,Bronx,Bronx,10460,BRONX,NY,40.842117,-73.868904
1615969,All Nyc Houseware Distributor Inc.,Convenience Store,359 Audubon Ave,New York,Manhattan,10033,NEW YORK,NY,40.850056,-73.931198
1607689,Hillside Gourmet Deli,Convenience Store,4534 Broadway,New York,Manhattan,10040,NEW YORK,NY,40.858803,-73.931297
1623254,Al Insaf Halal Grocery,Convenience Store,1430 Zerega Ave,Bronx,Bronx,10462,BRONX,NY,40.837578,-73.847618
889797,Smashiess Corp.,Convenience Store,153 E 103rd St,New York,Manhattan,10029,NEW YORK,NY,40.790207,-73.947174
1618211,Heavenly Market,Convenience Store,1760 3rd Ave,New York,Manhattan,10029,NEW YORK,NY,40.786118,-73.948936
1618548,New Nature Farm Supermarket Inc.,Other,24926 Horace Harding Expy,Little Neck,Queens,11362,QUEENS,NY,40.760708,-73.730789
1620253,Chris Seafood & West Indian Store,Convenience Store,12420 101st Ave,South Richmond Hill,Queens,11419,QUEENS,NY,40.691254,-73.821007
1623286,7 Star Express Corp,Convenience Store,21179 Jamaica Ave,Queens Village,Queens,11428,QUEENS,NY,40.715885,-73.746742
1623285,402 New Way Gourmet Deli Corp.,Convenience Store,402 5th Ave,Brooklyn,Brooklyn,11215,KINGS,NY,40.670555,-73.985344
1666159,Star One Deli Grocery 1 Corp,Convenience Store,541 E Tremont Ave,Bronx,Bronx,10457,BRONX,NY,40.846661,-73.895462
1625090,Marion Deli Grocery Corp,Convenience Store,45 Rockaway Ave,Brooklyn,Brooklyn,11233,KINGS,NY,40.681618,-73.911362
1649184,Rochester Grocery & Grill Corp,Convenience Store,22 Rochester Ave,Brooklyn,Brooklyn,11233,KINGS,NY,40.678326,-73.927589
1620682,Carlos Pharmacy Corp,Convenience Store,18 E 183rd St,Bronx,Bronx,10453,BRONX,NY,40.858387,-73.903053
1621368,Athena Gourmet Market,Convenience Store,23-38 31st Street,Astoria,Queens,11105,QUEENS,NY,40.773846,-73.913979
1626614,Pascual Mini Market Corp,Grocery Store,959 Ogden Ave,Bronx,Bronx,10452,BRONX,NY,40.831844,-73.930161
1620294,Family Grill 1 Corp.,Convenience Store,1712 University Ave,Bronx,Bronx,10453,BRONX,NY,40.848412,-73.917908
1665579,Prospect Park South Deli Grocery Inc,Convenience Store,1201 Church Ave,Brooklyn,Brooklyn,11218,KINGS,NY,40.647514,-73.968315
1621392,Hostos Deli Inc.,Convenience Store,430 Grand Concourse,Bronx,Bronx,10451,BRONX,NY,40.817009,-73.927765
1621707,E Food Market Inc,Grocery Store,8511 18th Ave,Brooklyn,Brooklyn,11214,KINGS,NY,40.607498,-74.002136
1620871,Ar Razzaq Supermart Inc,Grocery Store,71-12 35th Ave,Jackson Heights,Queens,11372,QUEENS,NY,40.750652,-73.894463
1499501,F & M Convenience Corp,Convenience Store,511 Soundview Ave,Bronx,Bronx,10473,BRONX,NY,40.815643,-73.860413
1620111,Jewel Bagels,Other,6948 Main St,Flushing,Queens,11367,QUEENS,NY,40.730053,-73.823853
1669494,Jay Goga 103 Inc,Convenience Store,10301 Astoria Blvd,East Elmhurst,Queens,11369,QUEENS,NY,40.76162,-73.865959
1514787,Dona Lucy Grocery Corp,Convenience Store,161 E 170th St,Bronx,Bronx,10452,BRONX,NY,40.839207,-73.91449
1620816,67 Forest Deli & Grocery,Convenience Store,6701 Forest Ave,Ridgewood,Queens,11385,QUEENS,NY,40.704327,-73.901665
1664505,Rlm Ny 118 Inc.,Convenience Store,9903 Northern Blvd,Corona,Queens,11368,QUEENS,NY,40.757408,-73.869339
1623071,Gaston Food Center Corp,Convenience Store,16 Mother Gaston Blvd,Brooklyn,Brooklyn,11233,KINGS,NY,40.681889,-73.908989
1656320,Omega Food Grocery Corp,Convenience Store,253 E 172nd St,Bronx,Bronx,10457,BRONX,NY,40.840481,-73.910706
839600,A Z Grocery And Meat Inc,Convenience Store,11917 101st Ave,South Richmond Hill,Queens,11419,QUEENS,NY,40.690304,-73.825256
1615463,Maestro Gourmet Deli Corp,Convenience Store,3956 Victory Blvd,Staten Island,Staten Island,10314,RICHMOND,NY,40.593998,-74.186539
1620456,J&K Convenience Store Inc.,Convenience Store,6901 14th Ave,Brooklyn,Brooklyn,11228,KINGS,NY,40.622219,-74.001656
1619464,Sam Organic Food Corporation,Convenience Store,1043 Manhattan Ave,Brooklyn,Brooklyn,11222,KINGS,NY,40.734562,-73.955124
1618681,Alnageeb Deli Grocery Corp,Convenience Store,13819 Jamaica Ave,Jamaica,Queens,11435,QUEENS,NY,40.702641,-73.814636
1618536,El Ranchero Meat Market Corp.,Grocery Store,1507 College Point Blvd,College Point,Queens,11356,QUEENS,NY,40.783894,-73.845688
1619139,Mim Deli & Grocery Inc,Other,1404 Unionport Rd,Bronx,Bronx,10462,BRONX,NY,40.834785,-73.854118
1613515,Palenn Deli Grocery Corp,Convenience Store,404 Marcus Garvey Blvd,Brooklyn,Brooklyn,11216,KINGS,NY,40.683044,-73.938194
1618163,Amana Food Corp./ IShop Smart Supermarket,Grocery Store,237 Rochester Ave,Brooklyn,Brooklyn,11213,KINGS,NY,40.670647,-73.928017
1616410,Wholesome Farms Market V Corp.,Grocery Store,1306 Atlantic Ave,Brooklyn,Brooklyn,11216,KINGS,NY,40.678265,-73.949295
1615575,Mymeds Specialty Pharmacy LLC,Convenience Store,1720 Village Ln,Far Rockaway,Queens,11691,QUEENS,NY,40.605671,-73.753662
1622651,Heights Grocery Inc,Other,3801A Broadway,New York,Manhattan,10032,NEW YORK,NY,40.834953,-73.944565
1619559,Ad Gourmet Deli,Convenience Store,2722 30th Ave,Astoria,Queens,11102,QUEENS,NY,40.76778,-73.923576
1654997,Sam Spolem Family Inc,Grocery Store,6691 Forest Ave,Ridgewood,Queens,11385,QUEENS,NY,40.704819,-73.90184
1647431,2 Hands Deli & Grocery,Convenience Store,23314 Merrick Blvd,Rosedale,Queens,11422,QUEENS,NY,40.67458,-73.736504
1621573,Bainbridge Fish Market Corp,Specialty Store,3163 Bainbridge Ave,Bronx,Bronx,10467,BRONX,NY,40.875134,-73.879639
1652553,Sababa Bakery,Specialty Store,540 Kings Hwy,Brooklyn,Brooklyn,11223,KINGS,NY,40.604389,-73.969482
1650079,164th Mini Market & Deli Corp,Convenience Store,8445 164th St,Jamaica,Queens,11432,QUEENS,NY,40.712742,-73.801247
1658399,Rofan Deli & Grocery Inc,Convenience Store,2602 Snyder Ave,Brooklyn,Brooklyn,11226,KINGS,NY,40.648693,-73.952698
1619484,Five Star Deli Food Market Corp,Grocery Store,110 Nostrand Ave,Brooklyn,Brooklyn,11205,KINGS,NY,40.696438,-73.952927
1617159,Garden Gourmet Deli I Corp.,Convenience Store,570 Albany Ave,Brooklyn,Brooklyn,11203,KINGS,NY,40.660667,-73.939957
1626186,EZ Oxford Deli & Grocery Corp,Convenience Store,2035 1st Ave,New York,Manhattan,10029,NEW YORK,NY,40.789124,-73.940704
1615389,Papito Mini Market Corp,Convenience Store,259 Patchen Ave,Brooklyn,Brooklyn,11233,KINGS,NY,40.682446,-73.925819
1620351,Hp Deli And Grocery Corp.,Convenience Store,171-42 Liberty Ave.,Jamaica,Queens,11433,QUEENS,NY,40.704033,-73.786057
1618729,Gees Gourmet Deli Inc. 1,Convenience Store,4028 Boston Rd,Bronx,Bronx,10475,BRONX,NY,40.884602,-73.83107
1616524,Hola Peru,Convenience Store,163 Port Richmond Ave,Staten Island,Staten Island,10302,RICHMOND,NY,40.637154,-74.133835
1621050,La Gran Tenochtitlan Market,Grocery Store,643 N Railroad Ave,Staten Island,Staten Island,10304,RICHMOND,NY,40.589043,-74.096245
1624308,Greene-ville Garden,Grocery Store,375 Myrtle Ave,Brooklyn,Brooklyn,11205,KINGS,NY,40.693325,-73.971436
1617774,1540 Deli And Grocery Corp.,Convenience Store,1540 E New York Ave,Brooklyn,Brooklyn,11212,KINGS,NY,40.672115,-73.911003
1620302,Healthee Emporium,Other,1267 50th St,Brooklyn,Brooklyn,11219,KINGS,NY,40.634922,-73.993111
1618000,Akropolis Meat Market,Other,31-04 30th Ave,Queens,Queens,11102,QUEENS,NY,40.766678,-73.921219
1615752,Sutphin 119 Grocery Corp,Convenience Store,11901 Sutphin Blvd,Jamaica,Queens,11434,QUEENS,NY,40.679234,-73.791534
1657384,740 Fresh Deli & Grocery Inc,Convenience Store,740 4th Ave,Brooklyn,Brooklyn,11232,KINGS,NY,40.661236,-73.99752
776107,Top News And Grocery,Convenience Store,6422 14th Ave,Brooklyn,Brooklyn,11219,KINGS,NY,40.624905,-73.999268
1624538,Blessing Food Corp,Grocery Store,578 Rockaway Ave,Brooklyn,Brooklyn,11212,KINGS,NY,40.665867,-73.909912
1658889,Yahya Deli Market Corp,Convenience Store,1451 Williamsbridge Rd,Bronx,Bronx,10461,BRONX,NY,40.843342,-73.845383
1656397,Wasim 1 Deli Grocery Corp,Convenience Store,2122 36th Ave,Astoria,Queens,11106,QUEENS,NY,40.75946,-73.936195
1509918,New Boro Park Grocery Corp,Convenience Store,1171 38th St,Brooklyn,Brooklyn,11218,KINGS,NY,40.642681,-73.987976
1648805,El Nuevo Corral Meat Market And Grocery Corp.,Grocery Store,75 E Kingsbridge Rd,Bronx,Bronx,10468,BRONX,NY,40.866852,-73.895531
1613057,Delancy Bites Corp,Convenience Store,166 Delancey St,New York,Manhattan,10002,NEW YORK,NY,40.717964,-73.985497
1615656,Quick Food Mart And Deli Corp.,Convenience Store,301 E 4th St,New York,Manhattan,10009,NEW YORK,NY,40.722286,-73.979912
1600454,Baez Grocery Deli Corporation,Convenience Store,1797 Prospect Pl,Brooklyn,Brooklyn,11233,KINGS,NY,40.6726,-73.91658
1611513,Stuyvesant Mini Market Inc.,Convenience Store,159 Chauncey St,Brooklyn,Brooklyn,11233,KINGS,NY,40.680576,-73.928444
1617484,Bengee Convenience & More LLC,Convenience Store,3807 White Plains Rd,Bronx,Bronx,10467,BRONX,NY,40.883869,-73.862869
1615171,Conrad Meat Market Inc.,Specialty Store,1435 Rockaway Pkwy,Brooklyn,Brooklyn,11236,KINGS,NY,40.64505,-73.902023
1610197,Moses Bagels & More Corp,Convenience Store,674 Allerton Ave,Bronx,Bronx,10467,BRONX,NY,40.865032,-73.868141
1535711,Bella Rosa Deli Corp,Convenience Store,9618 101st Ave,Ozone Park,Queens,11416,QUEENS,NY,40.684628,-73.844307
1086682,Ibb Convenience Inc,Convenience Store,9501 104th St,Ozone Park,Queens,11416,QUEENS,NY,40.689041,-73.840294
1616285,Exper Deli Inc.,Convenience Store,100 W 142nd St,New York,Manhattan,10030,NEW YORK,NY,40.818626,-73.938126
1614885,Jasmin Food Center Corp,Convenience Store,14405 243rd St,Rosedale,Queens,11422,QUEENS,NY,40.66008,-73.739372
1616596,Latino Grocery & Candy Inc,Convenience Store,165 Nagle Avenue,New York,Manhattan,10040,NEW YORK,NY,40.861134,-73.925583
1616944,Quick 1 Deli And Grill Corp,Convenience Store,19219 Linden Blvd,Saint Albans,Queens,11412,QUEENS,NY,40.692799,-73.758743
1623454,New Dhaka Grocery And Halal Meat Corp,Grocery Store,510 Crescent St,Brooklyn,Brooklyn,11208,KINGS,NY,40.675407,-73.870132
1619308,City Star Mini Market Corp1,Convenience Store,1203 White Plains Rd,Bronx,Bronx,10472,BRONX,NY,40.830627,-73.861885
1619218,Elinick Pharmacy,Convenience Store,52 Sherman Ave,New York,Manhattan,10040,NEW YORK,NY,40.863213,-73.927467
1618277,NYC Deli & Bodega Corp,Convenience Store,7005 3rd Ave,Brooklyn,Brooklyn,11209,KINGS,NY,40.634617,-74.026337
1620687,JH Organic Inc.,Convenience Store,9516 4th Ave,Brooklyn,Brooklyn,11209,KINGS,NY,40.61562,-74.031502
1620053,Gourmet Bite & Grill Inc.,Convenience Store,8529 3rd Ave,Brooklyn,Brooklyn,11209,KINGS,NY,40.623589,-74.030838
1615359,Mediterranean Marketplace,Convenience Store,7717 5th Ave,Brooklyn,Brooklyn,11209,KINGS,NY,40.627453,-74.0233
1618363,Kings Hwy Deli & Grill Incorporated,Convenience Store,399 Kings Hwy,Brooklyn,Brooklyn,11223,KINGS,NY,40.604679,-73.975357
1612390,7th Ave Natural Deli Corp,Convenience Store,2320 Adam Clayton Powell Jr Blvd,New York,Manhattan,10030,NEW YORK,NY,40.816196,-73.943382
1614898,Yummilicious Deli #3 Corp,Grocery Store,23 East 115th St,New York,Manhattan,10029,NEW YORK,NY,40.799587,-73.945717
1618741,Sam's Mini Market 1 Corp,Convenience Store,11 Avenue D,New York,Manhattan,10009,NEW YORK,NY,40.720543,-73.978569
1606493,Coney Island Candy Store Corp.,Convenience Store,1716 Mermaid Ave,Brooklyn,Brooklyn,11224,KINGS,NY,40.576519,-73.985146
1462383,King Gourmet Ave N Deli Inc 1,Convenience Store,5803 Avenue N,Brooklyn,Brooklyn,11234,KINGS,NY,40.619576,-73.918999
1616929,Bo Fruits Inc.,Specialty Store,4034 Main St,Flushing,Queens,11354,QUEENS,NY,40.758755,-73.829948
1617494,Noakhali Supermarket Inc.,Grocery Store,80 Church Ave,Brooklyn,Brooklyn,11218,KINGS,NY,40.64233,-73.980247
1624529,170th Street Grocery Deli,Convenience Store,160 E 170th St,Bronx,Bronx,10452,BRONX,NY,40.838787,-73.914436
1618586,M&d One Mini Mart Corp.,Convenience Store,613 Marcy Ave,Brooklyn,Brooklyn,11206,KINGS,NY,40.69381,-73.948753
1624472,A B Fresh Deli Grocery Juice Bar 1 Inc.,Grocery Store,402 E 118th St,New York,Manhattan,10035,NEW YORK,NY,40.797031,-73.934029
1607870,Mr. Discount Corp.,Convenience Store,252 Central Ave,Brooklyn,Brooklyn,11221,KINGS,NY,40.696861,-73.923233
1670907,Park Ave Community Deli Co,Grocery Store,1886 Park Ave,New York,Manhattan,10035,NEW YORK,NY,40.807323,-73.937691
1617587,Heavenly Food Market 11th Avenue Inc.,Grocery Store,311 11th Ave,New York,Manhattan,10001,NEW YORK,NY,40.753036,-74.004211
1617882,Fulton Deli Market Corp,Convenience Store,1521 Fulton St,Brooklyn,Brooklyn,11216,KINGS,NY,40.680031,-73.940506
1618135,Viejo Deli Corp,Convenience Store,845 McDonald Ave,Brooklyn,Brooklyn,11218,KINGS,NY,40.633419,-73.977455
1244253,Annadale Road Corp,Convenience Store,849 Annadale Rd,Staten Island,Staten Island,10312,RICHMOND,NY,40.541004,-74.177109
1610211,402 Joe' Market Corp.,Convenience Store,402 Jersey St,Staten Island,Staten Island,10301,RICHMOND,NY,40.638489,-74.087662
1624353,217 Baitoa Deli Grocery Corp,Grocery Store,217 Saint Anns Ave,Bronx,Bronx,10454,BRONX,NY,40.806492,-73.917885
1618248,Fordham Fresh Fish,Specialty Store,155 E 188th St,Bronx,Bronx,10468,BRONX,NY,40.861752,-73.898293
1617069,Prospect Heights Food Corp,Convenience Store,631 Franklin Ave,Brooklyn,Brooklyn,11238,KINGS,NY,40.676907,-73.955574
1613928,O's Deli & Grocery Corp,Convenience Store,99 E 198th St,Bronx,Bronx,10468,BRONX,NY,40.870693,-73.891663
1411964,Kamlin III LLC - KC Grill And Grocery,Convenience Store,6930 4th Ave,Brooklyn,Brooklyn,11209,KINGS,NY,40.633949,-74.024002
1618096,Chopcheese Deli 5 Corp,Convenience Store,119 Hester St,New York,Manhattan,10002,NEW YORK,NY,40.716736,-73.993347
1620982,Cb's Seafood Lynx 1,Specialty Store,22703 Merrick Blvd,Laurelton,Queens,11413,QUEENS,NY,40.677071,-73.742798
1310137,Wanda Rp Corp,Grocery Store,104 Elliot Pl,Bronx,Bronx,10452,BRONX,NY,40.83886,-73.916298
1617655,Coney Island Discount Inc.,Convenience Store,2753 Coney Island Ave,Brooklyn,Brooklyn,11235,KINGS,NY,40.589283,-73.960304
1618512,Chop And Blend n/a,Convenience Store,122-05 Guy R Brewer Blvd,Jamaica,Queens,11434,QUEENS,NY,40.679195,-73.779861
1614958,Nyc Deli And Grocery 1 Corp.,Convenience Store,14701 Guy r Brewer Blvd,Jamaica,Queens,11434,QUEENS,NY,40.660938,-73.767899
1604342,Al Bassam Deli Corp.,Convenience Store,375 Pleasant Ave,New York,Manhattan,10035,NEW YORK,NY,40.797523,-73.931595
1612869,Sweet Deli Minimart I Corp,Convenience Store,11230 Rockaway Beach Blvd,Rockaway Park,Queens,11694,QUEENS,NY,40.580696,-73.834244
1613113,Allyssia Discounts Corp.,Grocery Store,172 W Fordham Rd,Bronx,Bronx,10468,BRONX,NY,40.862621,-73.908546
1615296,2408 M & E Grocery Corp,Convenience Store,2408 University Ave,Bronx,Bronx,10468,BRONX,NY,40.863052,-73.904503
1615225,Maya Deli Corp.,Convenience Store,2540 Marion Ave,Bronx,Bronx,10458,BRONX,NY,40.862236,-73.892525
1617001,Bella Fe Market Corp.,Grocery Store,571 E 184th St,Bronx,Bronx,10458,BRONX,NY,40.854244,-73.889862
1611927,Izzy Gourmet Deli Corp,Convenience Store,2481 Crotona Ave,Bronx,Bronx,10458,BRONX,NY,40.856293,-73.882591
1615557,New Quick Deli Corp.,Grocery Store,5310 4th Ave,Brooklyn,Brooklyn,11220,KINGS,NY,40.644676,-74.014763
1615562,Samim Grocery Inc.,Convenience Store,63-37 39th Ave,Woodside,Queens,11377,QUEENS,NY,40.746605,-73.899918
1616723,Tortillas Don Pedro Corp,Convenience Store,1683 Palmetto St,Ridgewood,Queens,11385,QUEENS,NY,40.70166,-73.909065
1616396,Supa Ock Deli Corp,Convenience Store,145 Bruckner Blvd,Bronx,Bronx,10454,BRONX,NY,40.803875,-73.920044
1617275,Farmer DC Corporation 1,Convenience Store,421 Brighton Beach Ave,Brooklyn,Brooklyn,11235,KINGS,NY,40.577545,-73.962585
1616735,Mi Casita Chapina Llc,Convenience Store,17110 Jamaica Ave,Jamaica,Queens,11432,QUEENS,NY,40.707413,-73.788132
1614128,18520 Sunshine Gourmet Deli Corp,Convenience Store,18520 Hillside Ave,Jamaica,Queens,11432,QUEENS,NY,40.714321,-73.776253
1664525,Xinjiang Food Inc,Other,4139 Kissena Blvd,Flushing,Queens,11355,QUEENS,NY,40.757969,-73.8283
1666969,Aj&e 99up Supermarket Inc.,Convenience Store,4706 Bell Blvd,Bayside,Queens,11361,QUEENS,NY,40.756699,-73.767792
1652989,Singh Farmers Market,Convenience Store,11705 101st Ave,South Richmond Hill,Queens,11419,QUEENS,NY,40.689678,-73.827461
1362572,MSR Discount And Grocery Corp.,Grocery Store,1746 Flatbush Ave,Brooklyn,Brooklyn,11210,KINGS,NY,40.627636,-73.942413
1653378,Sandwich Factory Ii Corp.,Convenience Store,1483 Flatbush Ave,Brooklyn,Brooklyn,11210,KINGS,NY,40.634411,-73.949059
1613007,411 2nd Avenue Deli And Juice Bar Corp.,Convenience Store,411 2nd Ave,New York,Manhattan,10010,NEW YORK,NY,40.738415,-73.980759
1642951,Laststop Deli Mini Mart Corp.,Grocery Store,1667 Flatbush Ave,Brooklyn,Brooklyn,11210,KINGS,NY,40.629772,-73.944176
1614598,Neighborhood Deli Ny Corp.,Grocery Store,4602 New Utrecht Ave,Brooklyn,Brooklyn,11219,KINGS,NY,40.639141,-73.994598
1616728,Mini Fruit Market Deli Ii Corporation,Grocery Store,6404 14th Ave,Brooklyn,Brooklyn,11219,KINGS,NY,40.625206,-73.998955
1615595,Eric Convenience Store Inc.,Convenience Store,10206 43rd Ave,Corona,Queens,11368,QUEENS,NY,40.747044,-73.86248
1614082,1129 Rain Deli Grocery Inc.,Convenience Store,1129 Blake Ave,Brooklyn,Brooklyn,11208,KINGS,NY,40.670727,-73.876007
1617906,Omw The High Station Deli Corp,Convenience Store,425 Vanderbilt Ave,Staten Island,Staten Island,10304,RICHMOND,NY,40.61562,-74.084328
1623290,Carniceria Prime Ribs Inc,Grocery Store,7214 3rd Ave,Brooklyn,Brooklyn,11209,KINGS,NY,40.633167,-74.02726
1614907,Erci Market Corp,Grocery Store,3289 Fulton St,Brooklyn,Brooklyn,11208,KINGS,NY,40.6833,-73.87384
1612272,Utica Discount & Grill,Grocery Store,1252 Utica Ave,Brooklyn,Brooklyn,11203,KINGS,NY,40.641941,-73.929535
1610739,Red Sea Food Market Corp,Grocery Store,5211 Church Ave,Brooklyn,Brooklyn,11203,KINGS,NY,40.65239,-73.928009
1528547,Grace Jy Grocery Inc,Grocery Store,4617 8th Ave,Brooklyn,Brooklyn,11220,KINGS,NY,40.642941,-74.00161
1615821,Healthy 1 Deli Corp,Convenience Store,4521 3rd Ave,Bronx,Bronx,10457,BRONX,NY,40.854046,-73.891182
1619998,Riverdale Deli & Grocery Inc.,Convenience Store,5991 Broadway,Bronx,Bronx,10471,BRONX,NY,40.890217,-73.8983
1613397,New Blondie 14 Food Corp,Convenience Store,466 Bay St,Staten Island,Staten Island,10304,RICHMOND,NY,40.630806,-74.076828
1421210,Angel's Coffee Deli Grocery Corp.,Convenience Store,250 E Burnside Ave,Bronx,Bronx,10457,BRONX,NY,40.851521,-73.902672
1613853,Eathub Deli Inc.,Convenience Store,1838 Westchester Ave,Bronx,Bronx,10472,BRONX,NY,40.832191,-73.864693
1615668,The Red Store Deli And Grocery I Inc.,Convenience Store,323 Powell St,Brooklyn,Brooklyn,11212,KINGS,NY,40.666405,-73.902977
1613254,Mega Star Discount Corp.,Grocery Store,1509 Westchester Ave,Bronx,Bronx,10472,BRONX,NY,40.82869,-73.879753
1611814,Steve Deli Food Corporation,Convenience Store,2923 Frederick Douglass Blvd,New York,Manhattan,10039,NEW YORK,NY,40.829075,-73.937592
1613732,Azteca Deli Llc,Grocery Store,1207 Beach Ave,Bronx,Bronx,10472,BRONX,NY,40.830044,-73.866058
1616034,360 Columbia Deli Corp,Convenience Store,360 Columbia St,Brooklyn,Brooklyn,11231,KINGS,NY,40.679688,-74.005432
1623092,Aland Gourmet Deli 2 Inc,Convenience Store,1851 Archer St,Bronx,Bronx,10460,BRONX,NY,40.83783,-73.864983
1471386,Amboy Superstar Convenience Inc,Convenience Store,4020 Amboy Rd,Staten Island,Staten Island,10308,RICHMOND,NY,40.549961,-74.150703
1617065,21 Lucky Inc.,Convenience Store,2008 21st Ave,Astoria,Queens,11105,QUEENS,NY,40.782543,-73.915176
1614143,Duals Natural,Convenience Store,764 Franklin Ave,Brooklyn,Brooklyn,11238,KINGS,NY,40.672276,-73.957535
1616761,Macareno Bakery Corp.,Grocery Store,5305 4th Ave,Brooklyn,Brooklyn,11220,KINGS,NY,40.644516,-74.014328
1386212,Skyline 1 Deli & Grocery Corp,Convenience Store,870 Prospect Ave,Bronx,Bronx,10459,BRONX,NY,40.820282,-73.901337
1620904,One King Deli Inc,Other,65 W Kingsbridge Rd,Bronx,Bronx,10468,BRONX,NY,40.868214,-73.900078
1626895,Paras New York Inc,Convenience Store,708 9th Ave,New York,Manhattan,10019,NEW YORK,NY,40.762444,-73.989502
1653094,Moody Deli &grocery Corp.,Convenience Store,3323 Avenue H,Brooklyn,Brooklyn,11210,KINGS,NY,40.632019,-73.943802
1614568,Rama  African Organic Food Corp.,Grocery Store,984 Intervale Ave,Bronx,Bronx,10459,BRONX,NY,40.822857,-73.896675
1620031,Union Meats Market Inc,Grocery Store,810 E 180th St,Bronx,Bronx,10460,BRONX,NY,40.846172,-73.885147
1617300,101 J&A Deli Grocery Corp.,Convenience Store,95-03 101 Ave,Ozone Park,Queens,11416,QUEENS,NY,40.684467,-73.845795
1624334,314 Matanza Deli Grocery 2 Corp.,Grocery Store,314 E 188th St,Bronx,Bronx,10458,BRONX,NY,40.860527,-73.894997
1655003,Caribbean Convenience Corp.,Other,1310 Flatbush Ave,Brooklyn,Brooklyn,11210,KINGS,NY,40.638153,-73.953529
1625653,Harbor Deli & Grocery Corp,Grocery Store,201 Harbor Rd,Staten Island,Staten Island,10303,RICHMOND,NY,40.631706,-74.160271
1615900,Morris Park Deli Express Inc,Convenience Store,1048 Morris Park Ave,Bronx,Bronx,10461,BRONX,NY,40.848644,-73.854675
1617747,Maars Broadway Discount King Corporation,Grocery Store,5657A Broadway,Bronx,Bronx,10463,BRONX,NY,40.880718,-73.903755
1652367,Roro 414 Corp,Grocery Store,414 Myrtle Ave,Brooklyn,Brooklyn,11205,KINGS,NY,40.693005,-73.969223
1624939,Bangla Deli Corp.,Convenience Store,863 Broadway,Brooklyn,Brooklyn,11206,KINGS,NY,40.698601,-73.937874
1380919,91 Catherine Grocery Corp,Convenience Store,91 Hamilton Pl,New York,Manhattan,10031,NEW YORK,NY,40.823154,-73.950218
1624504,Abc Food Center Inc/Papasito Food Market,Grocery Store,3605 Broadway,New York,Manhattan,10031,NEW YORK,NY,40.828739,-73.949104
1620151,Alkaram Meat Market & Fruit Corp,Convenience Store,727 Morris Park Ave,Bronx,Bronx,10462,BRONX,NY,40.845615,-73.865028
1618744,Stop One Candy & Grocery Corp.,Convenience Store,3795 Broadway,New York,Manhattan,10032,NEW YORK,NY,40.834644,-73.944794
1623593,Liberty Grill Corp.,Convenience Store,339 E 108th St,New York,Manhattan,10029,NEW YORK,NY,40.791168,-73.9394
1626405,La Familia Mini Grocery,Convenience Store,4844 Broadway,New York,Manhattan,10034,NEW YORK,NY,40.866329,-73.924583
1628827,King 99cents Plus Llc,Grocery Store,2571 Webster Ave,Bronx,Bronx,10458,BRONX,NY,40.862545,-73.890526
1616435,Surfside Deli Grocery Inc,Convenience Store,224 Beach 98th St,Rockaway Park,Queens,11694,QUEENS,NY,40.585274,-73.819901
1617965,Yazam Deli & Grocery Inc,Convenience Store,13220 Rockaway Blvd,South Ozone Park,Queens,11420,QUEENS,NY,40.674587,-73.805618
1643721,Muchachon Deli Grocery Corp,Convenience Store,367 Broadway,Brooklyn,Brooklyn,11211,KINGS,NY,40.707577,-73.955086
1625586,H&Y Seafood,Specialty Store,156 E 188th St,Bronx,Bronx,10468,BRONX,NY,40.861557,-73.898491
1617828,Indo Java,Grocery Store,85-12 Queens Boulevard,Elmhurst,Queens,11373,QUEENS,NY,40.736649,-73.878311
1628190,Istanbul Grand Bazaar,Grocery Store,2189 Hylan Blvd,Staten Island,Staten Island,10306,RICHMOND,NY,40.577202,-74.103386
1618541,T C Amboy Corp/DBA Town & Country Deli,Convenience Store,7299 Amboy Rd,Staten Island,Staten Island,10307,RICHMOND,NY,40.511486,-74.240807
1621088,Yummy Bites Deli,Convenience Store,360 New Dorp Ln,Staten Island,Staten Island,10306,RICHMOND,NY,40.570839,-74.110672
1627083,El Tropical Deli Grocery Corp,Convenience Store,3100 E Tremont Ave,Bronx,Bronx,10461,BRONX,NY,40.838608,-73.835854
1615131,HRFT Inc,Grocery Store,1430 Saint Peters Ave,Bronx,Bronx,10461,BRONX,NY,40.839199,-73.845337
1617440,418 Deli & Grocery Corp,Convenience Store,418 Jersey St,Staten Island,Staten Island,10301,RICHMOND,NY,40.638084,-74.087555
1622346,Stay Fresh Grill Nyc Corp,Convenience Store,889 Broadway,Brooklyn,Brooklyn,11206,KINGS,NY,40.698166,-73.937096
1164129,C T Seafood Marts Corp,Grocery Store,250 Grand St,New York,Manhattan,10002,NEW YORK,NY,40.718224,-73.994003
1621499,Avenue A Deli & Grill Corp,Convenience Store,123 Avenue A,New York,Manhattan,10009,NEW YORK,NY,40.726566,-73.983345
1630300,Fresh Bites Marketplace Inc.,Convenience Store,2280 Broadway,New York,Manhattan,10024,NEW YORK,NY,40.78577,-73.978333
1627663,Citrus Fruits Inc,Specialty Store,354 Roebling St,Brooklyn,Brooklyn,11211,KINGS,NY,40.707672,-73.961334
1623041,Lic Deli & Convenience LLC,Convenience Store,3136 14th St,Astoria,Queens,11106,QUEENS,NY,40.767353,-73.932938
1627238,Santana Grocery Deli Corp,Grocery Store,2001 White Plains Rd,Bronx,Bronx,10462,BRONX,NY,40.849945,-73.868027
1427282,Bay Parkway Mini Mart Inc,Convenience Store,2204 86th St,Brooklyn,Brooklyn,11214,KINGS,NY,40.601662,-73.993698
960130,Mata E Cana Deli Grocery,Convenience Store,911 E 156th St,Bronx,Bronx,10455,BRONX,NY,40.817024,-73.900925
1627787,La Flota #1 Deli Grocery Corp,Convenience Store,663 Melrose Ave,Bronx,Bronx,10455,BRONX,NY,40.818829,-73.916702
1642044,C Town Franchise Corp,Grocery Store,531 Blake Ave,Brooklyn,Brooklyn,11207,KINGS,NY,40.667286,-73.899338
1655100,Take & Go Deli Market Corp,Convenience Store,182 Hoyt St,Brooklyn,Brooklyn,11217,KINGS,NY,40.684757,-73.989166
1630302,Aidas Deli Grocery Corp Bronx,Convenience Store,3945 Carpenter Ave,Bronx,Bronx,10466,BRONX,NY,40.887966,-73.863899
1622466,Mat-G African Market,Convenience Store,3411A Boston Rd,Bronx,Bronx,10469,BRONX,NY,40.875858,-73.850357
1637483,JN Licey Food Market Corp,Convenience Store,200 Jamaica Ave,Brooklyn,Brooklyn,11207,KINGS,NY,40.680305,-73.892654
1624924,Msa Grocery N Halal Meat Corp,Grocery Store,612 Manor Rd,Staten Island,Staten Island,10314,RICHMOND,NY,40.612381,-74.122505
1641556,Pure Deli Corp,Convenience Store,740 Broadway,Brooklyn,Brooklyn,11206,KINGS,NY,40.700817,-73.942329
1661659,Golden Delicious Deli Grocery Inc,Convenience Store,3744 29th St,Long Island City,Queens,11101,QUEENS,NY,40.755341,-73.933182
1624098,Sand Lane Drugs,Convenience Store,337 Sand Ln,Staten Island,Staten Island,10305,RICHMOND,NY,40.59169,-74.067513
1624365,A & M Bagels And Deli Inc.,Convenience Store,114 Lincoln Ave,Staten Island,Staten Island,10306,RICHMOND,NY,40.579308,-74.108757
1625894,Brown Suga Snacks Inc.,Convenience Store,702 Evergreen Ave,Brooklyn,Brooklyn,11207,KINGS,NY,40.687508,-73.910835
971432,E Flying Eagle Corp DBA Izzy's Gourmet Deli,Convenience Store,3001 Westchester Ave,Bronx,Bronx,10461,BRONX,NY,40.847321,-73.832191
1619605,First Stop Deli And Grocery Inc,Convenience Store,13202 Liberty Ave,South Richmond Hill,Queens,11419,QUEENS,NY,40.690556,-73.813866
1618157,Island Mini Market Deli Inc.,Convenience Store,2031 Forest Ave,Staten Island,Staten Island,10303,RICHMOND,NY,40.626263,-74.157074
1627453,New Polo Deli & Grocery Inc,Convenience Store,25132 Northern Blvd,Little Neck,Queens,11362,QUEENS,NY,40.769073,-73.736702
938031,St Johns Fruit & Vegetable,Grocery Store,1426 Saint Johns Pl,Brooklyn,Brooklyn,11213,KINGS,NY,40.670452,-73.931252
1618371,Las Twins Minimarket Corp,Grocery Store,847 Knickerbocker Ave,Brooklyn,Brooklyn,11207,KINGS,NY,40.691853,-73.905884
1627846,Castel Express Gourmet Deli Inc,Convenience Store,2170 Westchester Ave,Bronx,Bronx,10462,BRONX,NY,40.834019,-73.851936
1627089,Cityline Pharmacy Corp,Convenience Store,511 Cortelyou Rd,Brooklyn,Brooklyn,11218,KINGS,NY,40.63855,-73.974159
1621943,H&H Deli Grocery I Corp.,Convenience Store,5524 4th Ave,Brooklyn,Brooklyn,11220,KINGS,NY,40.643295,-74.016174
1622936,Park Slope Deli & Variety Inc.,Convenience Store,305 7th Ave,Brooklyn,Brooklyn,11215,KINGS,NY,40.667572,-73.980835
1615926,Ruiqi Market Inc.,Specialty Store,5723 8th Ave,Brooklyn,Brooklyn,11220,KINGS,NY,40.636654,-74.008156
1616014,1818 New York Market Inc,Other,1818 86th St,Brooklyn,Brooklyn,11214,KINGS,NY,40.6068,-74.002197
1624887,Shimmy's Corner,Grocery Store,589 Albany Ave,Brooklyn,Brooklyn,11203,KINGS,NY,40.660316,-73.939682
1618607,Ainara Deli Grocery Corp,Grocery Store,15 Marcy Pl,Bronx,Bronx,10452,BRONX,NY,40.838943,-73.917984
1623567,163 Mp Petroleum Llc,Convenience Store,481 E 163rd St,Bronx,Bronx,10451,BRONX,NY,40.824993,-73.910019
1625104,Shore Deli Grocery Corporation,Convenience Store,104 W End Ave,Brooklyn,Brooklyn,11235,KINGS,NY,40.579037,-73.953491
1377975,Fruit Dynasty,Grocery Store,259 Brighton Beach Ave,Brooklyn,Brooklyn,11235,KINGS,NY,40.576977,-73.965279
1626872,Madison Deli & Grill Ny Corp,Convenience Store,383 Nostrand Ave,Brooklyn,Brooklyn,11216,KINGS,NY,40.684639,-73.950287
1627825,Al Baraka Super Market,Grocery Store,1249 Fulton St,Brooklyn,Brooklyn,11216,KINGS,NY,40.680645,-73.951523
1621321,Pitkin Fine Market Corp.,Convenience Store,2689 Pitkin Ave,Brooklyn,Brooklyn,11208,KINGS,NY,40.6754,-73.872833
1658085,Wise Deli & Grill I,Convenience Store,821 Franklin Ave,Brooklyn,Brooklyn,11225,KINGS,NY,40.67017,-73.958
1623150,86st Deli And Grocery Corp.,Convenience Store,8612 4th Ave,Brooklyn,Brooklyn,11209,KINGS,NY,40.622509,-74.028687
1102941,Deli By The Sea Inc,Convenience Store,9706 Rockaway Beach Blvd,Rockaway Beach,Queens,11693,QUEENS,NY,40.584919,-73.819145
1620246,Kingdome Fish Market Corp,Specialty Store,29 Lenox Ave,New York,Manhattan,10026,NEW YORK,NY,40.799351,-73.951981
1620591,Favorite Convenience LLC,Convenience Store,6904 11th Ave,Brooklyn,Brooklyn,11228,KINGS,NY,40.62632,-74.00856
1498306,Blue Ribbon,Grocery Store,1308 Avenue J,Brooklyn,Brooklyn,11230,KINGS,NY,40.624893,-73.962921
1624676,Beile Grocery Inc,Other,6110 20th Ave,Brooklyn,Brooklyn,11204,KINGS,NY,40.618629,-73.983887
1618834,Organic Deli 2 Inc,Convenience Store,550 Trinity Ave,Bronx,Bronx,10455,BRONX,NY,40.813774,-73.909752
1626219,Amenazel Halal Market,Grocery Store,744 Allerton Ave,Bronx,Bronx,10467,BRONX,NY,40.865318,-73.865669
1624242,Jay Goga 103 Inc,Convenience Store,10301 Astoria Blvd,East Elmhurst,Queens,11369,QUEENS,NY,40.76162,-73.865959
1618368,Bj Pizza & Deli Inc,Convenience Store,374 8th Ave,New York,Manhattan,10001,NEW YORK,NY,40.748806,-73.99572
1627385,Al-Rehman Grocery & Halal Meat Inc.,Grocery Store,1059 Allerton Ave,Bronx,Bronx,10469,BRONX,NY,40.865631,-73.857231
1619252,10 Days Grocery Corp,Convenience Store,459 Brook Ave,Bronx,Bronx,10455,BRONX,NY,40.81266,-73.916451
1625315,1 Astoria Foods Inc.,Convenience Store,2217 Astoria Blvd,Astoria,Queens,11102,QUEENS,NY,40.771935,-73.924515
1616090,Mayar Deli Corp.,Convenience Store,911 E 107th St,Brooklyn,Brooklyn,11236,KINGS,NY,40.648434,-73.892471
1628067,JFK Deli Grocery,Convenience Store,18413 140th Ave,Springfield Gardens,Queens,11413,QUEENS,NY,40.672554,-73.759972
966557,Guy R Brewer Deli & Grocery Corp,Convenience Store,11827 Guy r Brewer Blvd,Jamaica,Queens,11434,QUEENS,NY,40.682907,-73.782181
1620595,Feras Gourmet Deli Corp,Convenience Store,945 Flatbush Ave,Brooklyn,Brooklyn,11226,KINGS,NY,40.648651,-73.958107
1623551,Mana Deli & Grocery Corp.,Grocery Store,1680 Gleason Ave,Bronx,Bronx,10472,BRONX,NY,40.829128,-73.871246
1626905,Levit Hospitality Inc. DBA Real Polish Delicatesse,Convenience Store,321 Church Ave,Brooklyn,Brooklyn,11218,KINGS,NY,40.64397,-73.977013
1630394,Hui Feng Group Inc.,Grocery Store,5217 8th Ave,Brooklyn,Brooklyn,11220,KINGS,NY,40.639538,-74.00515
1629008,PEREZ GROCERY,Convenience Store,6304 4th Ave,Brooklyn,Brooklyn,11220,KINGS,NY,40.639042,-74.020607
1624003,Queens Organic Deli 1 Incorporated,Convenience Store,8428 164th St,Jamaica,Queens,11432,QUEENS,NY,40.714481,-73.802635
1624763,A Y Family Grocery Inc,Convenience Store,17020 Jamaica Ave,Jamaica,Queens,11432,QUEENS,NY,40.707249,-73.788948
1623211,4453 Mini Market Sanchez Corporation,Grocery Store,4453 Broadway,New York,Manhattan,10040,NEW YORK,NY,40.857101,-73.932663
1619899,Triple Star Deli Inc,Convenience Store,145-20 243rd St,Rosedale,Queens,11422,QUEENS,NY,40.659256,-73.740341
1622865,Lolfresh Market Inc,Grocery Store,5914 Fort Hamilton Pkwy,Brooklyn,Brooklyn,11219,KINGS,NY,40.633389,-74.005417
1622286,College Point Deli Corp 1,Convenience Store,6-23 College Point Blvd,College Point,Queens,11356,QUEENS,NY,40.790951,-73.845367
1621533,Lucas Deli And Grocery Corp.,Convenience Store,4920 Avenue K,Brooklyn,Brooklyn,11234,KINGS,NY,40.625675,-73.927887
1622902,World Goods Llc,Grocery Store,3465 Boston Rd,Bronx,Bronx,10469,BRONX,NY,40.876698,-73.847931
1662725,Eat In Deli Gourmet Corp,Convenience Store,1223 Surf Ave,Brooklyn,Brooklyn,11224,KINGS,NY,40.575748,-73.980469
1626877,Julian Grocery Corp,Grocery Store,143 W Burnside Ave,Bronx,Bronx,10453,BRONX,NY,40.854034,-73.914452
1627064,Mexicana Deli Grocery Corp,Grocery Store,339 E 204th St,Bronx,Bronx,10467,BRONX,NY,40.872334,-73.877754
1517949,901 Fresh Deli Corporation,Convenience Store,901 Columbus Ave,New York,Manhattan,10025,NEW YORK,NY,40.797977,-73.96357
1624429,3801 10th Ave Deli Market Corp.,Convenience Store,3801 10th Ave,New York,Manhattan,10034,NEW YORK,NY,40.862198,-73.920372
1609563,Delicious Deli I Corp,Convenience Store,43 Catherine St,New York,Manhattan,10038,NEW YORK,NY,40.712021,-73.996811
1525077,Chopcheese Deli 4 Corp,Convenience Store,3661 Broadway,New York,Manhattan,10031,NEW YORK,NY,40.830418,-73.947861
1514631,277 Top Deli Corporation,Grocery Store,277 Sutter Ave,Brooklyn,Brooklyn,11212,KINGS,NY,40.667328,-73.909798
1618630,Kings Highway Deli And Grill 1 Inc.,Convenience Store,9424 Kings Hwy,Brooklyn,Brooklyn,11212,KINGS,NY,40.658451,-73.920326
1623466,Plaza Convenience Store Inc,Convenience Store,13 Newkirk Plz,Brooklyn,Brooklyn,11226,KINGS,NY,40.63504,-73.962631
1624866,San Vicente Gourmet Deli Inc,Convenience Store,3078 Coney Island Ave,Brooklyn,Brooklyn,11235,KINGS,NY,40.581032,-73.960068
1640130,Graham Garden,Convenience Store,359 Graham Ave,Brooklyn,Brooklyn,11211,KINGS,NY,40.71534,-73.944679
1646415,Grill & Greens Inc.,Convenience Store,309 7th Ave,Brooklyn,Brooklyn,11215,KINGS,NY,40.667358,-73.981018
1624403,Noho Food Market,Convenience Store,352 Bowery,New York,Manhattan,10012,NEW YORK,NY,40.726753,-73.991898
1627129,Wape Market,Convenience Store,40-43 Junction Blvd,Corona,Queens,11368,QUEENS,NY,40.748081,-73.868584
1621296,Jaren Deli Grocery #2 Corp,Convenience Store,284 Willoughby Ave,Brooklyn,Brooklyn,11205,KINGS,NY,40.692455,-73.959694
1628042,1454 Mc Deli Grocery Corp.,Convenience Store,1454 Grand Concourse,Bronx,Bronx,10457,BRONX,NY,40.839806,-73.912773
1633743,Yll Grocery Inc,Grocery Store,1729 Bath Ave,Brooklyn,Brooklyn,11214,KINGS,NY,40.60474,-74.007301
1314687,Lalu Grocery 594 Ny Inc,Convenience Store,594 Columbus Ave,New York,Manhattan,10024,NEW YORK,NY,40.788372,-73.971039
1648542,Apple Eats Corp,Grocery Store,230 Bushwick Ave,Brooklyn,Brooklyn,11206,KINGS,NY,40.707844,-73.940025
1635955,Healthy Choice Ny Inc,Convenience Store,545 Central Ave,Brooklyn,Brooklyn,11207,KINGS,NY,40.690189,-73.911018
1632778,Mgb Gourmet Deli Inc. 1,Convenience Store,15 Marcus Garvey Blvd,Brooklyn,Brooklyn,11206,KINGS,NY,40.699444,-73.941177
1645585,Brooklyn To Go Deli Inc,Convenience Store,1680 Rockaway Pkwy,Brooklyn,Brooklyn,11236,KINGS,NY,40.64019,-73.897026
1641442,Tonys Gril And Deli Corp,Convenience Store,146 Graham Ave,Brooklyn,Brooklyn,11206,KINGS,NY,40.706429,-73.942894
1648455,Los Cuatro Hermanos Grocery Inc,Convenience Store,740 E 149th St,Bronx,Bronx,10455,BRONX,NY,40.812946,-73.908386
1641074,703 Habibi Halal Deli Inc 1,Convenience Store,703 Southern Blvd,Bronx,Bronx,10455,BRONX,NY,40.813782,-73.899147
1645950,2831 Flavor Taste Corp,Other,2831 3rd Ave,Bronx,Bronx,10455,BRONX,NY,40.815914,-73.918221
1637967,F&N Bruekelen Deli,Convenience Store,10319 Glenwood Rd,Brooklyn,Brooklyn,11236,KINGS,NY,40.648514,-73.897408
1648445,543 North Deli Grocery Inc,Convenience Store,543 Southern Blvd,Bronx,Bronx,10455,BRONX,NY,40.812366,-73.903931
1637640,Essential Tokyo Market Inc.,Grocery Store,11108 Queens Blvd,Forest Hills,Queens,11375,QUEENS,NY,40.718273,-73.837585
1661379,Queens Kosher Pita,Specialty Store,6834 Main St,Flushing,Queens,11367,QUEENS,NY,40.732368,-73.825043
1643676,Veg Barn,Specialty Store,4201 Main St,Flushing,Queens,11355,QUEENS,NY,40.755322,-73.828041
1621435,Dyckman Grocery & Candy Corp 1,Convenience Store,100 Dyckman St,New York,Manhattan,10040,NEW YORK,NY,40.861729,-73.925049
1624119,7 Eleven Store #39436c,Convenience Store,15 Page Ave,Staten Island,Staten Island,10309,RICHMOND,NY,40.524185,-74.234344
1618299,Mi Rinconcito Deli Inc.,Convenience Store,112 Nagle Ave,New York,Manhattan,10040,NEW YORK,NY,40.860928,-73.927048
1642531,Riverside Marketplace,Convenience Store,5 Blue Slip,Brooklyn,Brooklyn,11222,KINGS,NY,40.736214,-73.959229
1643183,Carniceria Rosario,Convenience Store,2344 86th St,Brooklyn,Brooklyn,11214,KINGS,NY,40.599789,-73.990593
1642638,Noodles Kingdom Of Flatbush Corporation,Grocery Store,621 Flatbush Ave,Brooklyn,Brooklyn,11225,KINGS,NY,40.658207,-73.960274
1631810,Zee Deli And Grocery Inc.,Convenience Store,211 Avenue M,Brooklyn,Brooklyn,11230,KINGS,NY,40.616722,-73.972946
1650412,Apna Supper Market Inc,Grocery Store,980 Coney Island Ave,Brooklyn,Brooklyn,11230,KINGS,NY,40.633553,-73.967331
1353037,Rivera Deli Corp,Grocery Store,400 Soundview Ave,Bronx,Bronx,10473,BRONX,NY,40.813446,-73.857773
1650436,Alsadi Meat Halal & Grocery Corp.,Other,1883 White Plains Rd,Bronx,Bronx,10462,BRONX,NY,40.847141,-73.86702
1622642,One Bite Deli Corp 1,Convenience Store,1002 Beach 20th St,Far Rockaway,Queens,11691,QUEENS,NY,40.602386,-73.753197
1646516,97 Organic Deli Corp,Convenience Store,97 Franklin St,Brooklyn,Brooklyn,11222,KINGS,NY,40.729279,-73.957634
1643123,Kew Deli & Cafe Corp,Convenience Store,8107 Kew Gardens Rd,Kew Gardens,Queens,11415,QUEENS,NY,40.712997,-73.829674
1630261,Fu Yun Grocery Inc,Convenience Store,48 Eldridge St,New York,Manhattan,10002,NEW YORK,NY,40.715973,-73.992973
1641346,Sunugal 99c Plus Inc,Convenience Store,2447 Frederick Douglass Blvd,New York,Manhattan,10027,NEW YORK,NY,40.814144,-73.948509
1641032,Encanto Mexicano NO,Convenience Store,500 W 135th St,New York,Manhattan,10031,NEW YORK,NY,40.818897,-73.952637
1641135,Mr. Carrot,Grocery Store,1567 Fulton St,Brooklyn,Brooklyn,11216,KINGS,NY,40.679928,-73.938599
1358020,AMG 11,Convenience Store,13430 Atlantic Ave,South Richmond Hill,Queens,11419,QUEENS,NY,40.697109,-73.814262
1634442,Anthonys Deli Grocery & Grill Corp,Convenience Store,10819 101st Ave,South Richmond Hill,Queens,11419,QUEENS,NY,40.687584,-73.834831
1641278,Yaya Deli Express Corp,Convenience Store,212 Utica Ave,Brooklyn,Brooklyn,11213,KINGS,NY,40.671677,-73.931
1650443,Ad Halal Meat Corp.,Specialty Store,130-04 101 Avenue,S. Richmond Hills,Queens,11419,QUEENS,NY,40.692448,-73.81678
1640290,Mr Grocery & Beer Inc,Convenience Store,164 Irving Ave,Brooklyn,Brooklyn,11237,KINGS,NY,40.702118,-73.920036
1643399,Ocean King Ny Inc.,Grocery Store,1580 Fulton St,Brooklyn,Brooklyn,11213,KINGS,NY,40.679626,-73.937561
1628353,Utica Deli Corner Inc,Convenience Store,240 Utica Ave,Brooklyn,Brooklyn,11213,KINGS,NY,40.670364,-73.931114
1640104,Las Mesetas Grocery Corp,Convenience Store,139 Saint Nicholas Ave,Brooklyn,Brooklyn,11237,KINGS,NY,40.705177,-73.917366
1649387,Kanz Deli Corp,Convenience Store,1492 Park Pl,Brooklyn,Brooklyn,11213,KINGS,NY,40.672092,-73.927734
1630118,Adam Mini Market,Convenience Store,3-3 27th Ave,Astoria,Queens,11102,QUEENS,NY,40.775631,-73.936043
1650805,Mike & J Candy Grocery Corp,Convenience Store,872 Hunts Point Ave,Bronx,Bronx,10474,BRONX,NY,40.818867,-73.889099
1633747,Zhang 168,Grocery Store,816A 56th St,Brooklyn,Brooklyn,11220,KINGS,NY,40.63744,-74.006935
1648817,Colonial Deli Inc,Convenience Store,125 Bay Ridge Ave,Brooklyn,Brooklyn,11220,KINGS,NY,40.637383,-74.030983
1645038,Keyry Bridge Food Corp,Convenience Store,81 Pulaski St,Brooklyn,Brooklyn,11206,KINGS,NY,40.692581,-73.948364
1627754,Suave Deli Grocery Inc,Convenience Store,794 Courtlandt Avenue,Bronx,Bronx,10451,BRONX,NY,40.822651,-73.916527
1627610,Casa Fresh,Grocery Store,720 E Tremont Ave,Bronx,Bronx,10457,BRONX,NY,40.844921,-73.890404
1637587,Gfj Deli Foods Llc,Grocery Store,588 Morris Ave,Bronx,Bronx,10451,BRONX,NY,40.818295,-73.92218
1649941,Express Deli Grill I Corp.,Convenience Store,100 Stuyvesant Pl,Staten Island,Staten Island,10301,RICHMOND,NY,40.643806,-74.077667
1641223,Alexander Sutphin Mini Market Corp,Convenience Store,12105 Sutphin Blvd,Jamaica,Queens,11434,QUEENS,NY,40.677166,-73.790733
1612034,Last Stop 3 Deli Grocery Corp,Convenience Store,909 Livonia Ave,Brooklyn,Brooklyn,11207,KINGS,NY,40.66647,-73.883362
1633632,855 Knickerbocker Ave I Corp.,Convenience Store,855 Knickerbocker Ave,Brooklyn,Brooklyn,11207,KINGS,NY,40.691723,-73.905647
1647379,FATBOYZ DELI & GRILL,Convenience Store,11312 Springfield Blvd,Queens Village,Queens,11429,QUEENS,NY,40.703617,-73.740654
1633180,Apni Pharmacy Corp,Convenience Store,211 Neptune Ave,Brooklyn,Brooklyn,11235,KINGS,NY,40.581791,-73.961388
1634455,Soutra Afrocentric Market Inc,Other,108 W 116th St,New York,Manhattan,10026,NEW YORK,NY,40.802193,-73.950516
1630243,N & N Gourmet Deli Inc,Convenience Store,2844 Frederick Douglass Blvd,New York,Manhattan,10039,NEW YORK,NY,40.826408,-73.939095
1626989,Local Mini Mart Corp.,Convenience Store,250 Livonia Ave,Brooklyn,Brooklyn,11212,KINGS,NY,40.662395,-73.908577
1633911,Bakar Prime Butcher,Specialty Store,707 Avenue U,Brooklyn,Brooklyn,11223,KINGS,NY,40.59816,-73.963768
1634811,La Patrona Deli,Convenience Store,6 Decker Ave,Staten Island,Staten Island,10302,RICHMOND,NY,40.63195,-74.133171
1512990,Bebe Deli Grocery,Grocery Store,3118 Bailey Ave,Bronx,Bronx,10463,BRONX,NY,40.878372,-73.901878
1620267,Healthy Bites Market Corp,Convenience Store,4300 Beach Channel Dr,Far Rockaway,Queens,11691,QUEENS,NY,40.595844,-73.775002
1626333,Gram Bangla Supermarket Inc,Grocery Store,20412 Hillside Ave,Hollis,Queens,11423,QUEENS,NY,40.720383,-73.76059
1632629,Food Story Natural Market Inc.,Other,40 Bogart St,Brooklyn,Brooklyn,11206,KINGS,NY,40.704964,-73.933075
1628590,Evergreen Marketplace Corporation,Grocery Store,5603 Center Blvd,Long Island City,Queens,11101,QUEENS,NY,40.739498,-73.961464
1636320,Fulton King Deli Corp,Convenience Store,3 Rochester Ave,Brooklyn,Brooklyn,11233,KINGS,NY,40.67902,-73.927231
1631529,La Cibaena Food Center Inc,Grocery Store,1560 Saint Nicholas Ave,New York,Manhattan,10040,NEW YORK,NY,40.853497,-73.930458
1635589,The Meat Market Nyc Corp,Grocery Store,16110 Crossbay Blvd,Howard Beach,Queens,11414,QUEENS,NY,40.655392,-73.83934
1631111,Vinanzaca Fresh Market Corp,Grocery Store,4730 Junction Blvd,Corona,Queens,11368,QUEENS,NY,40.742435,-73.867599
1632419,EZ Deli Corporation,Convenience Store,772 Blake Ave,Brooklyn,Brooklyn,11207,KINGS,NY,40.668446,-73.889999
1631768,Pitkin One Deli Corp,Convenience Store,2365 Pitkin Ave,Brooklyn,Brooklyn,11207,KINGS,NY,40.673611,-73.885201
1633827,Charro Deli Grocery Corp,Convenience Store,1789 Linden Blvd,Brooklyn,Brooklyn,11207,KINGS,NY,40.658047,-73.896347
1604293,Yafa The Organic Blend Cafe Corp.,Other,887 Fulton St,Brooklyn,Brooklyn,11238,KINGS,NY,40.683777,-73.967682
1631588,Tavares Mini Market,Convenience Store,66 Hendrix St,Brooklyn,Brooklyn,11207,KINGS,NY,40.680752,-73.891556
1652663,Joy Market,Other,3416 Union St,Flushing,Queens,11354,QUEENS,NY,40.766399,-73.827728
1645813,VA Grocery And Deli Corp,Convenience Store,207 Hull St,Brooklyn,Brooklyn,11233,KINGS,NY,40.679955,-73.908279
1650743,The Butcherblock,Grocery Store,4346 41st St,Sunnyside,Queens,11104,QUEENS,NY,40.744141,-73.92337
1624722,Express Star Deli Corp,Convenience Store,21457 Jamaica Ave,Queens Village,Queens,11428,QUEENS,NY,40.716991,-73.741905
1633168,Double A Deli Corp,Convenience Store,1634 Eastern Pkwy,Brooklyn,Brooklyn,11233,KINGS,NY,40.671761,-73.913979
1378400,Kingsbridge Deli Corp,Grocery Store,69 W Kingsbridge Rd,Bronx,Bronx,10468,BRONX,NY,40.868237,-73.900162
1624139,Creston Convenience & More,Convenience Store,2449 Creston Ave,Bronx,Bronx,10468,BRONX,NY,40.86161,-73.898911
1633556,Brighton 5th Deli & Juice Incorporated,Convenience Store,502 Brighton Beach Ave,Brooklyn,Brooklyn,11235,KINGS,NY,40.57729,-73.962196
1634462,E19 Deli & Grocery Inc.,Convenience Store,1906 Avenue y,Brooklyn,Brooklyn,11235,KINGS,NY,40.590401,-73.950775
1630334,Jamao Mini Market Inc.,Convenience Store,13345 131st St,South Ozone Park,Queens,11420,QUEENS,NY,40.668037,-73.807762
1633726,J & R III Meat Market & Deli Corp,Grocery Store,1212 Grant Ave,Bronx,Bronx,10456,BRONX,NY,40.833794,-73.914619
1632433,Kwik Trip Inc,Convenience Store,2924A Hoyt Ave S,Astoria,Queens,11102,QUEENS,NY,40.770515,-73.918137
1631838,Owen Grill Corp,Convenience Store,409 Saratoga Ave,Brooklyn,Brooklyn,11233,KINGS,NY,40.671822,-73.916779
1631463,34-61 Deli Corp,Convenience Store,3461 Junction Blvd,Jackson Heights,Queens,11372,QUEENS,NY,40.753475,-73.871674
1624340,Mikes Deli,Convenience Store,9510 4th Ave,Brooklyn,Brooklyn,11209,KINGS,NY,40.615795,-74.031433
1453976,AAA Gourmet Deli & Grocery Inc,Convenience Store,2059 2nd Ave,New York,Manhattan,10029,NEW YORK,NY,40.790531,-73.942863
1624229,Sahara Mini Market Corp,Convenience Store,172 South Ave,Staten Island,Staten Island,10303,RICHMOND,NY,40.63575,-74.166321
1621910,Royal Crown Deli Inc,Convenience Store,1410 Richmond Ter,Staten Island,Staten Island,10310,RICHMOND,NY,40.641663,-74.115639
1627207,Nunez Mini Mart Corp,Grocery Store,481 E 180th St,Bronx,Bronx,10457,BRONX,NY,40.851543,-73.895363
1382368,Felo Deli Grocery Corp,Convenience Store,23 W 100th St,New York,Manhattan,10025,NEW YORK,NY,40.794693,-73.963997
1631195,Alexander's Bagel & Sandwich Corp,Convenience Store,3436 Broadway,New York,Manhattan,10031,NEW YORK,NY,40.823006,-73.952629
1624671,Loyal Meat Store,Specialty Store,5912 Fort Hamilton Pkwy,Brooklyn,Brooklyn,11219,KINGS,NY,40.633427,-74.005363
1622155,Mac Deli Grocery & Grill Inc.,Convenience Store,9717 Kings Hwy,Brooklyn,Brooklyn,11212,KINGS,NY,40.661739,-73.919891
1622118,New Charlie Mini Market Inc.,Convenience Store,424 Sutter Ave,Brooklyn,Brooklyn,11212,KINGS,NY,40.668098,-73.903107
1624862,7 Eleven Store #39885a,Convenience Store,14812 Rockaway Blvd,Jamaica,Queens,11436,QUEENS,NY,40.673172,-73.789421
1625064,Haron Deli Grocery,Convenience Store,14007 Rockaway Blvd,Jamaica,Queens,11436,QUEENS,NY,40.674427,-73.800392
1630585,Soliman Delicious Deli Corp,Convenience Store,201 2nd Ave,New York,Manhattan,10003,NEW YORK,NY,40.731457,-73.985847
1630971,Lafayette Corner Spot,Convenience Store,107b Lafayette St,New York,Manhattan,10013,NEW YORK,NY,40.717949,-74.000778
1632291,Habibi Halal Deli Inc. 1,Convenience Store,393 Malcolm X Blvd,New York,Manhattan,10027,NEW YORK,NY,40.810837,-73.94342
1625346,Mo's Deli And Organic Market,Convenience Store,5405 99th St,Corona,Queens,11368,QUEENS,NY,40.739498,-73.860474
1632590,Infante Grocery,Grocery Store,342 Jefferson St,Brooklyn,Brooklyn,11237,KINGS,NY,40.705051,-73.925385
1621792,350 Deli & Market Inc,Convenience Store,350 Irving Ave,Brooklyn,Brooklyn,11237,KINGS,NY,40.697834,-73.912521
1628439,Mini Market La Bodeguita Alex Corp.,Convenience Store,102 5 A 32 Avenue,East Elmhurst,Queens,11369,QUEENS,NY,40.758877,-73.871704
1627467,Alrayan Supermarket Corp,Grocery Store,22026 Hempstead Ave,Queens Village,Queens,11429,QUEENS,NY,40.71246,-73.7332
1630547,The Metro D Delicatessen N/A,Other,2231 Grand Concourse,Bronx,Bronx,10453,BRONX,NY,40.856255,-73.901047
1627907,El Veci Deli Grocery Corp,Other,108-06 39th Avenue,Corona,Queens,11368,QUEENS,NY,40.751511,-73.858902
955276,Dyckman Deals Inc,Grocery Store,116A Dyckman St,New York,Manhattan,10040,NEW YORK,NY,40.862064,-73.925117
1624705,New Max Gourmet Corp.,Convenience Store,10201 Jamaica Ave,Richmond Hill,Queens,11418,QUEENS,NY,40.695297,-73.845253
1615628,Loyal Livonia Deli Corp,Convenience Store,571 Van Siclen Ave,Brooklyn,Brooklyn,11207,KINGS,NY,40.665474,-73.888336
1631421,Walgreens 14404,Other,1657 Broadway,New York,Manhattan,10019,NEW YORK,NY,40.762569,-73.983528
1623690,S & T Deli Food Corp,Grocery Store,512 Van Siclen Ave,Brooklyn,Brooklyn,11207,KINGS,NY,40.666985,-73.888992
1625415,90 St Goormet Deli Inc.,Convenience Store,3920 Queens Blvd,Sunnyside,Queens,11104,QUEENS,NY,40.74366,-73.925423
1625925,Savory Bites Deli Inc.,Convenience Store,717 W 181st St,New York,Manhattan,10033,NEW YORK,NY,40.850521,-73.936417
1627404,4 Brothers Convenience Store,Convenience Store,322 Grand Concourse,Bronx,Bronx,10451,BRONX,NY,40.814625,-73.928741
1626456,Tonys Market Corp,Convenience Store,175 Richards St,Brooklyn,Brooklyn,11231,KINGS,NY,40.676052,-74.011581
1625672,Bam Mart Inc,Convenience Store,327 Grand St,New York,Manhattan,10002,NEW YORK,NY,40.71703,-73.990486
1621492,Hempstead S Convenience Corp,Convenience Store,22010 Hempstead Ave,Queens Village,Queens,11429,QUEENS,NY,40.712589,-73.733734
1623445,136 Grocery Inc,Convenience Store,13533 Springfield Blvd,Springfield Gardens,Queens,11413,QUEENS,NY,40.677925,-73.754517
1633187,Fantasy 188 Deli Grocery Corp,Convenience Store,346 E 188th St,Bronx,Bronx,10458,BRONX,NY,40.860229,-73.894241
1614408,Samy 194 Candy Grocery Corp,Convenience Store,341 E 194th St,Bronx,Bronx,10458,BRONX,NY,40.864128,-73.89109
1615117,Jerika DNJ Grocery Corp,Convenience Store,212 Ralph Avenue,Brooklyn,Brooklyn,11233,KINGS,NY,40.682453,-73.922768
1657541,Blueberry Deli Grocery Corp,Convenience Store,1368 Loring Ave,Brooklyn,Brooklyn,11208,KINGS,NY,40.667873,-73.860985
1626952,Peghe's Deli & Grocery Inc.,Convenience Store,3273 Westchester Ave,Bronx,Bronx,10461,BRONX,NY,40.852806,-73.827774
1652599,401 New York Deli Corp,Other,401 Schenectady Ave,Brooklyn,Brooklyn,11213,KINGS,NY,40.663998,-73.934204
1625931,Divyam Inc,Convenience Store,21515 39th Ave,Bayside,Queens,11361,QUEENS,NY,40.766037,-73.768448
1626357,Las Palmeras Deli Grocery Corp,Grocery Store,2083 Amsterdam Ave,New York,Manhattan,10032,NEW YORK,NY,40.836594,-73.939079
1332009,U & A Mini Mart L L C,Convenience Store,9627 Avenue L,Brooklyn,Brooklyn,11236,KINGS,NY,40.638756,-73.895432
1624595,Convenience On Concourse Inc 1,Convenience Store,1398 Grand Concourse,Bronx,Bronx,10456,BRONX,NY,40.838364,-73.913589
1637738,Macombs 1 Deli Grocery Inc,Other,67 Macombs Pl,New York,Manhattan,10039,NEW YORK,NY,40.826977,-73.937515
1623506,710 Quick Stop Inc,Convenience Store,710 2nd Ave,New York,Manhattan,10016,NEW YORK,NY,40.74736,-73.973785
1654028,Good Time Vibes Corp,Other,2803 Mermaid Ave,Brooklyn,Brooklyn,11224,KINGS,NY,40.57568,-73.994553
1649817,Bani L 27 Corp,Convenience Store,184 Sherman Ave,New York,Manhattan,10034,NEW YORK,NY,40.865185,-73.921852
1049083,Papa Pasquale Ravioli & Pasta Co,Convenience Store,7817 15th Ave,Brooklyn,Brooklyn,11228,KINGS,NY,40.61554,-74.005173
1645778,Fresh Start Bodega,Convenience Store,2777 Webster Ave,Bronx,Bronx,10458,BRONX,NY,40.866215,-73.885765
1284857,Sadeq Gourmet,Convenience Store,2664 Grand Concourse,Bronx,Bronx,10458,BRONX,NY,40.866146,-73.893921
1623162,Mini Mart Convenience Inc,Convenience Store,2497 Jerome Ave,Bronx,Bronx,10468,BRONX,NY,40.863739,-73.900398
1652193,Moe Organic Gourmet Corp,Convenience Store,838 E 180th St,Bronx,Bronx,10460,BRONX,NY,40.845657,-73.884087
1626523,Navya 43 Inc,Convenience Store,4320 34th Ave,Long Island City,Queens,11101,QUEENS,NY,40.755142,-73.917877
